box_name,status,matched_box_count,box_ids,current_section_ids,excel_occurrences,first_excel_row
22034,FOUND,1,8002,16254,1,5
20480,FOUND,1,6564,15570,1,6
22000,FOUND,1,7968,16289,1,7
22002,FOUND,1,7970,16290,1,8
21887,FOUND,1,7860,16159,1,9
21964,FOUND,1,7932,16276,1,10
22014,FOUND,1,7982,16289,1,11
22052,FOUND,1,8020,15562,1,12
22008,FOUND,1,7976,16293,1,13
21996,FOUND,1,7964,16264,1,14
22129,FOUND,1,8092,15563,1,15
22140,FOUND,1,8103,16345,1,16
21902,FOUND,1,7875,16254,1,17
20467,FOUND,1,6552,15562,1,18
22053,FOUND,1,8021,16287,1,19
12777,FOUND,1,285,12157,1,20
34007,FOUND,1,14175,17280,1,21
22882,FOUND,1,8824,16564,1,22
22869,FOUND,1,8811,16558,1,23
23105,FOUND,1,9012,16639,1,24
22891,FOUND,1,8833,16562,1,25
22888,FOUND,1,8830,16566,1,26
22881,FOUND,1,8823,16553,1,27
24010,FOUND,1,9873,16775,1,28
27721,FOUND,1,12358,16934,1,29
22832,FOUND,1,8774,16553,1,30
19263,FOUND,1,5673,15061,1,31
36466,FOUND,1,16562,16564,1,32
33993,FOUND,1,14161,17280,1,33
22878,FOUND,1,8820,16558,1,34
22884,FOUND,1,8826,15061,1,35
44824,FOUND,1,23513,15067,1,36
15181,FOUND,1,2576,12157,1,37
43381,FOUND,1,22416,17505,1,38
33998,FOUND,1,14166,17281,1,39
21972,FOUND,1,7940,16270,1,40
22020,FOUND,1,7988,16294,1,41
21906,FOUND,1,7879,16257,1,42
33995,FOUND,1,14163,17281,1,43
21933,FOUND,1,7903,16257,1,44
22145,FOUND,1,8108,15564,1,45
34008,FOUND,1,14176,17287,1,46
34009,FOUND,1,14177,17286,1,47
19276,FOUND,1,5680,15067,1,48
22142,FOUND,1,8105,16293,1,49
21919,FOUND,1,7892,16167,1,50
22071,FOUND,1,8037,16321,1,51
21710,FOUND,1,7689,16150,1,52
23365,FOUND,1,9260,16723,1,53
21895,FOUND,1,7868,16150,1,54
21914,FOUND,1,7887,16111,1,55
21892,FOUND,1,7865,16251,1,56
34004,FOUND,1,14172,17285,1,57
23942,FOUND,1,9807,16723,1,58
44182,FOUND,1,22954,12157,1,59
15905,FOUND,1,3285,12157,1,60
34001,FOUND,1,14169,17285,1,61
23075,FOUND,1,8982,12157,1,62
15262,FOUND,1,2650,12157,1,63
22861,FOUND,1,8803,12157,1,64
33994,FOUND,1,14162,16639,1,65
22021,FOUND,1,7989,16005,1,66
23316,FOUND,1,9212,16677,1,67
22415,FOUND,1,8360,16471,1,68
22420,FOUND,1,8365,16473,1,69
23343,FOUND,1,9238,16713,1,70
23407,FOUND,1,9294,16471,1,71
21990,FOUND,1,7958,16103,1,72
23393,FOUND,1,9286,16466,1,73
22406,FOUND,1,8351,16466,1,74
21413,FOUND,1,7397,16005,1,75
22419,FOUND,1,8364,16472,1,76
23196,FOUND,1,9098,16499,1,77
22450,FOUND,1,8395,16492,1,78
22452,FOUND,1,8397,16492,1,79
17325,FOUND,1,4549,14707,1,80
45663,FOUND,1,28079,12157,1,81
23802,FOUND,1,9667,16752,1,82
23686,FOUND,1,9563,16680,1,83
23376,FOUND,1,9269,16668,1,84
22028,FOUND,1,7996,16298,1,85
23216,FOUND,1,9118,15507,1,86
41706,FOUND,1,21042,17396,1,87
22459,FOUND,1,8404,16496,1,88
23386,FOUND,1,9279,16488,1,89
42643,FOUND,1,21750,12157,1,90
23209,FOUND,1,9111,16476,1,91
23398,FOUND,1,9291,16663,1,92
23282,FOUND,1,9181,16680,1,93
22461,FOUND,1,8406,16496,1,94
22424,FOUND,1,8369,16476,1,95
21563,FOUND,1,7545,16070,1,96
21626,FOUND,1,7608,16096,1,97
21385,FOUND,1,7369,15987,1,98
22392,FOUND,1,8337,16349,1,99
23745,FOUND,1,9611,16623,1,100
13689,FOUND,1,1166,12157,1,101
23246,FOUND,1,9148,16656,1,102
23272,FOUND,1,9174,16674,1,103
23270,FOUND,1,9172,16660,1,104
23253,FOUND,1,9155,16662,1,105
23251,FOUND,1,9153,16660,1,106
23322,FOUND,1,9217,16702,1,107
23297,FOUND,1,9195,16690,1,108
23318,FOUND,1,9214,16674,1,109
22125,FOUND,1,8088,16349,1,110
23684,FOUND,1,9561,16755,1,111
20468,FOUND,1,6553,15477,1,112
20300,FOUND,1,6406,15464,1,113
20232,FOUND,1,6349,15454,1,114
21654,FOUND,1,7635,16066,1,115
21557,FOUND,1,7539,16066,1,116
20249,FOUND,1,6365,15454,1,117
20317,FOUND,1,6422,15488,1,118
22054,FOUND,1,8022,16308,1,119
20225,FOUND,1,6342,15381,1,120
14096,FOUND,1,1549,12157,1,121
60567,FOUND,1,28661,14630,1,122
22061,FOUND,1,8028,14949,1,123
20297,FOUND,1,6403,15477,1,124
18629,FOUND,1,5527,14949,1,125
20320,FOUND,1,6425,15414,1,126
20139,FOUND,1,6268,15411,1,127
16138,FOUND,1,3517,12157,1,128
23710,FOUND,1,9587,16753,1,129
23675,FOUND,1,9552,16753,1,130
23333,FOUND,1,9228,16693,1,131
22397,FOUND,1,8342,15998,1,132
23671,FOUND,1,9548,16675,1,133
23265,FOUND,1,9167,16669,1,134
23660,FOUND,1,9537,16714,1,135
21639,FOUND,1,7621,16101,1,136
21640,FOUND,1,7622,16078,1,137
23801,FOUND,1,9666,16755,1,138
23344,FOUND,1,9239,16714,1,139
22434,FOUND,1,8379,16481,1,140
21401,FOUND,1,7385,15998,1,141
21376,FOUND,1,7360,15979,1,142
21076,FOUND,1,7067,15812,1,143
21160,FOUND,1,7148,15812,1,144
21132,FOUND,1,7121,15843,1,145
21131,FOUND,1,7120,15838,1,146
21150,FOUND,1,7139,15857,1,147
21429,FOUND,1,7412,16018,1,148
21182,FOUND,1,7170,15871,1,149
15232,FOUND,1,2621,12157,1,150
44765,FOUND,1,23454,16182,1,151
17734,FOUND,1,4883,14731,1,152
45338,FOUND,1,23907,17820,1,153
21958,FOUND,1,7926,16275,1,154
45339,FOUND,1,23908,17819,1,155
33956,FOUND,1,14124,15843,1,156
14150,FOUND,1,1603,12157,1,157
36522,FOUND,1,16618,17328,1,158
14073,FOUND,1,1527,12157,1,159
21533,FOUND,1,7516,16053,1,160
21618,FOUND,1,7600,16098,1,161
21412,FOUND,1,7396,16000,1,162
23271,FOUND,1,9173,16673,1,163
21542,FOUND,1,7525,16047,1,164
21965,FOUND,1,7933,16235,1,165
22152,FOUND,1,8115,14675,1,166
21723,FOUND,1,7701,16159,1,167
21694,FOUND,1,7673,16137,1,168
21496,FOUND,1,7479,16016,1,169
21409,FOUND,1,7393,15987,1,170
21405,FOUND,1,7389,16000,1,171
15239,FOUND,1,2628,12157,1,172
21427,FOUND,1,7410,16016,1,173
23692,FOUND,1,9569,16756,1,174
23294,FOUND,1,9192,16687,1,175
23385,FOUND,1,9278,16490,1,176
21411,FOUND,1,7395,15990,1,177
21406,FOUND,1,7390,16001,1,178
23698,FOUND,1,9575,16756,1,179
21604,FOUND,1,7586,15575,1,180
21389,FOUND,1,7373,15990,1,181
21141,FOUND,1,7130,15850,1,182
21534,FOUND,1,7517,15943,1,183
21544,FOUND,1,7527,16056,1,184
21486,FOUND,1,7469,16037,1,185
23687,FOUND,1,9564,16751,1,186
23661,FOUND,1,9538,16749,1,187
23713,FOUND,1,9590,16749,1,188
23669,FOUND,1,9546,16750,1,189
23672,FOUND,1,9549,16750,1,190
22431,FOUND,1,8376,16481,1,191
21572,FOUND,1,7554,16075,1,192
17748,FOUND,1,4895,14732,1,193
23668,FOUND,1,9545,16684,1,194
23682,FOUND,1,9559,16754,1,195
22404,FOUND,1,8349,16464,1,196
23273,FOUND,1,9175,16675,1,197
21375,FOUND,1,7359,15979,1,198
22469,FOUND,1,8414,16502,1,199
41703,FOUND,1,21039,17397,1,200
21603,FOUND,1,7585,16092,1,201
23217,FOUND,1,9119,16648,1,202
21578,FOUND,1,7560,16078,1,203
22422,FOUND,1,8367,16474,1,204
21432,FOUND,1,7415,16019,1,205
21436,FOUND,1,7419,15852,1,206
21143,FOUND,1,7132,15852,1,207
21078,FOUND,1,7069,15814,1,208
21120,FOUND,1,7109,15835,1,209
21517,FOUND,1,7500,16048,1,210
21502,FOUND,1,7485,16010,1,211
21128,FOUND,1,7117,15835,1,212
21154,FOUND,1,7143,15814,1,213
21469,FOUND,1,7452,16029,1,214
21528,FOUND,1,7511,16036,1,215
21485,FOUND,1,7468,16036,1,216
41697,FOUND,1,21033,17388,1,217
21121,FOUND,1,7110,15836,1,218
21545,FOUND,1,7528,16018,1,219
21507,FOUND,1,7490,16044,1,220
15944,FOUND,1,3324,12157,1,221
15294,FOUND,1,2681,12157,1,222
21539,FOUND,1,7522,16057,1,223
21611,FOUND,1,7593,16096,1,224
22417,FOUND,1,8362,16470,1,225
21556,FOUND,1,7538,16065,1,226
14265,FOUND,1,1711,12157,1,227
22423,FOUND,1,8368,16475,1,228
22430,FOUND,1,8375,16480,1,229
21608,FOUND,1,7590,16093,1,230
21605,FOUND,1,7587,16093,1,231
21613,FOUND,1,7595,16097,1,232
20382,FOUND,1,6474,15508,1,233
22414,FOUND,1,8359,16470,1,234
17431,FOUND,1,4618,14709,1,235
22119,FOUND,1,8082,16346,1,236
22399,FOUND,1,8344,16454,1,237
22050,FOUND,1,8018,16312,1,238
22051,FOUND,1,8019,16312,1,239
20478,FOUND,1,6562,15569,1,240
45668,FOUND,1,24193,12157,1,241
22120,FOUND,1,8083,16346,1,242
22139,FOUND,1,8102,16339,1,243
22114,FOUND,1,8077,16342,1,244
22141,FOUND,1,8104,16342,1,245
22063,FOUND,1,8029,16315,1,246
33653,FOUND,1,13880,16315,1,247
22045,FOUND,1,8013,16292,1,248
22046,FOUND,1,8014,16308,1,249
22106,FOUND,1,28715,16339,1,250
22007,FOUND,1,7975,16292,1,251
21399,FOUND,1,7383,15997,1,252
21422,FOUND,1,7405,16012,1,253
21911,FOUND,1,7884,16261,1,254
21493,FOUND,1,7476,16012,1,255
21546,FOUND,1,7529,16050,1,256
21522,FOUND,1,7505,16050,1,257
22267,FOUND,1,8221,16277,1,258
21475,FOUND,1,7458,16032,1,259
21641,FOUND,1,7623,15997,1,260
21543,FOUND,1,7526,16011,1,261
21363,FOUND,1,7347,15968,1,262
21734,FOUND,1,7712,16136,1,263
21637,FOUND,1,7619,15988,1,264
21370,FOUND,1,7354,15974,1,265
21655,FOUND,1,7636,16110,1,266
21653,FOUND,1,7634,15974,1,267
21968,FOUND,1,7936,16110,1,268
33660,FOUND,1,13887,16092,1,269
21387,FOUND,1,7371,15988,1,270
21975,FOUND,1,7943,16280,1,271
15253,FOUND,1,2641,12157,1,272
21883,FOUND,1,7856,16101,1,273
21410,FOUND,1,7394,16004,1,274
21692,FOUND,1,7671,16136,1,275
13082,FOUND,1,576,12157,1,276
22029,FOUND,1,7997,16299,1,277
21531,FOUND,1,7514,16054,1,278
22109,FOUND,1,8072,16311,1,279
21869,FOUND,1,7845,16237,1,280
21396,FOUND,1,7380,15991,1,281
41683,FOUND,1,21019,17387,1,282
22107,FOUND,1,8070,16296,1,283
21390,FOUND,1,7374,15991,1,284
22116,FOUND,1,8079,16344,1,285
22049,FOUND,1,8017,16311,1,286
21362,FOUND,1,7346,15967,1,287
21615,FOUND,1,7597,15967,1,288
22037,FOUND,1,8005,16302,1,289
22130,FOUND,1,8093,16344,1,290
21870,FOUND,1,28709,14950,1,291
26644,FOUND,1,11284,12157,1,292
22246,FOUND,1,8207,16402,1,293
21997,FOUND,1,7965,16287,1,294
22035,FOUND,1,8003,16301,1,295
22149,FOUND,1,8112,15508,1,296
21585,FOUND,1,7567,15975,1,297
21926,FOUND,1,7899,15989,1,298
20384,FOUND,1,6476,14673,1,299
21874,FOUND,1,7848,16117,1,300
16917,FOUND,1,4228,14673,1,301
22427,FOUND,1,8372,16469,1,302
22387,FOUND,1,8332,16458,1,303
22385,FOUND,1,8330,16457,1,304
21388,FOUND,1,7372,15989,1,305
23790,FOUND,1,9656,16661,1,306
23211,FOUND,1,9113,16646,1,307
16394,FOUND,1,3772,12157,1,308
21114,FOUND,1,7103,15831,1,309
21540,FOUND,1,7523,16019,1,310
21501,FOUND,1,7484,16042,1,311
22058,FOUND,1,8026,15980,1,312
21484,FOUND,1,7467,16035,1,313
21149,FOUND,1,7138,15856,1,314
21181,FOUND,1,7169,15870,1,315
21117,FOUND,1,7106,15830,1,316
21476,FOUND,1,7459,15856,1,317
21503,FOUND,1,7486,16035,1,318
21111,FOUND,1,7100,15830,1,319
21423,FOUND,1,7406,16013,1,320
21125,FOUND,1,7114,15840,1,321
21156,FOUND,1,7144,15850,1,322
21510,FOUND,1,7493,16013,1,323
21123,FOUND,1,7112,15838,1,324
13726,FOUND,1,1203,12157,1,325
15250,FOUND,1,2638,12157,1,326
21900,FOUND,1,7873,16253,1,327
14270,FOUND,1,1716,12157,1,328
21490,FOUND,1,7473,16038,1,329
21177,FOUND,1,7165,15867,1,330
21162,FOUND,1,7150,15853,1,331
14284,FOUND,1,1730,12157,1,332
20309,FOUND,1,6414,15484,1,333
21163,FOUND,1,7151,15484,1,334
21183,FOUND,1,7171,15872,1,335
21176,FOUND,1,7164,15866,1,336
21171,FOUND,1,7159,15849,1,337
21144,FOUND,1,7133,15853,1,338
21428,FOUND,1,7411,16017,1,339
21184,FOUND,1,7172,15872,1,340
21106,FOUND,1,7095,15827,1,341
21478,FOUND,1,7461,16033,1,342
21140,FOUND,1,7129,15849,1,343
21500,FOUND,1,7483,16033,1,344
21138,FOUND,1,7127,15847,1,345
21431,FOUND,1,7414,16017,1,346
21124,FOUND,1,7113,15839,1,347
21161,FOUND,1,7149,15827,1,348
42479,FOUND,1,28852,17424,1,349
16465,FOUND,1,3843,12157,1,350
21137,FOUND,1,7126,15846,1,351
21525,FOUND,1,7508,15847,1,352
33642,FOUND,1,13869,15869,1,353
21165,FOUND,1,7153,15862,1,354
21491,FOUND,1,7474,15845,1,355
43160,FOUND,1,28869,17483,1,356
43123,FOUND,1,22191,17469,1,357
45174,FOUND,1,23820,16256,1,358
36506,FOUND,1,16602,17327,1,359
21905,FOUND,1,7878,16256,1,360
43125,FOUND,1,22193,17471,1,361
43148,FOUND,1,28867,17473,1,362
41684,FOUND,1,21020,17387,1,363
43152,FOUND,1,22210,16239,1,364
45335,FOUND,1,23904,17818,1,365
13073,FOUND,1,567,12157,1,366
43162,FOUND,1,22219,17483,1,367
45337,FOUND,1,23906,17819,1,368
16649,FOUND,1,3983,14667,1,369
22196,FOUND,1,8159,16374,1,370
21675,FOUND,1,7655,16104,1,371
21532,FOUND,1,7515,16051,1,372
21148,FOUND,1,7137,15855,1,373
22394,FOUND,1,8339,16462,1,374
13716,FOUND,1,1193,12157,1,375
21676,FOUND,1,7656,16125,1,376
21552,FOUND,1,7534,16061,1,377
21151,FOUND,1,7140,15858,1,378
15968,FOUND,1,3348,12157,1,379
21152,FOUND,1,7141,15851,1,380
21147,FOUND,1,7136,15854,1,381
21728,FOUND,1,7706,16061,1,382
21142,FOUND,1,7131,15851,1,383
21575,FOUND,1,7557,16037,1,384
22161,FOUND,1,8124,15560,1,385
21538,FOUND,1,7521,16056,1,386
21082,FOUND,1,7073,15817,1,387
21145,FOUND,1,7134,15834,1,388
21547,FOUND,1,7530,16057,1,389
21527,FOUND,1,7510,16053,1,390
21119,FOUND,1,7108,15834,1,391
20316,FOUND,1,6421,15487,1,392
20315,FOUND,1,6420,15487,1,393
21122,FOUND,1,7111,15837,1,394
21737,FOUND,1,7714,16065,1,395
21620,FOUND,1,7602,16098,1,396
21713,FOUND,1,7692,16151,1,397
20142,FOUND,1,6271,15414,1,398
21170,FOUND,1,7158,15865,1,399
21169,FOUND,1,7157,15865,1,400
21153,FOUND,1,7142,15817,1,401
21629,FOUND,1,7611,16097,1,402
21691,FOUND,1,7670,16135,1,403
27289,FOUND,1,11926,14710,1,404
22048,FOUND,1,8016,16310,1,405
22032,FOUND,1,8000,16301,1,406
20466,FOUND,1,6551,15561,1,407
22402,FOUND,1,8347,16463,1,408
22429,FOUND,1,8374,16362,1,409
22380,FOUND,1,8325,16454,1,410
22159,FOUND,1,8122,16362,1,411
17435,FOUND,1,4622,14710,1,412
21859,FOUND,1,7835,16160,1,413
21922,FOUND,1,7895,16135,1,414
21724,FOUND,1,7702,16160,1,415
22398,FOUND,1,8343,16463,1,416
21130,FOUND,1,7119,15842,1,417
21513,FOUND,1,7496,16044,1,418
21511,FOUND,1,7494,16041,1,419
21535,FOUND,1,7518,16048,1,420
21168,FOUND,1,7156,15840,1,421
21482,FOUND,1,7465,16034,1,422
21134,FOUND,1,7123,15836,1,423
21480,FOUND,1,7463,16029,1,424
21566,FOUND,1,7548,16073,1,425
21136,FOUND,1,7125,15845,1,426
21516,FOUND,1,7499,16047,1,427
21727,FOUND,1,7705,16067,1,428
23812,FOUND,1,9677,12157,1,429
30846,FOUND,1,12720,12157,1,430
23031,FOUND,1,8938,16623,1,431
22111,FOUND,1,8074,16302,1,432
22056,FOUND,1,8024,16313,1,433
22395,FOUND,1,8340,16402,1,434
22154,FOUND,1,8117,16359,1,435
22426,FOUND,1,8371,16478,1,436
23390,FOUND,1,9283,16467,1,437
22407,FOUND,1,8352,16467,1,438
22428,FOUND,1,8373,16479,1,439
22197,FOUND,1,8160,16375,1,440
23214,FOUND,1,9116,16645,1,441
23204,FOUND,1,9106,16645,1,442
23351,FOUND,1,9246,16462,1,443
22389,FOUND,1,8334,16452,1,444
23396,FOUND,1,9289,16479,1,445
22027,FOUND,1,7995,16297,1,446
22383,FOUND,1,8328,16455,1,447
14155,FOUND,1,1608,12157,1,448
20381,FOUND,1,6473,15507,1,449
22131,FOUND,1,8094,15509,1,450
21645,FOUND,1,7627,16104,1,451
23670,FOUND,1,9547,16751,1,452
22408,FOUND,1,8353,16468,1,453
23445,FOUND,1,9332,16695,1,454
21391,FOUND,1,7375,15578,1,455
23431,FOUND,1,9318,16495,1,456
14281,FOUND,1,1727,12157,1,457
21569,FOUND,1,7551,16055,1,458
22458,FOUND,1,8403,16495,1,459
22412,FOUND,1,8357,16468,1,460
21726,FOUND,1,7704,16063,1,461
22400,FOUND,1,8345,16457,1,462
22409,FOUND,1,8354,16469,1,463
22378,FOUND,1,8323,14927,1,464
20383,FOUND,1,6475,15509,1,465
22157,FOUND,1,8120,16361,1,466
23207,FOUND,1,9109,16647,1,467
23212,FOUND,1,9114,16647,1,468
22155,FOUND,1,8118,16360,1,469
22151,FOUND,1,8114,16359,1,470
22421,FOUND,1,8366,16461,1,471
22724,FOUND,1,8669,16459,1,472
22041,FOUND,1,8009,16305,1,473
23442,FOUND,1,9329,16498,1,474
21555,FOUND,1,7537,16064,1,475
22464,FOUND,1,8409,16498,1,476
23805,FOUND,1,9670,12157,1,477
23277,FOUND,1,9179,16666,1,478
22055,FOUND,1,8023,16304,1,479
23249,FOUND,1,9151,16658,1,480
23247,FOUND,1,9149,16657,1,481
21526,FOUND,1,7509,16052,1,482
21567,FOUND,1,7549,16054,1,483
13694,FOUND,1,1171,12157,1,484
23324,FOUND,1,9219,16690,1,485
13198,FOUND,1,690,12157,1,486
23309,FOUND,1,9207,16697,1,487
23261,FOUND,1,9163,16666,1,488
23791,FOUND,1,9657,16662,1,489
23248,FOUND,1,9150,16658,1,490
21932,FOUND,1,7902,16268,1,491
21392,FOUND,1,7376,15992,1,492
21593,FOUND,1,7575,16086,1,493
22449,FOUND,1,8394,16483,1,494
22044,FOUND,1,8012,16307,1,495
21642,FOUND,1,7624,16102,1,496
22413,FOUND,1,8358,16464,1,497
21897,FOUND,1,7870,16086,1,498
21497,FOUND,1,7480,16040,1,499
23678,FOUND,1,9555,16754,1,500
21617,FOUND,1,7599,15984,1,501
21381,FOUND,1,7365,15984,1,502
21735,FOUND,1,7713,16071,1,503
22123,FOUND,1,8086,16343,1,504
15136,FOUND,1,2531,12157,1,505
21536,FOUND,1,7519,16055,1,506
33948,FOUND,1,27741,17263,1,507
21115,FOUND,1,7104,15832,1,508
21108,FOUND,1,7097,15828,1,509
21116,FOUND,1,7105,15833,1,510
21173,FOUND,1,7161,15841,1,511
21118,FOUND,1,7107,15833,1,512
21530,FOUND,1,7513,15855,1,513
21481,FOUND,1,7464,16034,1,514
15702,FOUND,1,3084,12157,1,515
21492,FOUND,1,7475,16039,1,516
22150,FOUND,1,8113,16337,1,517
22416,FOUND,1,8361,14744,1,518
21560,FOUND,1,7542,16068,1,519
21383,FOUND,1,7367,15968,1,520
21520,FOUND,1,7503,16039,1,521
43350,FOUND,1,22385,17490,1,522
43348,FOUND,1,22383,17489,1,523
43346,FOUND,1,22381,17488,1,524
43354,FOUND,1,22389,17492,1,525
41042,FOUND,1,20381,17379,1,526
41050,FOUND,1,20389,17383,1,527
43344,FOUND,1,22379,17487,1,528
43353,FOUND,1,22388,17491,1,529
43360,FOUND,1,22395,17495,1,530
43343,FOUND,1,22378,17487,1,531
43347,FOUND,1,22382,17488,1,532
43351,FOUND,1,22386,17490,1,533
43345,FOUND,1,22380,17385,1,534
43359,FOUND,1,22394,17494,1,535
43352,FOUND,1,22387,17491,1,536
26586,FOUND,1,11228,12157,1,537
43372,FOUND,1,22407,17384,1,538
43368,FOUND,1,22403,17382,1,539
17285,FOUND,1,4520,14703,1,540
43349,FOUND,1,22384,17489,1,541
43358,FOUND,1,22393,17494,1,542
41048,FOUND,1,20387,17382,1,543
15992,FOUND,1,3372,12157,1,544
43361,FOUND,1,22396,17495,1,545
41051,FOUND,1,20390,17384,1,546
15568,FOUND,1,2950,12157,1,547
22077,FOUND,1,8042,16177,1,548
43377,FOUND,1,22412,17503,1,549
41043,FOUND,1,20382,17379,1,550
43357,FOUND,1,22392,17493,1,551
43356,FOUND,1,22391,17493,1,552
22076,FOUND,1,8041,16231,1,553
22697,FOUND,1,8642,12157,1,554
21684,FOUND,1,7664,16130,1,555
21740,FOUND,1,7717,16168,1,556
13059,FOUND,1,553,12157,1,557
21594,FOUND,1,7576,16087,1,558
21762,FOUND,1,7739,16164,1,559
13035,FOUND,1,529,12157,1,560
44839,FOUND,1,23528,16631,1,561
21853,FOUND,1,7829,16231,1,562
21851,FOUND,1,7827,16230,1,563
21752,FOUND,1,7729,16177,1,564
15898,FOUND,1,3278,12157,1,565
16178,FOUND,1,3556,12157,1,566
41685,FOUND,1,21021,17388,1,567
21332,FOUND,1,7316,15951,1,568
25360,FOUND,1,28939,24340,1,569
28199,FOUND,1,28938,24338,1,570
42659,FOUND,1,21766,12157,1,571
28193,FOUND,1,28940,24340,1,572
31845,FOUND,1,28933,24336,1,573
31844,FOUND,1,28926,24332,1,574
28180,FOUND,1,12619,24339,1,575
31849,FOUND,1,28924,24331,1,576
28197,FOUND,1,28932,24335,1,577
28198,FOUND,1,28937,24338,1,578
13863,FOUND,1,1320,12157,1,579
31848,FOUND,1,28923,24331,1,580
31843,FOUND,1,28925,24332,1,581
40888,FOUND,1,20287,24636,1,582
13780,FOUND,1,27097,12157,1,583
40997,FOUND,1,20358,24682,1,584
21918,FOUND,1,7891,16145,1,585
21894,FOUND,1,7867,16251,1,586
21915,FOUND,1,7888,16127,1,587
21678,FOUND,1,7658,16127,1,588
31839,FOUND,1,28916,24327,1,589
42185,FOUND,1,21409,24684,1,590
31842,FOUND,1,28928,24333,1,591
42182,FOUND,1,21406,24682,1,592
42184,FOUND,1,21408,24681,1,593
40878,FOUND,1,20277,24683,1,594
41843,FOUND,1,28983,24670,1,595
31836,FOUND,1,28917,24328,1,596
31838,FOUND,1,28915,24327,1,597
45124,FOUND,1,23772,24303,1,598
22863,FOUND,1,8805,16535,1,599
40454,FOUND,1,19988,24467,1,600
40448,FOUND,1,19983,24465,1,601
22340,FOUND,1,8288,16439,1,602
13432,FOUND,1,910,12157,1,603
40452,FOUND,1,19986,24464,1,604
40450,FOUND,1,28967,24468,1,605
40455,FOUND,1,27787,24465,1,606
40797,FOUND,1,20217,24464,1,607
22321,FOUND,1,8271,16428,1,608
22329,FOUND,1,8279,16428,1,609
14934,FOUND,1,2355,12157,1,610
40819,FOUND,1,20231,24463,1,611
40816,FOUND,1,20230,24462,1,612
21718,FOUND,1,7696,16148,1,613
40942,FOUND,1,20321,24654,1,614
15183,FOUND,1,2578,12157,1,615
14757,FOUND,1,2189,12157,1,616
27306,FOUND,1,11943,24314,1,617
43375,FOUND,1,22410,17502,1,618
28200,FOUND,1,28934,24336,1,619
40938,FOUND,1,20317,24654,1,620
41030,FOUND,1,20373,24653,1,621
31837,FOUND,1,28918,24328,1,622
31903,FOUND,1,28913,24326,1,623
13857,FOUND,1,1314,12157,1,624
40890,FOUND,1,20289,24672,1,625
17804,FOUND,1,4918,24320,1,626
13408,FOUND,1,887,12157,2,627
13602,FOUND,1,1079,12157,1,628
40962,FOUND,1,27922,24671,1,629
41786,FOUND,1,21118,24614,1,630
41784,FOUND,1,21116,24616,1,631
41868,FOUND,1,21192,24612,1,632
40943,FOUND,1,20322,24618,1,633
41866,FOUND,1,21190,24611,1,634
27246,FOUND,1,11883,12157,1,635
13232,FOUND,1,724,12157,1,636
41864,FOUND,1,21188,24614,1,637
40925,FOUND,1,27890,24607,1,638
43770,FOUND,1,22785,12157,1,639
22237,FOUND,1,8200,26410,1,640
22091,FOUND,1,8056,16331,1,641
21708,FOUND,1,7687,16148,1,642
22218,FOUND,1,8181,16198,1,643
15333,FOUND,1,2717,12157,1,644
22101,FOUND,1,8065,16220,1,645
44780,FOUND,1,23469,16229,1,646
22083,FOUND,1,8048,16152,1,647
16111,FOUND,1,3490,12157,1,648
44775,FOUND,1,23464,16175,1,649
21850,FOUND,1,7826,16229,1,650
21715,FOUND,1,7693,16152,1,651
44778,FOUND,1,23467,16158,1,652
21763,FOUND,1,7740,16182,1,653
21722,FOUND,1,7700,16158,1,654
30837,FOUND,1,12711,12157,1,655
44779,FOUND,1,23468,16206,1,656
22176,FOUND,1,8139,16368,1,657
44776,FOUND,1,23465,16368,1,658
41860,FOUND,1,21184,24615,1,659
40874,FOUND,1,20273,24599,1,660
41861,FOUND,1,21185,24620,1,661
26785,FOUND,1,11423,12157,1,662
27181,FOUND,1,11818,12157,1,663
39254,FOUND,1,19002,24621,1,664
40956,FOUND,1,27917,24619,1,665
40875,FOUND,1,20274,24604,1,666
40894,FOUND,1,20293,24600,1,667
41857,FOUND,1,21181,24619,1,668
41865,FOUND,1,21189,24616,1,669
40876,FOUND,1,20275,24604,1,670
40872,FOUND,1,20271,24599,1,671
40873,FOUND,1,20272,24600,1,672
40934,FOUND,1,27913,24620,1,673
25284,FOUND,1,10005,16823,1,674
32901,FOUND,1,13327,16823,1,675
22357,FOUND,1,8305,16447,1,676
26110,FOUND,1,10805,16447,1,677
22322,FOUND,1,8272,16426,1,678
32888,FOUND,1,13324,16855,1,679
22367,FOUND,1,8314,16434,1,680
25349,FOUND,1,10061,16855,1,681
14286,FOUND,1,1732,12157,1,682
25377,FOUND,1,10081,16866,1,683
25368,FOUND,1,10072,16861,1,684
19972,FOUND,1,6156,15341,1,685
25754,FOUND,1,10456,16866,1,686
14083,FOUND,1,1536,12157,1,687
21660,FOUND,1,7641,16112,1,688
22335,FOUND,1,8284,16437,1,689
32902,FOUND,1,13328,16890,1,690
22351,FOUND,1,8299,16444,1,691
25348,FOUND,1,10060,16512,1,692
22334,FOUND,1,8283,16436,1,693
22364,FOUND,1,8311,16444,1,694
17288,FOUND,1,28688,14704,1,695
22319,FOUND,1,8269,16426,1,696
22337,FOUND,1,8286,16430,1,697
22326,FOUND,1,8276,16430,1,698
22684,FOUND,1,8629,16512,1,699
22342,FOUND,1,8290,16440,1,700
32936,FOUND,1,13341,14704,1,701
26096,FOUND,1,10791,16890,1,702
22332,FOUND,1,8281,16434,1,703
19249,FOUND,1,5660,15048,1,704
23369,FOUND,1,9264,16725,1,705
25767,FOUND,1,10468,16872,1,706
41688,FOUND,1,21024,17391,1,707
22875,FOUND,1,8817,16561,1,708
24009,FOUND,1,9872,16806,1,709
23366,FOUND,1,9261,23580,1,710
22979,FOUND,1,8888,16592,1,711
25335,FOUND,1,10050,16845,1,712
14087,FOUND,1,1540,12157,1,713
23199,FOUND,1,9101,16531,1,714
23355,FOUND,1,9250,16717,1,715
23201,FOUND,1,9103,16561,1,716
26058,FOUND,1,10755,16806,1,717
27799,FOUND,1,12432,16717,1,718
23368,FOUND,1,9263,16724,1,719
21407,FOUND,1,7391,16002,1,720
21612,FOUND,1,7594,15986,1,721
21369,FOUND,1,7353,15973,1,722
21393,FOUND,1,7377,15993,1,723
22576,FOUND,1,8521,16418,1,724
23438,FOUND,1,9325,16733,1,725
23674,FOUND,1,9551,16752,1,726
23679,FOUND,1,9556,16703,1,727
21731,FOUND,1,7709,15973,1,728
21690,FOUND,1,7669,16064,1,729
21759,FOUND,1,7736,16075,1,730
21553,FOUND,1,7535,16062,1,731
21757,FOUND,1,7734,16162,1,732
17172,FOUND,1,4428,14690,1,733
23213,FOUND,1,9115,16377,1,734
23205,FOUND,1,9107,16376,1,735
21284,FOUND,1,7268,15932,1,736
44840,FOUND,1,23529,15932,1,737
21303,FOUND,1,7287,15942,1,738
21288,FOUND,1,7272,15935,1,739
21272,FOUND,1,7256,15926,1,740
23200,FOUND,1,9102,16643,1,741
25775,FOUND,1,10476,16606,1,742
15995,FOUND,1,3375,12157,1,743
30855,FOUND,1,12729,12157,1,744
19262,FOUND,1,5672,15060,1,745
33975,FOUND,1,14143,17275,1,746
23342,FOUND,1,9237,16712,1,747
23768,FOUND,1,9634,16651,1,748
23939,FOUND,1,9804,16787,1,749
15690,FOUND,1,3072,12157,1,750
15686,FOUND,1,3068,12157,1,751
25274,FOUND,1,9996,16612,1,752
22221,FOUND,1,8184,16218,1,753
22582,FOUND,1,8527,15341,1,754
42553,FOUND,1,21666,12157,1,755
26053,FOUND,1,10750,16853,1,756
44189,FOUND,1,22961,12157,1,757
23623,FOUND,1,28523,13595,1,758
41698,FOUND,1,21034,17397,1,759
23010,FOUND,1,8918,16612,1,760
22299,FOUND,1,8249,16418,1,761
22288,FOUND,1,8238,16416,1,762
22282,FOUND,1,8232,16401,1,763
22587,FOUND,1,8532,16416,1,764
26126,FOUND,1,10821,16900,1,765
22323,FOUND,1,8273,16429,1,766
14559,FOUND,1,2004,12157,1,767
23770,FOUND,1,9636,16670,1,768
23817,FOUND,1,9682,16773,1,769
14435,FOUND,1,1880,12157,1,770
17168,FOUND,1,4424,12157,1,771
22839,FOUND,1,8781,14687,1,772
22900,FOUND,1,8842,16351,1,773
22127,FOUND,1,8090,16351,1,774
22817,FOUND,1,8759,14660,1,775
41710,FOUND,1,21046,17395,1,776
16293,FOUND,1,3671,14660,1,777
41709,FOUND,1,21045,17400,1,778
43373,FOUND,1,22408,17501,1,779
43374,FOUND,1,22409,17501,1,780
23793,FOUND,1,28733,16740,1,781
41700,FOUND,1,21036,17398,1,782
23262,FOUND,1,9164,16667,1,783
19251,FOUND,1,5661,15049,1,784
23042,FOUND,1,8949,16626,1,785
26581,FOUND,1,11223,12157,1,786
23232,FOUND,1,9134,16654,1,787
23900,FOUND,1,9765,16788,1,788
23596,FOUND,1,9475,12157,1,789
22560,FOUND,1,8505,12157,1,790
26010,FOUND,1,10708,16809,1,791
23041,FOUND,1,8948,16626,1,792
25765,FOUND,1,10466,16871,1,793
23782,FOUND,1,9648,16741,1,794
23439,FOUND,1,9326,16654,1,795
23000,FOUND,1,8908,16606,1,796
41689,FOUND,1,21025,17391,1,797
43376,FOUND,1,22411,17502,1,798
43378,FOUND,1,22413,17503,1,799
22913,FOUND,1,8855,16514,1,800
22914,FOUND,1,8856,14684,1,801
44826,FOUND,1,23515,16550,1,802
22836,FOUND,1,8778,16547,1,803
22082,FOUND,1,8047,16326,1,804
17679,FOUND,1,4835,14725,1,805
22917,FOUND,1,8859,14725,1,806
44829,FOUND,1,23518,15065,1,807
22874,FOUND,1,8816,16557,1,808
23086,FOUND,1,8993,16632,1,809
19281,FOUND,1,5683,15070,1,810
44828,FOUND,1,23517,16632,1,811
44827,FOUND,1,23516,15070,1,812
14017,FOUND,1,1472,12157,1,813
22885,FOUND,1,8827,14651,1,814
19247,FOUND,1,5658,15046,1,815
17155,FOUND,1,4413,14684,1,816
43424,FOUND,1,22456,17524,1,817
17160,FOUND,1,4418,14688,1,818
39028,FOUND,1,18819,12157,1,819
22841,FOUND,1,8783,14688,1,820
22871,FOUND,1,8813,16559,1,821
17544,FOUND,1,4717,14715,1,822
17709,FOUND,1,4863,14715,1,823
21599,FOUND,1,7581,15057,1,824
44825,FOUND,1,23514,15046,1,825
44831,FOUND,1,23520,16546,1,826
21334,FOUND,1,7318,15955,1,827
22844,FOUND,1,8786,16551,1,828
23092,FOUND,1,8999,15055,1,829
34143,FOUND,1,14284,12157,1,830
14427,FOUND,1,1872,12157,1,831
22892,FOUND,1,8834,16568,1,832
23090,FOUND,1,8997,16635,1,833
26109,FOUND,1,10804,16527,1,834
36515,FOUND,1,16611,16633,1,835
42628,FOUND,1,21735,12157,1,836
23087,FOUND,1,8994,16633,1,837
18023,FOUND,1,5092,14760,1,838
22898,FOUND,1,8840,16571,1,839
44830,FOUND,1,23519,15069,1,840
26125,FOUND,1,10820,16534,1,841
27014,FOUND,1,11652,12157,1,842
22896,FOUND,1,8838,16570,1,843
22754,FOUND,1,8697,12157,1,844
19278,FOUND,1,5682,15069,1,845
17161,FOUND,1,4419,14689,1,846
21340,FOUND,1,7324,15955,1,847
23618,FOUND,1,9497,12157,1,848
19259,FOUND,1,5669,15057,1,849
23101,FOUND,1,9008,16636,1,850
28195,FOUND,1,28905,24321,1,851
31893,FOUND,1,28920,24329,1,852
31892,FOUND,1,28919,24329,1,853
40917,FOUND,1,27883,24672,1,854
31895,FOUND,1,28922,24330,1,855
41417,FOUND,1,20756,24650,1,856
14307,FOUND,1,1752,12157,1,857
24037,FOUND,1,9900,12157,1,858
41418,FOUND,1,20757,24650,1,859
40928,FOUND,1,20315,24651,1,860
22363,FOUND,1,8310,16446,1,861
36610,FOUND,1,16703,17329,1,862
22865,FOUND,1,8807,14712,1,863
22239,FOUND,1,8202,16384,1,864
22356,FOUND,1,8304,16446,1,865
15935,FOUND,1,3315,12157,1,866
28022,FOUND,1,12583,12157,1,867
36609,FOUND,1,16702,17329,1,868
25330,FOUND,1,10045,16610,1,869
23359,FOUND,1,9254,14714,1,870
22873,FOUND,1,8815,16541,1,871
16426,FOUND,1,3804,12157,1,872
22897,FOUND,1,8839,16571,1,873
17543,FOUND,1,4716,14714,1,874
15987,FOUND,1,3367,12157,1,875
23747,FOUND,1,9613,16765,1,876
23759,FOUND,1,9625,16765,1,877
13084,FOUND,1,578,12157,1,878
13867,FOUND,1,1324,12157,1,879
26377,FOUND,1,11021,12157,1,880
23751,FOUND,1,9617,16766,1,881
23935,FOUND,1,9800,16698,1,882
12808,FOUND,1,314,12157,1,883
23311,FOUND,1,9209,16698,1,884
23757,FOUND,1,9623,26410,1,885
21957,FOUND,1,7925,16259,1,886
21587,FOUND,1,7569,16083,1,887
21657,FOUND,1,7638,16079,1,888
23260,FOUND,1,9162,16665,1,889
23752,FOUND,1,9618,16665,1,890
44815,FOUND,1,23504,17799,1,891
45561,FOUND,1,24096,17799,1,892
43397,FOUND,1,22432,17512,1,893
43402,FOUND,1,22437,17515,1,894
21907,FOUND,1,7880,16258,1,895
21649,FOUND,1,7630,16107,1,896
44813,FOUND,1,23502,17798,1,897
43396,FOUND,1,22431,17512,1,898
17934,FOUND,1,5016,12157,1,899
43400,FOUND,1,22435,17514,1,900
45562,FOUND,1,24097,17809,1,901
43395,FOUND,1,22430,17511,1,902
45560,FOUND,1,24095,17798,1,903
43399,FOUND,1,22434,17513,1,904
43406,FOUND,1,22441,17517,1,905
21394,FOUND,1,7378,15994,1,906
36467,FOUND,1,16563,17325,1,907
14267,FOUND,1,1713,12157,1,908
25774,FOUND,1,10475,16820,1,909
23794,FOUND,1,9659,16738,1,910
21871,FOUND,1,7846,16238,1,911
36653,FOUND,1,16746,17333,1,912
44220,FOUND,1,22992,12157,1,913
21881,FOUND,1,7854,16244,1,914
38987,FOUND,1,18794,12157,1,915
21582,FOUND,1,7564,16080,1,916
21899,FOUND,1,7872,16244,1,917
21909,FOUND,1,7882,16259,1,918
21643,FOUND,1,7625,15994,1,919
21885,FOUND,1,7858,16246,1,920
21672,FOUND,1,7652,16122,1,921
43367,FOUND,1,22402,17498,1,922
43364,FOUND,1,22399,17497,1,923
43365,FOUND,1,22400,17497,1,924
43366,FOUND,1,22401,17498,1,925
23746,FOUND,1,9612,16762,1,926
41695,FOUND,1,21031,17394,1,927
41693,FOUND,1,21029,17394,1,928
23391,FOUND,1,9284,16491,1,929
41692,FOUND,1,21028,17393,1,930
41701,FOUND,1,21037,17389,1,931
23290,FOUND,1,28730,16685,1,932
22451,FOUND,1,8396,16493,1,933
41682,FOUND,1,21018,17386,1,934
41691,FOUND,1,21027,17392,1,935
23329,FOUND,1,9224,16707,1,936
23335,FOUND,1,9230,16709,1,937
23696,FOUND,1,9573,16694,1,938
22467,FOUND,1,8412,16501,1,939
13160,FOUND,1,652,12157,1,940
22444,FOUND,1,8389,16489,1,941
23676,FOUND,1,9553,16706,1,942
23748,FOUND,1,9614,16759,1,943
23734,FOUND,1,9600,16685,1,944
23301,FOUND,1,9199,16694,1,945
13686,FOUND,1,1163,12157,1,946
45047,FOUND,1,23710,25094,1,947
23332,FOUND,1,9227,16489,1,948
23328,FOUND,1,9223,16706,1,949
23728,FOUND,1,9595,16758,1,950
23729,FOUND,1,9596,16759,1,951
23689,FOUND,1,9566,16708,1,952
23717,FOUND,1,9594,16757,1,953
14539,FOUND,1,1984,12157,1,954
23683,FOUND,1,9560,16641,1,955
23299,FOUND,1,9197,16692,1,956
23314,FOUND,1,9210,16699,1,957
23688,FOUND,1,9565,16692,1,958
23325,FOUND,1,9220,16682,1,959
22341,FOUND,1,8289,16431,1,960
22418,FOUND,1,8363,16336,1,961
42587,FOUND,1,21697,12157,1,962
23330,FOUND,1,9225,16708,1,963
23321,FOUND,1,9216,16701,1,964
23334,FOUND,1,9229,16699,1,965
23677,FOUND,1,9554,16702,1,966
23006,FOUND,1,8914,16610,1,967
22256,FOUND,1,8214,15066,1,968
26052,FOUND,1,10749,16877,1,969
22325,FOUND,1,8275,16398,1,970
22273,FOUND,1,8224,16400,1,971
19245,FOUND,1,5656,15044,1,972
32944,FOUND,1,13348,17045,1,973
25279,FOUND,1,10000,16820,1,974
22336,FOUND,1,8285,16438,1,975
25776,FOUND,1,10477,16877,1,976
25289,FOUND,1,10009,16825,1,977
22324,FOUND,1,8274,16422,1,978
22304,FOUND,1,8254,16422,1,979
22242,FOUND,1,8204,16398,1,980
41045,FOUND,1,20384,17381,1,981
43426,FOUND,1,22458,17500,1,982
43369,FOUND,1,22404,17499,1,983
43371,FOUND,1,22406,17500,1,984
43370,FOUND,1,22405,17499,1,985
23392,FOUND,1,9285,16501,1,986
23327,FOUND,1,9222,16705,1,987
43363,FOUND,1,22398,17496,1,988
41047,FOUND,1,20386,17381,1,989
41712,FOUND,1,21048,17401,1,990
41690,FOUND,1,21026,17392,1,991
23337,FOUND,1,9232,16707,1,992
22660,FOUND,1,8605,12157,1,993
23336,FOUND,1,9231,16710,1,994
41699,FOUND,1,21035,17393,1,995
41711,FOUND,1,21047,17398,1,996
41696,FOUND,1,21032,17396,1,997
43380,FOUND,1,22415,17504,1,998
41708,FOUND,1,21044,17400,1,999
41686,FOUND,1,21022,17389,1,1000
43379,FOUND,1,22414,17504,1,1001
22075,FOUND,1,8040,16324,1,1002
21596,FOUND,1,7578,16088,1,1003
39017,FOUND,1,27683,12157,1,1004
17158,FOUND,1,4416,14687,1,1005
19268,FOUND,1,5678,15065,1,1006
27791,FOUND,1,12424,16574,1,1007
22908,FOUND,1,8850,16574,1,1008
22901,FOUND,1,8843,16088,1,1009
22867,FOUND,1,8809,16557,1,1010
22727,FOUND,1,8672,12157,1,1011
22224,FOUND,1,8187,16386,1,1012
22285,FOUND,1,8235,16415,1,1013
22236,FOUND,1,8199,16394,1,1014
22585,FOUND,1,8530,16394,1,1015
25334,FOUND,1,10049,16424,1,1016
32903,FOUND,1,13329,16900,1,1017
22368,FOUND,1,8315,16436,1,1018
26098,FOUND,1,10793,16891,1,1019
22354,FOUND,1,8302,16440,1,1020
32940,FOUND,1,13344,17044,1,1021
32924,FOUND,1,13333,17044,1,1022
22360,FOUND,1,8307,16448,1,1023
32942,FOUND,1,13346,16448,1,1024
26107,FOUND,1,10802,16891,1,1025
14669,FOUND,1,2110,12157,1,1026
23138,FOUND,1,9045,12157,1,1027
12886,FOUND,1,389,12157,1,1028
26732,FOUND,1,11370,12157,1,1029
40948,FOUND,1,20327,24642,1,1030
41438,FOUND,1,20777,24651,1,1031
41441,FOUND,1,20780,24646,1,1032
28192,FOUND,1,28906,24321,1,1033
40918,FOUND,1,27884,24676,1,1034
41462,FOUND,1,20800,24677,1,1035
21730,FOUND,1,7708,16163,1,1036
21744,FOUND,1,7721,16172,1,1037
23932,FOUND,1,9797,16223,1,1038
26298,FOUND,1,10943,12157,1,1039
21856,FOUND,1,7832,16166,1,1040
23146,FOUND,1,29242,12157,1,1041
25380,FOUND,1,10084,16848,1,1042
25764,FOUND,1,10465,16870,1,1043
17835,FOUND,1,4933,14734,1,1044
22266,FOUND,1,8220,15392,1,1045
25338,FOUND,1,10053,16848,1,1046
27708,FOUND,1,12345,16624,1,1047
25281,FOUND,1,10002,16822,1,1048
25752,FOUND,1,10454,16869,1,1049
23026,FOUND,1,8934,16620,1,1050
25385,FOUND,1,10088,16510,1,1051
40712,FOUND,1,20146,24993,1,1052
22551,FOUND,1,8496,12157,1,1053
26256,FOUND,1,10901,12157,1,1054
22982,FOUND,1,8891,16595,1,1055
40599,FOUND,1,20109,24998,1,1056
40717,FOUND,1,20151,24956,1,1057
22698,FOUND,1,8643,12157,1,1058
22530,FOUND,1,8475,12157,1,1059
40652,FOUND,1,20125,24993,1,1060
40689,FOUND,1,20136,24959,1,1061
40686,FOUND,1,27847,24960,1,1062
26205,FOUND,1,10853,12157,1,1063
25287,FOUND,1,10008,16581,1,1064
40704,FOUND,1,27853,24956,1,1065
40736,FOUND,1,20168,24947,1,1066
17223,FOUND,1,4471,12157,1,1067
40688,FOUND,1,27849,24959,1,1068
40693,FOUND,1,29059,24961,1,1069
40692,FOUND,1,29060,24962,1,1070
21732,FOUND,1,7710,16164,1,1071
44766,FOUND,1,23455,17786,1,1072
44768,FOUND,1,23457,16230,1,1073
44769,FOUND,1,23458,16180,1,1074
22907,FOUND,1,8849,16089,1,1075
22843,FOUND,1,8785,14718,1,1076
13133,FOUND,1,627,12157,1,1077
21747,FOUND,1,7724,16175,1,1078
44781,FOUND,1,23470,17788,1,1079
13969,FOUND,1,1425,12157,1,1080
36649,FOUND,1,16742,16087,1,1081
36521,FOUND,1,16617,16318,1,1082
22362,FOUND,1,8309,16437,1,1083
22369,FOUND,1,8316,16439,1,1084
21597,FOUND,1,7579,16089,1,1085
44782,FOUND,1,23471,17788,1,1086
36520,FOUND,1,16616,14672,1,1087
40699,FOUND,1,20140,24996,1,1088
44859,FOUND,1,23548,25007,1,1089
45059,FOUND,1,23720,25013,1,1090
21214,FOUND,1,7198,15885,1,1091
40711,FOUND,1,20145,24996,1,1092
15996,FOUND,1,3376,12157,1,1093
13217,FOUND,1,709,12157,1,1094
45064,FOUND,1,23724,25091,1,1095
21210,FOUND,1,27535,15873,1,1096
44964,FOUND,1,23638,25005,1,1097
45175,FOUND,1,23821,17814,1,1098
21215,FOUND,1,7199,15886,1,1099
44627,FOUND,1,29072,25007,1,1100
23417,FOUND,1,9304,12157,1,1101
12885,FOUND,1,388,12157,1,1102
22192,FOUND,1,8155,16371,1,1103
40657,FOUND,1,27834,24966,1,1104
40707,FOUND,1,20143,24952,1,1105
22164,FOUND,1,8127,16363,1,1106
22169,FOUND,1,8132,16363,1,1107
40681,FOUND,1,27844,24965,1,1108
40696,FOUND,1,20139,24960,1,1109
40662,FOUND,1,27839,24961,1,1110
40377,FOUND,1,27905,26410,1,1111
40674,FOUND,1,27841,24962,1,1112
21208,FOUND,1,7194,15883,1,1113
40660,FOUND,1,27837,24965,1,1114
40664,FOUND,1,27840,24966,1,1115
40618,FOUND,1,27812,24994,1,1116
32927,FOUND,1,13336,16845,1,1117
27763,FOUND,1,12397,16937,1,1118
26063,FOUND,1,28750,16879,1,1119
23028,FOUND,1,8935,16621,1,1120
23930,FOUND,1,9795,16725,1,1121
24020,FOUND,1,9883,16718,1,1122
15923,FOUND,1,3303,12157,1,1123
16442,FOUND,1,3820,12157,1,1124
22289,FOUND,1,8239,16391,1,1125
21293,FOUND,1,7277,15939,1,1126
16275,FOUND,1,3653,12157,1,1127
26116,FOUND,1,10811,16898,1,1128
27757,FOUND,1,12391,16578,1,1129
15289,FOUND,1,2676,12157,1,1130
22233,FOUND,1,8196,16392,1,1131
30771,FOUND,1,12687,12157,1,1132
13267,FOUND,1,752,12157,1,1133
40779,FOUND,1,20208,24446,1,1134
43507,FOUND,1,22539,25099,1,1135
43508,FOUND,1,22540,25099,1,1136
43513,FOUND,1,22545,25100,1,1137
40815,FOUND,1,20229,24446,1,1138
45065,FOUND,1,23725,25091,1,1139
40810,FOUND,1,27866,24482,1,1140
43521,FOUND,1,22553,25098,1,1141
17153,FOUND,1,4411,14682,1,1142
21273,FOUND,1,7257,15924,1,1143
33988,FOUND,1,14156,17279,1,1144
33989,FOUND,1,14157,17279,1,1145
22833,FOUND,1,8775,14682,1,1146
21280,FOUND,1,7264,15928,1,1147
45066,FOUND,1,23726,25096,1,1148
45052,FOUND,1,23715,25094,1,1149
21269,FOUND,1,7253,15924,1,1150
21327,FOUND,1,7311,15949,1,1151
21282,FOUND,1,7266,15930,1,1152
21336,FOUND,1,7320,15953,1,1153
21302,FOUND,1,7286,15930,1,1154
23792,FOUND,1,9658,16653,1,1155
23763,FOUND,1,9629,16770,1,1156
23821,FOUND,1,9686,14649,1,1157
23267,FOUND,1,9169,14674,1,1158
23785,FOUND,1,9651,16739,1,1159
23769,FOUND,1,9635,16671,1,1160
14577,FOUND,1,2022,12157,1,1161
23811,FOUND,1,9676,16679,1,1162
12916,FOUND,1,419,14649,1,1163
21693,FOUND,1,7672,16062,1,1164
44892,FOUND,1,23580,16529,1,1165
23363,FOUND,1,9258,16542,1,1166
23621,FOUND,1,9500,12157,1,1167
21609,FOUND,1,7591,16002,1,1168
22879,FOUND,1,8821,16533,1,1169
23929,FOUND,1,9794,12157,1,1170
19629,FOUND,1,5876,15203,1,1171
22996,FOUND,1,8904,22859,2,1172
27720,FOUND,1,12357,14728,1,1173
21573,FOUND,1,7555,16068,1,1174
17933,FOUND,1,5015,14744,1,1175
22716,FOUND,1,8661,12157,1,1176
21586,FOUND,1,7568,16004,1,1177
14136,FOUND,1,1589,12157,1,1178
43517,FOUND,1,22549,25097,1,1179
45038,FOUND,1,23701,25095,1,1180
45037,FOUND,1,23700,25095,1,1181
45056,FOUND,1,23719,25093,1,1182
45223,FOUND,1,23865,25088,1,1183
45063,FOUND,1,23723,25090,1,1184
45048,FOUND,1,23711,25093,1,1185
45247,FOUND,1,27381,25092,1,1186
43518,FOUND,1,22550,25097,1,1187
45045,FOUND,1,23708,25096,1,1188
43519,FOUND,1,22551,25098,1,1189
21159,FOUND,1,7147,15861,1,1190
13264,FOUND,1,749,12157,1,1191
22135,FOUND,1,8098,16355,1,1192
21262,FOUND,1,7246,15921,1,1193
27223,FOUND,1,11860,12157,1,1194
21211,FOUND,1,7195,15880,1,1195
21218,FOUND,1,7202,15868,1,1196
26400,FOUND,1,11043,12157,1,1197
22170,FOUND,1,8133,16364,1,1198
44857,FOUND,1,23546,15899,1,1199
26636,FOUND,1,11276,12157,1,1200
22180,FOUND,1,8143,16355,1,1201
26218,FOUND,1,10866,12157,1,1202
44858,FOUND,1,23547,15882,1,1203
44976,FOUND,1,23650,24521,1,1204
22181,FOUND,1,8144,16357,1,1205
22171,FOUND,1,8134,16365,1,1206
22186,FOUND,1,8149,16370,1,1207
44863,FOUND,1,23551,16365,1,1208
22137,FOUND,1,8100,16357,1,1209
44868,FOUND,1,23556,17807,1,1210
44866,FOUND,1,23554,17806,1,1211
44867,FOUND,1,23555,17807,1,1212
44865,FOUND,1,23553,17806,1,1213
15555,FOUND,1,2937,12157,1,1214
22193,FOUND,1,8156,16370,1,1215
45698,FOUND,1,27389,17843,1,1216
45699,FOUND,1,28887,17843,1,1217
22189,FOUND,1,8152,16371,1,1218
16472,FOUND,1,3850,12157,1,1219
22829,FOUND,1,8771,16551,1,1220
27805,FOUND,1,12438,16935,1,1221
45319,FOUND,1,23888,16780,1,1222
22911,FOUND,1,8853,16576,1,1223
36380,FOUND,1,16476,16579,1,1224
22561,FOUND,1,8506,12157,1,1225
39014,FOUND,1,18812,12157,1,1226
44889,FOUND,1,23577,16726,1,1227
23940,FOUND,1,9805,16719,1,1228
23091,FOUND,1,8998,16636,1,1229
22185,FOUND,1,8148,16369,1,1230
45700,FOUND,1,24204,17815,1,1231
45166,FOUND,1,23812,17811,1,1232
21178,FOUND,1,7166,15868,1,1233
23603,FOUND,1,9482,12157,1,1234
13703,FOUND,1,1180,12157,1,1235
17292,FOUND,1,4524,14705,1,1236
16198,FOUND,1,3576,12157,1,1237
45169,FOUND,1,23815,26410,1,1238
44760,FOUND,1,23449,25011,1,1239
44755,FOUND,1,23444,25012,1,1240
22179,FOUND,1,8142,15879,1,1241
45179,FOUND,1,23825,17816,1,1242
45187,FOUND,1,23832,17811,1,1243
45180,FOUND,1,23826,14705,1,1244
44864,FOUND,1,23552,15886,1,1245
16464,FOUND,1,3842,12157,1,1246
22168,FOUND,1,8131,15883,1,1247
21216,FOUND,1,7200,15885,1,1248
21157,FOUND,1,7145,15859,1,1249
21212,FOUND,1,7196,15859,1,1250
45183,FOUND,1,28071,17816,1,1251
45544,FOUND,1,24079,25157,1,1252
42522,FOUND,1,28026,25198,1,1253
45549,FOUND,1,24084,25159,1,1254
46063,FOUND,1,24390,25214,1,1255
16479,FOUND,1,3857,12157,1,1256
42525,FOUND,1,21648,25197,1,1257
44562,FOUND,1,23256,23925,1,1258
44757,FOUND,1,23446,25010,1,1259
15660,FOUND,1,3042,12157,1,1260
44165,FOUND,1,22937,25012,1,1261
22524,FOUND,1,8469,12157,1,1262
45509,FOUND,1,29071,25006,1,1263
44762,FOUND,1,23451,25014,1,1264
26449,FOUND,1,11092,12157,1,1265
44894,FOUND,1,23582,25008,1,1266
44756,FOUND,1,23445,25015,1,1267
44745,FOUND,1,23435,25014,1,1268
15693,FOUND,1,3075,12157,1,1269
23517,FOUND,1,9402,12157,1,1270
38996,FOUND,1,27676,12157,1,1271
21240,FOUND,1,7224,15905,1,1272
21305,FOUND,1,7289,15929,1,1273
23019,FOUND,1,8927,16507,1,1274
21304,FOUND,1,7288,15943,1,1275
21349,FOUND,1,7333,15936,1,1276
21268,FOUND,1,7252,15923,1,1277
21289,FOUND,1,7273,15936,1,1278
21281,FOUND,1,7265,15929,1,1279
21331,FOUND,1,7315,15953,1,1280
21296,FOUND,1,7280,15923,1,1281
21260,FOUND,1,7244,15919,1,1282
21274,FOUND,1,7258,15927,1,1283
21295,FOUND,1,7279,15928,1,1284
22838,FOUND,1,8780,15943,1,1285
22827,FOUND,1,8769,15927,1,1286
26119,FOUND,1,10814,16859,1,1287
25364,FOUND,1,10068,16429,1,1288
26117,FOUND,1,10812,16856,1,1289
25351,FOUND,1,10063,16856,1,1290
43339,FOUND,1,22374,26577,1,1291
43340,FOUND,1,22375,17485,1,1292
25365,FOUND,1,10069,16859,1,1293
43337,FOUND,1,22372,26577,1,1294
41049,FOUND,1,20388,17380,1,1295
43338,FOUND,1,22373,26577,1,1296
43342,FOUND,1,22377,17486,1,1297
33974,FOUND,1,14142,17272,1,1298
33972,FOUND,1,14140,17273,1,1299
43341,FOUND,1,22376,17486,1,1300
41044,FOUND,1,20383,17380,1,1301
21307,FOUND,1,7291,15945,1,1302
21318,FOUND,1,7302,15949,1,1303
21248,FOUND,1,7232,15905,1,1304
21294,FOUND,1,7278,15937,1,1305
21325,FOUND,1,7309,15945,1,1306
21270,FOUND,1,7254,15925,1,1307
21290,FOUND,1,7274,15937,1,1308
21251,FOUND,1,7235,15912,1,1309
21287,FOUND,1,7271,15933,1,1310
21271,FOUND,1,7255,15925,1,1311
21345,FOUND,1,7329,15912,1,1312
22818,FOUND,1,8760,15942,1,1313
21285,FOUND,1,7269,15933,1,1314
45050,FOUND,1,23713,25090,1,1315
21320,FOUND,1,7304,15935,1,1316
22134,FOUND,1,8097,16354,1,1317
23716,FOUND,1,9593,16748,1,1318
23315,FOUND,1,9211,16689,1,1319
23320,FOUND,1,9215,16700,1,1320
13083,FOUND,1,577,12157,1,1321
22447,FOUND,1,8392,16490,1,1322
21949,FOUND,1,7917,16246,1,1323
22279,FOUND,1,8229,16382,1,1324
21716,FOUND,1,7694,16153,1,1325
22432,FOUND,1,8377,16482,1,1326
23755,FOUND,1,9621,16715,1,1327
15699,FOUND,1,3081,12157,1,1328
21896,FOUND,1,7869,16247,1,1329
23300,FOUND,1,9198,16693,1,1330
23276,FOUND,1,9178,16678,1,1331
23657,FOUND,1,9534,16748,1,1332
22890,FOUND,1,8832,16526,1,1333
13159,FOUND,1,651,12157,1,1334
15855,FOUND,1,3236,12157,1,1335
27735,FOUND,1,12372,16935,1,1336
24018,FOUND,1,9881,16807,1,1337
24023,FOUND,1,9886,16721,1,1338
22089,FOUND,1,8054,16130,1,1339
22673,FOUND,1,8618,12157,1,1340
22883,FOUND,1,8825,16559,1,1341
23840,FOUND,1,9705,16543,1,1342
21339,FOUND,1,7323,15959,1,1343
23371,FOUND,1,9266,16726,1,1344
27722,FOUND,1,12359,16536,1,1345
16184,FOUND,1,3562,12157,1,1346
23089,FOUND,1,8996,16570,1,1347
45120,FOUND,1,23768,24305,1,1348
21970,FOUND,1,7938,16252,1,1349
23694,FOUND,1,9571,16688,1,1350
21898,FOUND,1,7871,16252,1,1351
21366,FOUND,1,7350,15970,1,1352
13697,FOUND,1,1174,12157,1,1353
23241,FOUND,1,9143,16485,1,1354
22039,FOUND,1,8007,16303,1,1355
22439,FOUND,1,8384,16485,1,1356
23673,FOUND,1,9550,16716,1,1357
21980,FOUND,1,7948,15970,1,1358
21551,FOUND,1,7533,16060,1,1359
21377,FOUND,1,7361,15980,1,1360
21908,FOUND,1,7881,16001,1,1361
23295,FOUND,1,9193,16688,1,1362
23350,FOUND,1,9245,16716,1,1363
28201,FOUND,1,28908,24323,1,1364
14171,FOUND,1,1624,12157,1,1365
28191,FOUND,1,28909,24323,1,1366
14891,FOUND,1,2316,12157,1,1367
40971,FOUND,1,27928,24645,1,1368
28202,FOUND,1,28911,24324,1,1369
41456,FOUND,1,20794,24678,1,1370
13219,FOUND,1,711,12157,1,1371
26596,FOUND,1,11238,12157,1,1372
40886,FOUND,1,20285,24675,1,1373
41029,FOUND,1,20372,24653,1,1374
28194,FOUND,1,28910,24324,1,1375
31846,FOUND,1,28914,24326,1,1376
15260,FOUND,1,2648,12157,1,1377
41033,FOUND,1,20376,24652,1,1378
26105,FOUND,1,10800,16894,1,1379
36608,FOUND,1,16701,14760,1,1380
15589,FOUND,1,2971,14653,1,1381
40965,FOUND,1,28978,24631,1,1382
24015,FOUND,1,9878,16808,1,1383
17015,FOUND,1,4304,14677,1,1384
22648,FOUND,1,8593,12157,1,1385
22893,FOUND,1,8835,14653,1,1386
31885,NOT_FOUND,0,,,1,1387
36623,FOUND,1,16716,17330,1,1388
13203,FOUND,1,695,12157,1,1389
15237,FOUND,1,2626,12157,1,1390
15331,FOUND,1,2715,12157,1,1391
17695,FOUND,1,4849,14728,1,1392
19971,FOUND,1,6155,12157,1,1393
15984,FOUND,1,3364,12157,1,1394
25379,FOUND,1,10083,16867,1,1395
25316,FOUND,1,10034,16425,1,1396
23632,FOUND,1,9509,12157,1,1397
25755,FOUND,1,10457,16867,1,1398
26029,FOUND,1,10726,16883,1,1399
23104,FOUND,1,9011,16638,1,1400
23032,FOUND,1,8939,16624,1,1401
15137,FOUND,1,2532,12157,1,1402
25296,FOUND,1,10016,16829,1,1403
25343,FOUND,1,10055,16852,1,1404
25362,FOUND,1,10066,16847,1,1405
26103,FOUND,1,10798,16862,1,1406
23892,FOUND,1,9757,16784,1,1407
40799,FOUND,1,20219,24481,1,1408
43488,FOUND,1,22520,25249,1,1409
43466,FOUND,1,22498,25249,1,1410
43474,FOUND,1,22506,25259,1,1411
43483,FOUND,1,22515,25252,1,1412
43435,FOUND,1,22467,25253,1,1413
43465,FOUND,1,22497,25248,1,1414
43482,FOUND,1,22514,25252,1,1415
43433,FOUND,1,22465,25255,1,1416
43485,FOUND,1,22517,25255,1,1417
32425,FOUND,1,13164,25221,1,1418
43434,FOUND,1,22466,25254,1,1419
43487,FOUND,1,22519,25250,1,1420
43481,FOUND,1,22513,25250,1,1421
43444,FOUND,1,22476,25259,1,1422
43501,FOUND,1,22533,25254,1,1423
16504,FOUND,1,3877,24592,1,1424
42520,FOUND,1,29081,25227,1,1425
40877,FOUND,1,20276,24605,1,1426
41444,FOUND,1,20783,24649,1,1427
39255,FOUND,1,19003,24622,1,1428
13118,FOUND,1,612,12157,1,1429
41785,FOUND,1,21117,24617,1,1430
40947,FOUND,1,20326,24631,1,1431
41714,FOUND,1,21050,26410,1,1432
32421,FOUND,1,13160,25222,1,1433
46066,FOUND,1,24393,25220,1,1434
42519,FOUND,1,28024,25223,1,1435
43460,FOUND,1,22492,25277,1,1436
42530,FOUND,1,21651,25226,1,1437
32432,FOUND,1,13170,25222,1,1438
32435,FOUND,1,13173,25223,1,1439
41424,FOUND,1,20763,24597,1,1440
15249,NOT_FOUND,0,,,1,1441
41419,FOUND,1,20758,24595,1,1442
40924,FOUND,1,28973,24594,1,1443
18415,FOUND,1,5469,12157,1,1444
41422,FOUND,1,20761,24596,1,1445
41713,FOUND,1,21049,24596,1,1446
43503,FOUND,1,22535,25248,1,1447
40923,FOUND,1,27889,24602,1,1448
25288,FOUND,1,28736,16583,1,1449
32422,FOUND,1,13161,25221,1,1450
41425,FOUND,1,20764,24594,1,1451
40967,FOUND,1,27925,24588,1,1452
41782,FOUND,1,28974,24609,1,1453
41783,FOUND,1,27733,24607,1,1454
40951,FOUND,1,20330,24646,1,1455
41423,FOUND,1,20762,24590,1,1456
41023,FOUND,1,27729,24587,1,1457
26570,FOUND,1,11212,12157,1,1458
41416,FOUND,1,20755,24590,1,1459
40916,FOUND,1,28972,24591,1,1460
45116,FOUND,1,23764,24305,1,1461
22729,FOUND,1,8674,12157,1,1462
26875,FOUND,1,11513,12157,1,1463
26827,FOUND,1,11465,12157,1,1464
41858,FOUND,1,21182,24613,1,1465
41863,FOUND,1,21187,24617,1,1466
40944,FOUND,1,20323,24632,1,1467
41867,FOUND,1,21191,24612,1,1468
40871,FOUND,1,20270,24611,1,1469
41496,FOUND,1,20833,24591,1,1470
40995,FOUND,1,28977,24630,1,1471
40996,FOUND,1,27929,24589,1,1472
40966,FOUND,1,20334,24587,1,1473
17677,FOUND,1,4834,12157,1,1474
14743,FOUND,1,2175,12157,1,1475
40961,FOUND,1,27921,24610,1,1476
30774,FOUND,1,12690,12157,1,1477
14668,FOUND,1,2109,12157,1,1478
26811,FOUND,1,11449,12157,1,1479
41420,FOUND,1,20759,24589,1,1480
23904,FOUND,1,9769,12157,1,1481
18204,FOUND,1,5271,12157,1,1482
27104,FOUND,1,11741,12157,1,1483
42339,FOUND,1,21534,25633,1,1484
45115,FOUND,1,23763,24307,1,1485
45568,FOUND,1,24103,24308,1,1486
42334,FOUND,1,21529,25637,1,1487
45206,FOUND,1,23849,24286,1,1488
45123,FOUND,1,23771,24306,1,1489
39256,FOUND,1,19004,24598,1,1490
42333,FOUND,1,21528,25636,1,1491
45570,FOUND,1,24105,24308,1,1492
40921,FOUND,1,27887,24598,1,1493
42335,FOUND,1,21530,25636,1,1494
42338,FOUND,1,21533,25637,1,1495
45572,FOUND,1,24107,24301,1,1496
40950,FOUND,1,20329,24618,1,1497
45239,FOUND,1,23880,24287,1,1498
45241,FOUND,1,23882,24288,1,1499
45232,FOUND,1,23873,24292,1,1500
45118,FOUND,1,23766,24301,1,1501
45394,FOUND,1,27383,24285,1,1502
45565,FOUND,1,24100,24293,1,1503
45243,FOUND,1,23884,24287,1,1504
45203,FOUND,1,23846,24288,1,1505
45582,FOUND,1,27384,24285,1,1506
45237,FOUND,1,23878,24289,1,1507
45248,FOUND,1,27382,24289,1,1508
45231,FOUND,1,23872,24291,1,1509
45235,FOUND,1,23876,24291,1,1510
45228,FOUND,1,23870,24292,1,1511
42190,FOUND,1,21414,24696,1,1512
42021,FOUND,1,29011,24761,1,1513
42101,FOUND,1,21337,24760,1,1514
42014,FOUND,1,21291,24742,1,1515
42024,FOUND,1,29004,24742,1,1516
42144,FOUND,1,21372,24743,1,1517
42081,FOUND,1,29003,24741,1,1518
33983,FOUND,1,14151,14741,1,1519
41918,FOUND,1,27314,24761,1,1520
41468,FOUND,1,20806,24696,1,1521
42112,FOUND,1,21345,24743,1,1522
42330,FOUND,1,21525,25633,1,1523
42020,FOUND,1,27948,24762,1,1524
42187,FOUND,1,21411,24693,1,1525
42173,FOUND,1,21397,24693,1,1526
42019,FOUND,1,27947,24741,1,1527
14414,FOUND,1,1859,12157,1,1528
16632,FOUND,1,3969,14666,1,1529
16039,FOUND,1,3419,12157,1,1530
36504,FOUND,1,16600,15340,1,1531
22834,FOUND,1,8776,16517,1,1532
23372,FOUND,1,9267,12157,1,1533
16285,FOUND,1,3663,12157,1,1534
15994,FOUND,1,3374,12157,1,1535
45576,FOUND,1,24111,24297,1,1536
28023,FOUND,1,12584,12157,1,1537
14434,FOUND,1,1879,12157,1,1538
26181,NOT_FOUND,0,,,1,1539
15948,FOUND,1,3328,12157,1,1540
15580,FOUND,1,2962,12157,1,1541
15601,FOUND,1,2983,12157,1,1542
45320,FOUND,1,23889,14666,1,1543
13542,FOUND,1,1020,12157,1,1544
22261,FOUND,1,28721,16411,1,1545
25374,FOUND,1,10078,16413,1,1546
26224,FOUND,1,10872,12157,1,1547
33868,FOUND,1,14089,26410,1,1548
22262,FOUND,1,28722,16412,1,1549
25355,FOUND,1,28746,16411,1,1550
22373,FOUND,1,28729,16412,1,1551
16422,FOUND,1,3800,12157,1,1552
22264,FOUND,1,8218,16413,1,1553
45581,FOUND,1,24116,24297,1,1554
22268,FOUND,1,28723,16403,1,1555
43505,FOUND,1,22537,25098,1,1556
26074,FOUND,1,10770,16870,1,1557
22255,FOUND,1,8213,16407,1,1558
22247,FOUND,1,28718,16403,1,1559
21646,FOUND,1,7628,16105,1,1560
21652,FOUND,1,7633,16109,1,1561
22059,NOT_FOUND,0,,,1,1562
21647,FOUND,1,7629,16106,1,1563
21960,FOUND,1,7928,16106,1,1564
21890,FOUND,1,7863,16243,1,1565
21579,FOUND,1,7561,16079,1,1566
23250,FOUND,1,9152,16659,1,1567
21893,FOUND,1,7866,16082,1,1568
21963,FOUND,1,7931,16107,1,1569
15917,FOUND,1,3297,12157,1,1570
45567,FOUND,1,24102,24293,1,1571
21878,FOUND,1,7851,16243,1,1572
21961,FOUND,1,7929,16248,1,1573
21584,FOUND,1,7566,16082,1,1574
21931,FOUND,1,7901,16258,1,1575
43404,FOUND,1,22439,17516,1,1576
45563,FOUND,1,24098,17839,1,1577
43398,FOUND,1,22433,17513,1,1578
43419,FOUND,1,22453,17523,1,1579
43418,FOUND,1,22452,17522,1,1580
43405,FOUND,1,22440,17516,1,1581
43416,NOT_FOUND,0,,,1,1582
21650,FOUND,1,7631,16108,1,1583
43403,FOUND,1,22438,17515,1,1584
43417,FOUND,1,22451,17522,1,1585
23296,FOUND,1,9194,16689,1,1586
45559,FOUND,1,24094,17839,1,1587
45119,FOUND,1,23767,17809,1,1588
43401,FOUND,1,22436,17514,1,1589
43394,FOUND,1,22429,17511,1,1590
21700,FOUND,1,7679,16142,1,1591
33981,FOUND,1,14149,16643,1,1592
21962,FOUND,1,7930,16122,1,1593
33966,FOUND,1,14134,17271,1,1594
45574,FOUND,1,24109,24298,1,1595
21913,FOUND,1,7886,16142,1,1596
33977,FOUND,1,14145,17277,1,1597
17684,FOUND,1,4840,14727,1,1598
38678,NOT_FOUND,0,,,1,1599
23048,FOUND,1,8955,16631,1,1600
21879,FOUND,1,7852,16121,1,1601
22868,FOUND,1,8810,16530,1,1602
22912,FOUND,1,8854,16577,1,1603
21670,FOUND,1,7650,16121,1,1604
27075,FOUND,1,11712,16577,1,1605
21704,FOUND,1,7683,16146,1,1606
22156,FOUND,1,8119,16348,1,1607
23252,FOUND,1,9154,16661,1,1608
22122,FOUND,1,8085,16348,1,1609
22388,FOUND,1,8333,16459,1,1610
22391,FOUND,1,8336,16461,1,1611
22030,FOUND,1,7998,16300,1,1612
45577,FOUND,1,24112,24304,1,1613
22118,FOUND,1,8081,16340,1,1614
22108,FOUND,1,8071,16340,1,1615
21568,FOUND,1,7550,16060,1,1616
21537,FOUND,1,7520,16042,1,1617
18428,FOUND,1,5481,14927,1,1618
22411,FOUND,1,8356,14707,1,1619
23193,FOUND,1,9095,16456,1,1620
22465,FOUND,1,8410,16499,1,1621
23162,FOUND,1,9064,16642,1,1622
22085,FOUND,1,8050,16325,1,1623
22080,FOUND,1,8045,16325,1,1624
21858,FOUND,1,7834,16174,1,1625
21745,FOUND,1,7722,16173,1,1626
44770,FOUND,1,23459,16173,1,1627
23202,FOUND,1,9104,16644,1,1628
17901,FOUND,1,4989,14646,1,1629
17912,FOUND,1,4998,14741,1,1630
15901,FOUND,1,3281,12157,1,1631
39126,FOUND,1,18883,16652,1,1632
21746,FOUND,1,7723,16174,1,1633
44764,FOUND,1,23453,17785,1,1634
44763,FOUND,1,23452,17785,1,1635
45382,NOT_FOUND,0,,,1,1636
22259,FOUND,1,28720,16409,1,1637
32934,FOUND,1,13339,16884,1,1638
32893,FOUND,1,13325,16868,1,1639
22305,FOUND,1,8255,15050,1,1640
31881,NOT_FOUND,0,,,1,1641
32894,FOUND,1,13326,16423,1,1642
19269,FOUND,1,5679,15066,1,1643
22999,FOUND,1,8907,16605,1,1644
25753,FOUND,1,10455,16605,1,1645
22257,FOUND,1,8215,16408,1,1646
32938,FOUND,1,13342,17045,1,1647
21231,FOUND,1,7215,15899,1,1648
25750,FOUND,1,10452,16868,1,1649
19252,FOUND,1,5662,15050,1,1650
26051,FOUND,1,10748,16884,1,1651
45122,FOUND,1,23770,24303,1,1652
21717,FOUND,1,7695,16154,1,1653
22232,FOUND,1,8195,16391,1,1654
14108,FOUND,1,1561,12157,1,1655
22283,FOUND,1,8233,14951,1,1656
21697,FOUND,1,7676,16131,1,1657
22228,FOUND,1,8191,16388,1,1658
22786,FOUND,1,8729,16527,1,1659
21855,FOUND,1,7831,16168,1,1660
21706,FOUND,1,7685,16131,1,1661
21685,FOUND,1,27537,16131,1,1662
22079,FOUND,1,8044,14669,1,1663
14291,FOUND,1,1737,12157,1,1664
22226,FOUND,1,8189,16388,1,1665
44128,FOUND,1,22900,12157,1,1666
13189,FOUND,1,681,12157,1,1667
45571,FOUND,1,24106,24307,1,1668
45229,FOUND,1,23871,24295,1,1669
45234,FOUND,1,23875,24295,1,1670
44774,FOUND,1,23463,16155,1,1671
21720,FOUND,1,7698,16156,1,1672
39112,FOUND,1,18871,16497,1,1673
22173,FOUND,1,8136,16335,1,1674
21719,FOUND,1,7697,16155,1,1675
22097,FOUND,1,8062,16335,1,1676
22988,FOUND,1,8897,16601,1,1677
45264,NOT_FOUND,0,,,1,1678
22230,FOUND,1,8193,16389,1,1679
21793,FOUND,1,7770,26410,1,1680
22327,FOUND,1,8277,16431,1,1681
22241,FOUND,1,8203,16397,1,1682
22253,FOUND,1,8211,16406,1,1683
22543,FOUND,1,8488,16435,1,1684
22538,FOUND,1,8483,16443,1,1685
22238,FOUND,1,8201,16395,1,1686
22252,FOUND,1,8210,16404,1,1687
22099,FOUND,1,8064,16326,1,1688
22248,FOUND,1,8208,16404,1,1689
22222,FOUND,1,8185,16384,1,1690
22227,FOUND,1,8190,16389,1,1691
20088,FOUND,1,6233,15391,1,1692
13954,FOUND,1,1411,12157,1,1693
36586,FOUND,1,16679,15960,1,1694
43155,FOUND,1,22213,17480,1,1695
17509,FOUND,1,4689,14711,1,1696
43126,FOUND,1,22194,17472,1,1697
13784,FOUND,1,1256,12157,1,1698
43156,FOUND,1,22214,17480,1,1699
16322,FOUND,1,3700,12157,1,1700
22004,FOUND,1,7972,16291,1,1701
45186,FOUND,1,23831,17817,1,1702
22162,FOUND,1,8125,16157,1,1703
21764,FOUND,1,7741,16119,1,1704
13141,NOT_FOUND,0,,,1,1705
21668,FOUND,1,7648,16119,1,1706
22835,FOUND,1,8777,16554,1,1707
22072,FOUND,1,8038,16215,1,1708
21341,FOUND,1,7325,15960,1,1709
47143,FOUND,1,25392,12157,1,1710
14276,FOUND,1,1722,12157,1,1711
14423,FOUND,1,1868,12157,1,1712
23025,FOUND,1,8933,16573,1,1713
15257,FOUND,1,2645,12157,1,1714
21600,FOUND,1,7582,26410,1,1715
15966,FOUND,1,3346,12157,1,1716
45369,NOT_FOUND,0,,,1,1717
21590,FOUND,1,7572,16085,1,1718
23033,FOUND,1,8940,16563,1,1719
22073,FOUND,1,8039,16322,1,1720
21680,FOUND,1,7660,16128,1,1721
32943,FOUND,1,13347,16614,1,1722
22862,FOUND,1,8804,16091,1,1723
43124,FOUND,1,22192,17470,1,1724
22887,FOUND,1,8829,16085,1,1725
43089,FOUND,1,22158,17457,1,1726
23133,FOUND,1,9040,12157,1,1727
43149,FOUND,1,28868,17470,1,1728
13049,FOUND,1,543,12157,1,1729
22906,FOUND,1,8848,16573,1,1730
13512,FOUND,1,990,12157,1,1731
18393,FOUND,1,5451,12157,1,1732
17599,FOUND,1,4771,12157,1,1733
22167,FOUND,1,8130,16350,1,1734
22880,FOUND,1,8822,16563,1,1735
17277,FOUND,1,4514,14701,1,1736
22126,FOUND,1,8089,16350,1,1737
22100,NOT_FOUND,0,,,1,1738
22433,FOUND,1,8378,16483,1,1739
43086,FOUND,1,22155,17457,1,1740
43092,FOUND,1,22161,17461,1,1741
20465,FOUND,1,6550,15560,1,1742
22441,FOUND,1,8386,16347,1,1743
21880,FOUND,1,7853,14708,1,1744
36627,FOUND,1,16720,26410,1,1745
17301,FOUND,1,4530,14706,1,1746
36654,FOUND,1,16747,14706,1,1747
22033,FOUND,1,8001,16298,1,1748
22837,FOUND,1,8779,16554,1,1749
22086,FOUND,1,8051,16322,1,1750
17404,FOUND,1,4598,14708,1,1751
22065,FOUND,1,8031,16316,1,1752
22804,FOUND,1,8746,26410,1,1753
36629,FOUND,1,16722,17332,1,1754
27766,FOUND,1,12400,16269,1,1755
22147,FOUND,1,8110,16309,1,1756
22043,FOUND,1,8011,16306,1,1757
36628,FOUND,1,16721,16240,1,1758
22040,FOUND,1,8008,16304,1,1759
22146,FOUND,1,8109,16307,1,1760
22112,FOUND,1,8075,16341,1,1761
22036,FOUND,1,8004,16299,1,1762
22148,FOUND,1,8111,16300,1,1763
22115,FOUND,1,8078,16343,1,1764
18630,FOUND,1,5528,14950,1,1765
22026,FOUND,1,7994,16296,1,1766
22124,FOUND,1,8087,15571,1,1767
22047,FOUND,1,8015,16309,1,1768
21164,FOUND,1,7152,15831,1,1769
21468,FOUND,1,7451,16015,1,1770
21419,FOUND,1,7402,16010,1,1771
21518,FOUND,1,7501,16025,1,1772
25772,FOUND,1,10473,16875,1,1773
21523,FOUND,1,7506,16051,1,1774
21438,FOUND,1,7421,16014,1,1775
14444,FOUND,1,1889,12157,1,1776
21179,FOUND,1,7167,15869,1,1777
21426,FOUND,1,7409,16015,1,1778
21457,FOUND,1,7440,16025,1,1779
21166,FOUND,1,7154,15863,1,1780
21139,FOUND,1,7128,15848,1,1781
21430,FOUND,1,7413,15848,1,1782
21425,FOUND,1,7408,16014,1,1783
21495,FOUND,1,7478,16038,1,1784
42445,FOUND,1,21611,26410,1,1785
45168,FOUND,1,23814,17812,1,1786
42488,FOUND,1,28014,17445,1,1787
42490,FOUND,1,28015,17445,1,1788
42569,FOUND,1,21680,17436,1,1789
46081,FOUND,1,24408,25117,1,1790
42573,FOUND,1,21684,17428,1,1791
42568,FOUND,1,21679,17455,1,1792
45167,FOUND,1,23813,26410,1,1793
42457,FOUND,1,21623,17428,1,1794
45189,FOUND,1,23833,17812,1,1795
21541,FOUND,1,7524,15863,1,1796
21499,FOUND,1,7482,16041,1,1797
21529,FOUND,1,7512,16049,1,1798
42460,FOUND,1,21626,17430,1,1799
42459,FOUND,1,21625,17430,1,1800
21576,FOUND,1,7558,16072,1,1801
21565,FOUND,1,7547,16072,1,1802
21559,FOUND,1,7541,16058,1,1803
21570,FOUND,1,7552,16046,1,1804
21515,FOUND,1,7498,16046,1,1805
42576,FOUND,1,21687,17455,1,1806
42500,FOUND,1,28020,17434,1,1807
42458,FOUND,1,21624,17429,1,1808
42570,FOUND,1,21681,17446,1,1809
42461,FOUND,1,21627,17429,1,1810
42462,FOUND,1,21628,17431,1,1811
21519,FOUND,1,7502,16049,1,1812
21548,FOUND,1,7531,16052,1,1813
42465,FOUND,1,21631,17434,1,1814
42497,FOUND,1,28856,17449,1,1815
45185,FOUND,1,23830,26410,1,1816
42449,FOUND,1,21615,17422,1,1817
42476,FOUND,1,28005,17422,1,1818
42473,FOUND,1,28002,17431,1,1819
42492,FOUND,1,21634,17446,1,1820
23936,FOUND,1,9801,16795,1,1821
22918,FOUND,1,8860,16523,1,1822
16468,FOUND,1,3846,12157,1,1823
23203,FOUND,1,9105,14746,1,1824
17939,FOUND,1,5021,14746,1,1825
17938,FOUND,1,5020,14745,1,1826
22377,FOUND,1,8322,15162,1,1827
45279,NOT_FOUND,0,,,1,1828
22384,FOUND,1,8329,16456,1,1829
23346,FOUND,1,9241,16715,1,1830
21981,FOUND,1,7949,16282,1,1831
21632,FOUND,1,7614,15981,1,1832
21976,FOUND,1,7944,14948,1,1833
16623,FOUND,1,3963,14664,1,1834
23206,FOUND,1,9108,16646,1,1835
21644,FOUND,1,7626,16103,1,1836
22374,FOUND,1,8319,16451,1,1837
22396,FOUND,1,8341,16455,1,1838
22375,FOUND,1,8320,14664,1,1839
21378,FOUND,1,7362,15981,1,1840
18628,FOUND,1,5526,14948,1,1841
21984,FOUND,1,7952,16283,1,1842
21982,FOUND,1,7950,16261,1,1843
22158,FOUND,1,8121,16305,1,1844
21983,FOUND,1,7951,16283,1,1845
21966,FOUND,1,7934,16277,1,1846
21421,FOUND,1,7404,16011,1,1847
32941,FOUND,1,13345,16880,1,1848
26120,FOUND,1,10815,16876,1,1849
23838,FOUND,1,9703,16776,1,1850
23920,FOUND,1,9785,16793,1,1851
22915,FOUND,1,8857,16572,1,1852
24007,FOUND,1,9870,16805,1,1853
14514,FOUND,1,1959,12157,1,1854
23364,FOUND,1,9259,16722,1,1855
23354,FOUND,1,9249,16538,1,1856
24013,FOUND,1,9876,14742,1,1857
26094,FOUND,1,10789,16793,1,1858
43415,FOUND,1,22450,17521,1,1859
23360,FOUND,1,9255,16516,1,1860
31716,FOUND,1,13091,16803,1,1861
23044,FOUND,1,8951,15053,1,1862
44890,FOUND,1,23578,16794,1,1863
25283,FOUND,1,10004,16796,1,1864
19255,FOUND,1,5665,15053,1,1865
24005,FOUND,1,9868,16795,1,1866
20668,FOUND,1,6745,15427,1,1867
20301,FOUND,1,27118,15480,1,1868
20228,FOUND,1,6345,15451,1,1869
20175,FOUND,1,6296,15427,1,1870
20293,FOUND,1,6399,15451,1,1871
17913,FOUND,1,4999,14742,1,1872
26097,FOUND,1,10792,16808,1,1873
19288,FOUND,1,5689,15075,1,1874
23046,FOUND,1,8953,16629,1,1875
24000,FOUND,1,9865,16803,1,1876
20302,FOUND,1,6407,15474,1,1877
19340,FOUND,1,5735,15106,1,1878
20267,FOUND,1,6377,15465,1,1879
18627,FOUND,1,5525,14947,1,1880
47118,FOUND,1,25367,12157,1,1881
20289,FOUND,1,6396,15474,1,1882
20310,FOUND,1,6415,15465,1,1883
21167,FOUND,1,7155,15864,1,1884
20226,FOUND,1,6343,15106,1,1885
15229,FOUND,1,2618,12157,1,1886
20245,FOUND,1,6362,15460,1,1887
20479,FOUND,1,6563,15488,1,1888
22022,FOUND,1,7990,16295,1,1889
20312,FOUND,1,6417,15486,1,1890
20244,FOUND,1,6361,15428,1,1891
20176,FOUND,1,6297,15428,1,1892
33685,FOUND,1,13912,23650,1,1893
20618,FOUND,1,6696,15452,1,1894
20229,FOUND,1,6346,15452,1,1895
20325,FOUND,1,6429,15486,1,1896
23664,FOUND,1,9541,16295,1,1897
25375,FOUND,1,10079,26410,1,1898
23367,FOUND,1,9262,16332,1,1899
26124,FOUND,1,10819,16630,1,1900
22067,FOUND,1,8033,16317,1,1901
22981,FOUND,1,8890,16594,1,1902
23001,FOUND,1,8909,15047,1,1903
22962,FOUND,1,8872,16442,1,1904
22330,FOUND,1,8280,16433,1,1905
22093,FOUND,1,8058,16332,1,1906
19248,FOUND,1,5659,15047,1,1907
23013,FOUND,1,8921,16614,1,1908
24003,FOUND,1,9866,16804,1,1909
22984,FOUND,1,8893,16597,1,1910
24017,FOUND,1,9880,16809,1,1911
22685,FOUND,1,8630,26410,1,1912
23919,FOUND,1,9784,16317,1,1913
22347,FOUND,1,8295,16443,1,1914
22087,FOUND,1,8052,16328,1,1915
31713,FOUND,1,13088,16804,1,1916
23047,FOUND,1,8954,16630,1,1917
25771,FOUND,1,10472,16876,1,1918
21707,FOUND,1,7686,16147,1,1919
25766,FOUND,1,10467,16147,1,1920
26113,FOUND,1,10808,16594,1,1921
31712,FOUND,1,13087,16971,1,1922
26102,FOUND,1,10797,16893,1,1923
22540,FOUND,1,8485,16432,1,1924
31715,FOUND,1,13090,16970,1,1925
21696,FOUND,1,7675,16139,1,1926
26121,FOUND,1,10816,16893,1,1927
22344,FOUND,1,8292,16441,1,1928
22704,FOUND,1,8649,16441,1,1929
25770,FOUND,1,10471,16875,1,1930
22333,FOUND,1,8282,16435,1,1931
32932,FOUND,1,13338,16627,1,1932
32896,NOT_FOUND,0,,,1,1933
13166,FOUND,1,658,12157,1,1934
26093,FOUND,1,10788,16889,1,1935
26099,FOUND,1,10794,16889,1,1936
23043,FOUND,1,8950,16627,1,1937
44893,FOUND,1,23581,15203,1,1938
22328,FOUND,1,8278,16432,1,1939
22064,FOUND,1,8030,16285,1,1940
21986,FOUND,1,7954,16285,1,1941
22016,FOUND,1,7984,16294,1,1942
21991,FOUND,1,7959,15572,1,1943
20483,FOUND,1,6567,15572,1,1944
20482,FOUND,1,6566,15568,1,1945
22656,FOUND,1,8601,12157,1,1946
21884,FOUND,1,7857,16245,1,1947
21971,FOUND,1,7939,16278,1,1948
20477,FOUND,1,6561,15568,1,1949
33691,FOUND,1,13918,23655,1,1950
22153,FOUND,1,8116,15574,1,1951
22031,FOUND,1,7999,16233,1,1952
15134,FOUND,1,2529,12157,1,1953
21935,FOUND,1,7905,16269,1,1954
21873,FOUND,1,7847,16240,1,1955
12616,FOUND,1,191,14644,1,1956
21954,FOUND,1,7922,14645,1,1957
13698,FOUND,1,1175,12157,1,1958
14172,FOUND,1,1625,12157,1,1959
21912,FOUND,1,7885,16262,1,1960
20476,FOUND,1,6560,15567,1,1961
22025,FOUND,1,7993,15567,1,1962
43088,FOUND,1,22157,17458,1,1963
43087,FOUND,1,22156,17458,1,1964
22015,FOUND,1,7983,16291,1,1965
33950,FOUND,1,14123,14671,1,1966
21105,FOUND,1,7094,15826,1,1967
21126,FOUND,1,7115,15826,1,1968
21172,FOUND,1,7160,15844,1,1969
33957,FOUND,1,14125,17265,1,1970
23548,FOUND,1,9433,14654,1,1971
33959,FOUND,1,14127,15864,1,1972
14540,FOUND,1,1985,12157,1,1973
21135,FOUND,1,7124,15844,1,1974
33958,FOUND,1,14126,17263,1,1975
21127,FOUND,1,7116,15837,1,1976
21923,FOUND,1,7896,16266,1,1977
21891,FOUND,1,7864,16250,1,1978
21129,FOUND,1,7118,15841,1,1979
21175,FOUND,1,7163,15842,1,1980
44960,FOUND,1,23634,24520,1,1981
44261,FOUND,1,23031,24517,1,1982
44259,FOUND,1,23029,24517,1,1983
46077,FOUND,1,24404,25119,1,1984
26394,FOUND,1,11037,12157,1,1985
46083,FOUND,1,24410,25121,1,1986
46080,FOUND,1,24407,25118,1,1987
31866,NOT_FOUND,0,,,1,1988
46082,FOUND,1,24409,25117,1,1989
46079,FOUND,1,24406,25118,1,1990
44972,FOUND,1,23646,24523,1,1991
12901,FOUND,1,404,12157,1,1992
13505,FOUND,1,983,12157,1,1993
46084,FOUND,1,24411,25121,1,1994
18631,FOUND,1,5529,14951,1,1995
22681,FOUND,1,8626,12157,1,1996
22667,FOUND,1,8612,12157,1,1997
13872,FOUND,1,1329,12157,1,1998
22225,FOUND,1,8188,16387,1,1999
14512,FOUND,1,1957,12157,1,2000
22644,FOUND,1,8589,12157,1,2001
33687,FOUND,1,13914,23652,1,2002
21659,FOUND,1,7640,16111,1,2003
21695,FOUND,1,7674,16138,1,2004
21698,FOUND,1,7677,16140,1,2005
21705,FOUND,1,7684,16146,1,2006
13089,FOUND,1,583,12157,1,2007
22591,FOUND,1,8536,12157,1,2008
14551,FOUND,1,1996,12157,1,2009
15248,FOUND,1,2637,12157,1,2010
19266,FOUND,1,5676,15064,1,2011
19286,FOUND,1,5687,15073,1,2012
23029,FOUND,1,8936,16622,1,2013
19265,FOUND,1,5675,15063,1,2014
19282,FOUND,1,5684,15071,1,2015
34003,FOUND,1,14171,17286,1,2016
44832,FOUND,1,23521,17802,1,2017
17154,FOUND,1,4412,14683,1,2018
19284,FOUND,1,5686,15073,1,2019
19267,FOUND,1,5677,15063,1,2020
22074,FOUND,1,28714,16323,1,2021
23083,FOUND,1,8990,16544,1,2022
21333,FOUND,1,7317,15954,1,2023
44823,FOUND,1,23512,15064,1,2024
21595,FOUND,1,7577,14683,1,2025
22575,FOUND,1,8520,16508,1,2026
22842,FOUND,1,8784,16333,1,2027
22899,FOUND,1,8841,15071,1,2028
22627,FOUND,1,8572,16508,1,2029
21952,FOUND,1,7920,16141,1,2030
14552,FOUND,1,1997,12157,1,2031
23035,FOUND,1,8942,15068,1,2032
14553,FOUND,1,1998,12157,1,2033
16016,FOUND,1,3396,12157,1,2034
14063,FOUND,1,1517,12157,1,2035
22952,FOUND,1,8863,16555,1,2036
33686,FOUND,1,13913,23651,1,2037
21699,FOUND,1,7678,16141,1,2038
19277,FOUND,1,5681,15068,1,2039
44837,FOUND,1,23526,15058,1,2040
22094,FOUND,1,8059,16333,1,2041
21917,FOUND,1,7890,16149,1,2042
21686,FOUND,1,7665,16132,1,2043
14119,FOUND,1,1572,12157,1,2044
22216,FOUND,1,8179,16382,1,2045
14407,FOUND,1,1852,12157,1,2046
21669,FOUND,1,7649,16120,1,2047
16014,FOUND,1,3394,12157,1,2048
22219,FOUND,1,8182,16383,1,2049
45280,NOT_FOUND,0,,,1,2050
22078,FOUND,1,8043,16186,1,2051
22284,FOUND,1,8234,16383,1,2052
15914,FOUND,1,3294,12157,1,2053
16009,FOUND,1,3389,12157,1,2054
14935,FOUND,1,2356,12157,1,2055
23081,FOUND,1,8988,12157,1,2056
23659,FOUND,1,9536,16713,1,2057
21674,FOUND,1,7654,16124,1,2058
23289,FOUND,1,9188,16676,1,2059
23208,FOUND,1,9110,16472,1,2060
23275,FOUND,1,9177,16677,1,2061
23304,FOUND,1,9202,16482,1,2062
21886,FOUND,1,7859,16247,1,2063
23400,FOUND,1,9293,16473,1,2064
23636,FOUND,1,9513,16704,1,2065
23326,FOUND,1,9221,16704,1,2066
23339,FOUND,1,9234,14730,1,2067
23274,FOUND,1,9176,16676,1,2068
23704,FOUND,1,9581,16700,1,2069
22437,FOUND,1,8382,16478,1,2070
21661,FOUND,1,7642,16113,1,2071
22393,FOUND,1,8338,16460,1,2072
22462,FOUND,1,8407,15506,1,2073
36651,FOUND,1,16744,16649,1,2074
22445,FOUND,1,8390,16487,1,2075
23215,FOUND,1,9117,16649,1,2076
17733,FOUND,1,4882,14730,1,2077
23323,FOUND,1,9218,16703,1,2078
23384,FOUND,1,9277,16664,1,2079
15552,FOUND,1,2934,12157,1,2080
22442,FOUND,1,8387,16487,1,2081
23293,FOUND,1,9191,16687,1,2082
16451,FOUND,1,3829,12157,1,2083
22405,FOUND,1,8350,16465,1,2084
22435,FOUND,1,8380,16465,1,2085
23257,FOUND,1,9159,16664,1,2086
33743,FOUND,1,13968,23679,1,2087
23934,FOUND,1,9799,16776,1,2088
22916,FOUND,1,8858,16578,1,2089
22904,FOUND,1,8846,23580,1,2090
25773,FOUND,1,10474,16810,1,2091
24022,FOUND,1,9885,16810,1,2092
44887,FOUND,1,23575,16937,1,2093
23164,FOUND,1,9066,16500,1,2094
22425,FOUND,1,8370,16477,1,2095
24012,FOUND,1,9875,14738,1,2096
23264,FOUND,1,9166,16477,1,2097
32928,FOUND,1,13337,16587,1,2098
27719,FOUND,1,12356,16778,1,2099
23922,FOUND,1,9787,16794,1,2100
22466,FOUND,1,8411,16500,1,2101
22390,FOUND,1,8335,16460,1,2102
23999,FOUND,1,9864,16802,1,2103
22866,FOUND,1,8808,16520,1,2104
33783,FOUND,1,14007,23162,1,2105
25341,FOUND,1,28743,16613,1,2106
23197,FOUND,1,9099,16634,1,2107
27811,FOUND,1,12444,16608,1,2108
15853,FOUND,1,3234,12157,1,2109
26108,FOUND,1,10803,16629,1,2110
23012,FOUND,1,8920,16613,1,2111
23003,FOUND,1,8911,16608,1,2112
23356,FOUND,1,9251,16718,1,2113
23938,FOUND,1,9803,16796,1,2114
22870,FOUND,1,8812,16537,1,2115
26187,NOT_FOUND,0,,,1,2116
23088,FOUND,1,8995,16634,1,2117
44891,FOUND,1,23579,16528,1,2118
26359,FOUND,1,11003,12157,1,2119
44133,FOUND,1,22905,12157,1,2120
16437,FOUND,1,3815,12157,1,2121
12809,FOUND,1,315,12157,1,2122
22740,FOUND,1,8685,12157,1,2123
28044,FOUND,1,12605,12157,1,2124
13858,FOUND,1,1315,12157,1,2125
23937,FOUND,1,9802,16777,1,2126
16419,FOUND,1,3797,12157,1,2127
43355,FOUND,1,22390,17492,1,2128
23796,FOUND,1,9661,12157,1,2129
13865,FOUND,1,1322,12157,1,2130
43385,FOUND,1,22420,17507,1,2131
16004,FOUND,1,3384,12157,1,2132
43386,FOUND,1,22421,17507,1,2133
32926,FOUND,1,13335,16871,1,2134
18623,FOUND,1,5521,12157,1,2135
47119,FOUND,1,25368,12157,1,2136
22092,FOUND,1,8057,16205,1,2137
43407,FOUND,1,22442,17517,1,2138
43408,FOUND,1,22443,17518,1,2139
47100,FOUND,1,25349,12157,1,2140
22484,FOUND,1,8429,12157,1,2141
26597,FOUND,1,11239,12157,1,2142
22345,FOUND,1,8293,16442,1,2143
19258,FOUND,1,5668,15056,1,2144
43393,FOUND,1,22428,17510,1,2145
14537,FOUND,1,1982,12157,1,2146
43414,FOUND,1,22449,17521,1,2147
33992,FOUND,1,14160,17278,1,2148
19297,FOUND,1,5693,15079,1,2149
33963,FOUND,1,14131,17269,1,2150
19294,FOUND,1,5691,15077,1,2151
44844,FOUND,1,23533,15077,1,2152
33982,FOUND,1,14150,17275,1,2153
33985,FOUND,1,14153,17278,1,2154
33991,FOUND,1,14159,17277,1,2155
33960,FOUND,1,14128,17266,1,2156
19246,FOUND,1,5657,15045,1,2157
21316,FOUND,1,7300,15060,1,2158
44843,FOUND,1,23532,15079,1,2159
44842,FOUND,1,23531,15045,1,2160
33971,FOUND,1,14139,17269,1,2161
33990,FOUND,1,14158,15926,1,2162
47114,FOUND,1,25363,12157,1,2163
21286,FOUND,1,7270,15934,1,2164
33979,FOUND,1,14147,17274,1,2165
42913,FOUND,1,21985,25446,1,2166
42903,FOUND,1,21975,25395,1,2167
20388,FOUND,1,6479,12157,1,2168
33986,FOUND,1,14154,16354,1,2169
21324,FOUND,1,7308,15941,1,2170
33976,FOUND,1,14144,17276,1,2171
22853,FOUND,1,8795,16511,1,2172
33987,FOUND,1,14155,15934,1,2173
33973,FOUND,1,14141,17274,1,2174
22588,FOUND,1,8533,16419,1,2175
22571,FOUND,1,8516,16420,1,2176
33978,FOUND,1,14146,17276,1,2177
33969,FOUND,1,14137,17266,1,2178
21300,FOUND,1,7284,15941,1,2179
22583,FOUND,1,8528,16509,1,2180
22346,FOUND,1,8294,16427,1,2181
22245,FOUND,1,8206,16401,1,2182
22235,FOUND,1,8198,16385,1,2183
22584,FOUND,1,8529,16509,1,2184
22302,FOUND,1,8252,16393,1,2185
22300,FOUND,1,8250,16419,1,2186
22572,FOUND,1,8517,16506,1,2187
22223,FOUND,1,8186,16385,1,2188
23989,FOUND,1,9854,12157,1,2189
22303,FOUND,1,8253,16421,1,2190
22570,FOUND,1,8515,16421,1,2191
22589,FOUND,1,8534,16415,1,2192
22296,FOUND,1,8246,16193,1,2193
22301,FOUND,1,8251,16420,1,2194
22001,FOUND,1,7969,16286,1,2195
21987,FOUND,1,7955,16278,1,2196
22663,FOUND,1,8608,16511,1,2197
21985,FOUND,1,7953,16284,1,2198
33608,FOUND,1,13836,16297,1,2199
20494,FOUND,1,6577,15576,1,2200
22849,FOUND,1,8791,16390,1,2201
22229,FOUND,1,8192,16390,1,2202
21934,FOUND,1,7904,16176,1,2203
21901,FOUND,1,7874,16245,1,2204
22662,FOUND,1,8607,16506,1,2205
21995,FOUND,1,7963,15576,1,2206
21993,FOUND,1,7961,16286,1,2207
21992,FOUND,1,7960,16284,1,2208
22320,FOUND,1,8270,16427,1,2209
21673,FOUND,1,7653,16123,1,2210
21877,FOUND,1,7850,16242,1,2211
20481,FOUND,1,6565,15571,1,2212
21948,FOUND,1,7916,16165,1,2213
22018,FOUND,1,7986,16273,1,2214
21959,FOUND,1,7927,16262,1,2215
21947,FOUND,1,7915,16242,1,2216
21910,FOUND,1,7883,16260,1,2217
21882,FOUND,1,7855,16123,1,2218
22110,FOUND,1,8073,16314,1,2219
22019,FOUND,1,7987,15565,1,2220
20471,FOUND,1,6556,15565,1,2221
21936,FOUND,1,7906,16250,1,2222
22117,FOUND,1,8080,16345,1,2223
22066,FOUND,1,8032,16316,1,2224
33967,FOUND,1,14135,17270,1,2225
33965,FOUND,1,14133,17270,1,2226
33970,FOUND,1,14138,17267,1,2227
33961,FOUND,1,14129,17267,1,2228
15511,FOUND,1,2893,12157,1,2229
21904,FOUND,1,7877,16249,1,2230
21889,FOUND,1,7862,16249,1,2231
21950,FOUND,1,7918,16126,1,2232
45276,NOT_FOUND,0,,,1,2233
21677,FOUND,1,7657,16126,1,2234
21953,FOUND,1,7921,16255,1,2235
21951,FOUND,1,7919,16263,1,2236
21916,FOUND,1,7889,16263,1,2237
21703,FOUND,1,7682,16145,1,2238
21903,FOUND,1,7876,16255,1,2239
45236,FOUND,1,23877,24294,1,2240
45230,FOUND,1,28904,24296,1,2241
45227,FOUND,1,23869,24296,1,2242
45566,FOUND,1,24101,24300,1,2243
45121,FOUND,1,23769,24300,1,2244
45238,FOUND,1,23879,24290,1,2245
45233,FOUND,1,23874,24290,1,2246
45575,FOUND,1,24110,24299,1,2247
45578,FOUND,1,24113,24304,1,2248
45244,FOUND,1,23885,24286,1,2249
45569,FOUND,1,24104,24302,1,2250
45573,FOUND,1,24108,24302,1,2251
12283,FOUND,1,111,24294,1,2252
45579,FOUND,1,24114,24299,1,2253
45580,FOUND,1,24115,24298,1,2254
38264,FOUND,1,28828,17323,1,2255
23420,FOUND,1,9307,12157,1,2256
13249,FOUND,1,734,12157,1,2257
22220,FOUND,1,8183,16197,1,2258
40831,FOUND,1,27876,24459,1,2259
22577,FOUND,1,8522,12157,1,2260
47133,FOUND,1,25382,12157,1,2261
40834,FOUND,1,20236,24458,1,2262
13472,FOUND,1,950,12157,1,2263
45070,FOUND,1,23729,12157,1,2264
22217,FOUND,1,8180,16380,1,2265
11809,FOUND,1,55,12157,1,2266
32915,NOT_FOUND,0,,,2,2267
22215,FOUND,1,8178,16381,1,2269
15886,FOUND,1,3266,12157,1,2270
23798,FOUND,1,9663,16772,1,2271
23767,FOUND,1,9633,16769,1,2272
21768,FOUND,1,7745,16170,1,2273
39110,FOUND,1,18869,16712,1,2274
23781,FOUND,1,9647,16771,1,2275
23762,FOUND,1,9628,16769,1,2276
21769,FOUND,1,7746,16179,1,2277
13519,FOUND,1,997,12157,1,2278
21770,FOUND,1,7747,16184,1,2279
21741,FOUND,1,7718,16169,1,2280
23893,FOUND,1,9758,16733,1,2281
44816,FOUND,1,23505,16743,1,2282
21765,FOUND,1,7742,16183,1,2283
21767,FOUND,1,7744,16184,1,2284
21754,FOUND,1,7731,16179,1,2285
21736,FOUND,1,28707,16166,1,2286
45380,NOT_FOUND,0,,,1,2287
22864,FOUND,1,8806,14685,1,2288
15963,FOUND,1,3343,12157,1,2289
21852,FOUND,1,7828,16214,1,2290
21725,FOUND,1,7703,16161,1,2291
22488,FOUND,1,8433,16504,1,2292
45342,FOUND,1,23911,12157,1,2293
42925,FOUND,1,21997,25446,1,2294
13053,FOUND,1,547,12157,1,2295
23266,FOUND,1,9168,16670,1,2296
39119,FOUND,1,18876,17365,1,2297
21854,FOUND,1,7830,16161,1,2298
23913,FOUND,1,9778,16792,1,2299
15970,FOUND,1,3350,12157,1,2300
23912,FOUND,1,9777,16791,1,2301
13402,FOUND,1,881,12157,1,2302
45321,FOUND,1,23890,16805,1,2303
27341,FOUND,1,11978,14743,1,2304
21753,FOUND,1,7730,16178,1,2305
39113,FOUND,1,18872,17364,1,2306
26106,FOUND,1,10801,16895,1,2307
17928,FOUND,1,5010,14743,1,2308
31711,FOUND,1,13086,16894,1,2309
14226,NOT_FOUND,0,,,1,2310
26111,FOUND,1,10806,16896,1,2311
26114,FOUND,1,10809,16896,1,2312
16147,FOUND,1,3526,12157,1,2313
42895,FOUND,1,21967,25445,1,2314
24006,FOUND,1,9869,16801,1,2315
44888,FOUND,1,23576,16971,1,2316
31710,FOUND,1,13085,16895,1,2317
41421,FOUND,1,20760,24593,1,2318
26630,FOUND,1,11270,12157,1,2319
41445,FOUND,1,20784,24649,1,2320
41451,NOT_FOUND,0,,,1,2321
41433,FOUND,1,20772,24679,1,2322
41495,FOUND,1,20832,24593,1,2323
41034,FOUND,1,20377,24652,1,2324
41028,FOUND,1,20371,24680,1,2325
41458,FOUND,1,20796,24680,1,2326
36655,FOUND,1,16748,26410,1,2327
40970,FOUND,1,27927,24630,1,2328
41715,FOUND,1,21051,24597,1,2329
40884,FOUND,1,20283,24675,1,2330
40891,FOUND,1,20290,24676,1,2331
28196,FOUND,1,28907,24322,1,2332
22361,FOUND,1,8308,16449,1,2333
42974,FOUND,1,22045,25445,1,2334
31709,FOUND,1,13084,16970,1,2335
24019,FOUND,1,9882,16600,1,2336
22366,FOUND,1,8313,16449,1,2337
25363,FOUND,1,10067,16450,1,2338
23890,FOUND,1,9755,16782,1,2339
22971,NOT_FOUND,0,,,1,2340
31714,FOUND,1,13089,16788,1,2341
22365,FOUND,1,8312,16450,1,2342
19291,FOUND,1,5690,15076,1,2343
22987,FOUND,1,8896,16600,1,2344
25332,FOUND,1,10047,16782,1,2345
22231,FOUND,1,8194,16139,1,2346
26059,FOUND,1,10756,16628,1,2347
23045,FOUND,1,8952,16628,1,2348
21755,FOUND,1,7732,16169,1,2349
21742,FOUND,1,7719,16170,1,2350
44817,FOUND,1,23506,17800,1,2351
23490,FOUND,1,9376,26410,1,2352
23758,FOUND,1,9624,16767,1,2353
23298,FOUND,1,9196,16691,1,2354
30832,FOUND,1,12706,12157,1,2355
23783,FOUND,1,9649,16691,1,2356
23873,FOUND,1,9738,16183,1,2357
23887,FOUND,1,9752,16781,1,2358
23754,FOUND,1,9620,16767,1,2359
21766,FOUND,1,7743,16178,1,2360
44818,FOUND,1,23507,17800,1,2361
22460,FOUND,1,8405,16497,1,2362
45597,FOUND,1,24129,12157,1,2363
21564,FOUND,1,7546,16071,1,2364
21969,FOUND,1,7937,16228,1,2365
23353,FOUND,1,9248,14655,1,2366
28031,FOUND,1,12592,12157,1,2367
23190,FOUND,1,9092,16642,1,2368
23161,FOUND,1,9063,16474,1,2369
23210,FOUND,1,9112,16648,1,2370
15805,FOUND,1,3187,12157,1,2371
23338,FOUND,1,9233,16669,1,2372
23194,FOUND,1,9096,16453,1,2373
22379,FOUND,1,8324,16453,1,2374
22381,FOUND,1,8326,16361,1,2375
22376,FOUND,1,8321,16452,1,2376
22198,FOUND,1,8161,16360,1,2377
22382,FOUND,1,8327,16451,1,2378
19256,FOUND,1,5666,15054,1,2379
14578,FOUND,1,2023,12157,1,2380
33984,FOUND,1,14152,15939,1,2381
16312,FOUND,1,3690,12157,1,2382
31850,FOUND,1,28921,24330,1,2383
33964,FOUND,1,14132,17268,1,2384
33980,FOUND,1,14148,17271,1,2385
23037,FOUND,1,8944,16625,1,2386
44841,FOUND,1,23530,15054,1,2387
33968,FOUND,1,14136,17272,1,2388
44851,FOUND,1,23540,15913,1,2389
21656,FOUND,1,7637,16109,1,2390
23492,FOUND,1,9378,26410,1,2391
14555,FOUND,1,2000,12157,1,2392
45171,FOUND,1,23817,17813,1,2393
44845,FOUND,1,23534,16625,1,2394
22594,FOUND,1,8539,12157,1,2395
21712,FOUND,1,7691,16113,1,2396
21666,FOUND,1,7646,16117,1,2397
21658,FOUND,1,7639,16080,1,2398
16933,NOT_FOUND,0,,,1,2399
23451,FOUND,1,9338,16494,1,2400
23818,FOUND,1,9683,16737,1,2401
23827,FOUND,1,9692,16774,1,2402
23756,FOUND,1,9622,16763,1,2403
21651,FOUND,1,7632,16105,1,2404
15611,FOUND,1,2993,12157,1,2405
23749,FOUND,1,9615,16766,1,2406
14258,FOUND,1,1705,12157,1,2407
22455,FOUND,1,8400,16494,1,2408
26273,FOUND,1,10918,12157,1,2409
22244,FOUND,1,8205,16400,1,2410
21371,FOUND,1,7355,15975,1,2411
21819,FOUND,1,7796,26410,1,2412
16212,FOUND,1,3590,12157,1,2413
20091,FOUND,1,6234,15392,1,2414
16604,NOT_FOUND,0,,,1,2415
21921,FOUND,1,7894,16265,1,2416
23018,FOUND,1,8926,16601,1,2417
45588,FOUND,1,24120,12157,1,2418
21888,FOUND,1,7861,16248,1,2419
22372,FOUND,1,8318,16406,1,2420
22265,FOUND,1,8219,16378,1,2421
22250,FOUND,1,8209,16397,1,2422
21955,FOUND,1,7923,16083,1,2423
21956,FOUND,1,7924,16267,1,2424
36475,FOUND,1,16571,17326,1,2425
23750,FOUND,1,9616,26410,1,2426
23382,FOUND,1,9275,16727,1,2427
23373,FOUND,1,28731,16727,1,2428
39127,FOUND,1,18884,17326,1,2429
43387,FOUND,1,22422,17401,1,2430
43362,FOUND,1,22397,17496,1,2431
23444,FOUND,1,9331,16503,1,2432
22470,FOUND,1,8415,16503,1,2433
23450,FOUND,1,9337,16705,1,2434
23292,FOUND,1,9190,14697,1,2435
43425,FOUND,1,22457,17524,1,2436
22448,FOUND,1,8393,16491,1,2437
23715,FOUND,1,9592,16710,1,2438
41707,FOUND,1,21043,17386,1,2439
45036,FOUND,1,23699,25089,1,2440
44978,FOUND,1,23652,24485,1,2441
30874,FOUND,1,12748,12157,1,2442
12923,FOUND,1,424,12157,1,2443
17837,FOUND,1,4935,14735,1,2444
22490,FOUND,1,8435,12157,1,2445
14919,FOUND,1,2341,12157,1,2446
23645,FOUND,1,9522,12157,1,2447
26326,FOUND,1,10971,12157,1,2448
32965,NOT_FOUND,0,,,1,2449
25370,FOUND,1,10074,16862,1,2450
13529,FOUND,1,1007,12157,1,2451
40597,FOUND,1,29070,24998,1,2452
44974,FOUND,1,23648,24487,1,2453
22482,FOUND,1,8427,12157,1,2454
17986,FOUND,1,5058,12157,1,2455
25333,FOUND,1,10048,16844,1,2456
25294,FOUND,1,10014,16828,1,2457
26122,FOUND,1,10817,16828,1,2458
26123,FOUND,1,10818,16899,1,2459
25285,FOUND,1,10006,16638,1,2460
43641,FOUND,1,22660,25172,1,2461
14458,FOUND,1,1903,12157,1,2462
44969,FOUND,1,23643,24485,1,2463
40809,FOUND,1,20226,24445,1,2464
45270,NOT_FOUND,0,,,1,2465
18011,FOUND,1,5080,12157,1,2466
25346,FOUND,1,10058,16790,1,2467
25367,FOUND,1,10071,16784,1,2468
26095,FOUND,1,10790,16852,1,2469
25337,FOUND,1,10052,16847,1,2470
13157,FOUND,1,649,12157,1,2471
45176,FOUND,1,23822,17814,1,2472
45178,FOUND,1,23824,17815,1,2473
32951,NOT_FOUND,0,,,1,2474
21209,FOUND,1,27534,15881,1,2475
21213,FOUND,1,7197,15884,1,2476
44861,NOT_FOUND,0,,,1,2477
13695,FOUND,1,1172,12157,1,2478
22187,FOUND,1,8150,16353,1,2479
21329,FOUND,1,7313,15888,1,2480
22174,FOUND,1,8137,16364,1,2481
22133,FOUND,1,8096,16353,1,2482
21203,FOUND,1,7189,15880,1,2483
21158,FOUND,1,7146,15860,1,2484
21207,FOUND,1,7193,15860,1,2485
42805,FOUND,1,21898,25544,1,2486
44268,FOUND,1,23038,25556,1,2487
47130,FOUND,1,25379,12157,1,2488
44287,FOUND,1,23052,25555,1,2489
42773,FOUND,1,21869,25545,1,2490
42420,FOUND,1,21586,25600,1,2491
44374,FOUND,1,23090,25591,1,2492
44283,FOUND,1,23048,25535,1,2493
42801,FOUND,1,21894,25541,1,2494
42777,FOUND,1,21873,25539,1,2495
42783,FOUND,1,21876,25535,1,2496
42393,FOUND,1,29108,25605,1,2497
42426,FOUND,1,21592,25606,1,2498
44349,FOUND,1,23065,25553,1,2499
42776,FOUND,1,21872,25539,1,2500
15679,FOUND,1,3061,12157,1,2501
44371,FOUND,1,23087,25548,1,2502
42806,FOUND,1,21899,25531,1,2503
42435,FOUND,1,21601,25610,1,2504
45356,NOT_FOUND,0,,,1,2505
44350,FOUND,1,23066,25595,1,2506
44365,FOUND,1,23081,25598,1,2507
44351,FOUND,1,23067,25596,1,2508
44363,FOUND,1,23079,25597,1,2509
23020,FOUND,1,8928,23585,1,2510
20257,NOT_FOUND,0,,,1,2511
20252,FOUND,1,6368,23019,1,2512
20672,NOT_FOUND,0,,,1,2513
22769,FOUND,1,8712,12157,1,2514
20260,NOT_FOUND,0,,,1,2515
42219,FOUND,1,21436,24892,1,2516
42255,FOUND,1,21458,24892,1,2517
41885,FOUND,1,21209,24838,1,2518
42230,FOUND,1,29047,24893,1,2519
42211,FOUND,1,21432,24894,1,2520
41829,FOUND,1,21158,24856,1,2521
41939,FOUND,1,21245,24839,1,2522
41887,NOT_FOUND,0,,,1,2523
42070,FOUND,1,27967,24861,1,2524
46113,FOUND,1,24440,25174,1,2525
15687,FOUND,1,3069,12157,1,2526
41823,FOUND,1,21153,24859,1,2527
21347,FOUND,1,7331,12157,1,2528
14099,FOUND,1,1552,12157,1,2529
42253,FOUND,1,29046,24893,1,2530
42128,FOUND,1,21360,24866,1,2531
33587,FOUND,1,13818,23625,1,2532
33602,FOUND,1,28818,23630,1,2533
20543,FOUND,1,6626,23307,1,2534
60366,FOUND,1,27445,24058,1,2535
16145,FOUND,1,3524,12157,1,2536
33702,FOUND,1,13929,23660,1,2537
14415,FOUND,1,1860,12157,1,2538
20444,FOUND,1,6532,23246,1,2539
20437,FOUND,1,6525,23283,1,2540
33715,FOUND,1,13942,23281,1,2541
20512,FOUND,1,6595,23297,1,2542
20546,FOUND,1,6628,23311,1,2543
33583,FOUND,1,13816,23621,1,2544
33714,FOUND,1,13941,23666,1,2545
20458,FOUND,1,6544,23292,1,2546
33725,FOUND,1,13952,23663,1,2547
60249,FOUND,1,26619,24047,1,2548
60411,FOUND,1,27456,24081,1,2549
26259,FOUND,1,10904,12157,1,2550
23106,FOUND,1,9013,12157,1,2551
45644,FOUND,1,24174,24025,1,2552
60246,FOUND,1,26616,24025,1,2553
33751,FOUND,1,13976,23681,1,2554
24030,FOUND,1,9893,12157,1,2555
20453,FOUND,1,6540,23255,1,2556
14616,FOUND,1,2060,12157,1,2557
20559,FOUND,1,6641,23316,1,2558
60539,FOUND,1,26767,24126,1,2559
33748,FOUND,1,13973,23681,1,2560
28205,FOUND,1,28762,23591,1,2561
42441,FOUND,1,21607,25609,1,2562
42342,FOUND,1,21537,25614,1,2563
42795,FOUND,1,21888,25537,1,2564
42835,FOUND,1,21924,25499,1,2565
13063,FOUND,1,557,12157,1,2566
42360,FOUND,1,27976,25614,1,2567
42853,FOUND,1,28040,25503,1,2568
42855,FOUND,1,21931,25507,1,2569
44280,FOUND,1,23045,25557,1,2570
42807,FOUND,1,21900,25537,1,2571
33716,FOUND,1,13943,23292,1,2572
20552,FOUND,1,6634,23311,1,2573
33721,FOUND,1,13948,23669,1,2574
42353,FOUND,1,21548,25612,1,2575
42716,FOUND,1,21814,25513,1,2576
33703,FOUND,1,13930,23661,1,2577
60250,FOUND,1,26620,24047,1,2578
22280,FOUND,1,8230,12157,1,2579
60548,FOUND,1,28901,24129,1,2580
60547,FOUND,1,28256,24127,1,2581
45307,NOT_FOUND,0,,,1,2582
43811,FOUND,1,22820,23810,1,2583
15056,FOUND,1,2464,12157,1,2584
19634,FOUND,1,5881,12157,1,2585
14243,FOUND,1,1690,12157,1,2586
22619,FOUND,1,8564,12157,1,2587
20536,FOUND,1,6619,23307,1,2588
23456,FOUND,1,9343,12157,1,2589
33467,FOUND,1,13709,23612,1,2590
33456,FOUND,1,13699,23604,1,2591
43698,FOUND,1,22714,23779,1,2592
33753,FOUND,1,13977,23313,1,2593
60364,FOUND,1,27443,24056,1,2594
60397,FOUND,1,28228,24074,1,2595
17940,FOUND,1,5022,12157,1,2596
60362,FOUND,1,27441,24055,1,2597
60240,FOUND,1,26611,24044,1,2598
60404,FOUND,1,28233,24069,1,2599
60378,FOUND,1,27453,24065,1,2600
60396,FOUND,1,28227,24074,1,2601
60403,FOUND,1,26696,24072,1,2602
60365,FOUND,1,27444,24057,1,2603
60391,FOUND,1,28222,24072,1,2604
60399,FOUND,1,28230,24065,1,2605
60138,FOUND,1,26556,24043,1,2606
33712,FOUND,1,13939,23315,1,2607
60256,FOUND,1,26624,24050,1,2608
33737,FOUND,1,13962,23665,1,2609
33723,FOUND,1,13950,23664,1,2610
20531,FOUND,1,6614,23265,1,2611
60254,FOUND,1,28187,24043,1,2612
20551,FOUND,1,6633,23313,1,2613
20434,FOUND,1,6523,23281,1,2614
33708,FOUND,1,13935,23664,1,2615
60409,FOUND,1,28238,24079,1,2616
60255,FOUND,1,26623,24050,1,2617
20516,FOUND,1,6599,23299,1,2618
43710,FOUND,1,22726,23783,1,2619
33741,FOUND,1,13966,23299,1,2620
33739,FOUND,1,13964,23672,1,2621
33711,FOUND,1,13938,23665,1,2622
44852,FOUND,1,23541,15904,1,2623
42346,FOUND,1,21541,25618,1,2624
42732,FOUND,1,21830,25513,1,2625
42752,FOUND,1,21848,25509,1,2626
44292,FOUND,1,23057,25562,1,2627
44288,FOUND,1,23053,25563,1,2628
42361,FOUND,1,27977,25613,1,2629
44375,FOUND,1,23091,25593,1,2630
42351,FOUND,1,21546,25613,1,2631
42545,FOUND,1,21659,25505,1,2632
42754,FOUND,1,21850,25509,1,2633
44366,FOUND,1,23082,25594,1,2634
44353,FOUND,1,23069,25587,1,2635
42813,FOUND,1,21906,25543,1,2636
44291,FOUND,1,23056,25593,1,2637
44368,FOUND,1,23084,25591,1,2638
15716,FOUND,1,3098,12157,1,2639
43695,FOUND,1,22711,23777,1,2640
45300,NOT_FOUND,0,,,1,2641
43694,FOUND,1,22710,23777,1,2642
43692,FOUND,1,22708,23776,1,2643
13933,FOUND,1,1390,12157,1,2644
30849,FOUND,1,12723,12157,1,2645
44664,FOUND,1,23354,25031,1,2646
42131,FOUND,1,21363,24865,1,2647
26200,FOUND,1,10848,12157,1,2648
26338,FOUND,1,10983,12157,1,2649
41891,FOUND,1,21214,24834,1,2650
30779,FOUND,1,12695,12157,1,2651
16914,FOUND,1,4225,12157,1,2652
26237,FOUND,1,10882,12157,1,2653
14429,FOUND,1,1874,12157,1,2654
16081,FOUND,1,3460,12157,1,2655
33786,FOUND,1,14010,23677,1,2656
20522,FOUND,1,6605,23252,1,2657
43700,FOUND,1,22716,23779,1,2658
12804,FOUND,1,310,12157,1,2659
33736,FOUND,1,13961,23677,1,2660
20545,FOUND,1,6627,23283,1,2661
33728,FOUND,1,13955,23672,1,2662
39131,FOUND,1,18888,23727,1,2663
33706,FOUND,1,13933,23662,1,2664
33787,FOUND,1,14011,23662,1,2665
39130,FOUND,1,18887,23726,1,2666
43690,FOUND,1,22706,23727,1,2667
16089,FOUND,1,3468,12157,1,2668
18513,FOUND,1,28694,22763,1,2669
19362,FOUND,1,5757,22904,1,2670
20834,FOUND,1,6859,23416,1,2671
20256,NOT_FOUND,0,,,1,2672
19661,FOUND,1,5901,22991,1,2673
20221,FOUND,1,6338,23207,1,2674
18198,FOUND,1,5265,22730,1,2675
23099,FOUND,1,9006,23185,1,2676
20167,FOUND,1,6289,22730,1,2677
20164,FOUND,1,6288,23185,1,2678
23014,FOUND,1,8922,23584,1,2679
20452,FOUND,1,6539,23290,1,2680
20103,FOUND,1,6238,22870,1,2681
28214,FOUND,1,28763,23592,1,2682
44847,FOUND,1,23536,17804,1,2683
15236,FOUND,1,2625,12157,1,2684
60444,FOUND,1,27478,24091,1,2685
33690,FOUND,1,13917,23655,1,2686
33717,FOUND,1,13944,23658,1,2687
33696,FOUND,1,13923,23650,1,2688
33695,FOUND,1,13922,23652,1,2689
20528,FOUND,1,6611,23304,1,2690
33698,FOUND,1,13925,23658,1,2691
33704,FOUND,1,13931,23648,1,2692
39011,FOUND,1,18809,12157,1,2693
20253,FOUND,1,6369,23218,1,2694
33683,FOUND,1,13910,23648,1,2695
23872,FOUND,1,9737,12157,1,2696
33697,FOUND,1,13924,23657,1,2697
33699,FOUND,1,13926,23659,1,2698
33682,FOUND,1,13909,23647,1,2699
33705,FOUND,1,13932,23659,1,2700
18118,FOUND,1,5186,22701,1,2701
20608,FOUND,1,6686,23090,1,2702
19318,FOUND,1,5713,22873,1,2703
33773,FOUND,1,13997,23645,1,2704
20526,FOUND,1,6609,23248,1,2705
20514,FOUND,1,6597,23298,1,2706
33688,FOUND,1,13915,23653,1,2707
19882,FOUND,1,6068,23090,1,2708
20409,NOT_FOUND,0,,,1,2709
20438,FOUND,1,6526,23247,1,2710
20198,FOUND,1,6319,23195,1,2711
20461,FOUND,1,6547,23273,1,2712
33742,FOUND,1,13967,23676,1,2713
45290,NOT_FOUND,0,,,1,2714
33733,FOUND,1,13960,23676,1,2715
39140,FOUND,1,18897,23729,1,2716
33457,FOUND,1,13700,23605,1,2717
33573,FOUND,1,13808,23623,1,2718
33774,FOUND,1,13998,23682,1,2719
19179,FOUND,1,5625,22839,1,2720
20447,FOUND,1,6534,22839,1,2721
33701,FOUND,1,13928,23656,1,2722
33469,FOUND,1,13711,23614,1,2723
33692,FOUND,1,13919,23656,1,2724
33761,FOUND,1,13985,22993,1,2725
20519,FOUND,1,6602,23301,1,2726
19349,FOUND,1,5744,22893,1,2727
33731,FOUND,1,13958,23674,1,2728
33684,FOUND,1,13911,23649,1,2729
26175,NOT_FOUND,0,,,1,2730
23865,FOUND,1,9730,12157,1,2731
20549,FOUND,1,6631,23251,1,2732
20431,FOUND,1,6520,23278,1,2733
22761,FOUND,1,8704,12157,1,2734
60541,FOUND,1,26769,24128,1,2735
23516,FOUND,1,9401,12157,1,2736
17041,FOUND,1,4328,12157,1,2737
39033,FOUND,1,18824,12157,1,2738
20533,FOUND,1,6616,23305,1,2739
16148,FOUND,1,3527,12157,1,2740
43693,FOUND,1,22709,23776,1,2741
23874,FOUND,1,9739,12157,1,2742
23057,FOUND,1,8964,12157,1,2743
16680,FOUND,1,4011,12157,1,2744
44862,FOUND,1,23550,15963,1,2745
39006,FOUND,1,27680,12157,1,2746
17188,FOUND,1,4444,12157,1,2747
15862,FOUND,1,3243,12157,1,2748
22626,FOUND,1,8571,12157,1,2749
25320,FOUND,1,10037,12157,1,2750
60538,FOUND,1,26766,26410,1,2751
13086,FOUND,1,580,12157,1,2752
22532,FOUND,1,8477,12157,1,2753
32891,NOT_FOUND,0,,,1,2754
15142,FOUND,1,2537,12157,1,2755
60136,FOUND,1,26554,24042,1,2756
15691,FOUND,1,3073,12157,1,2757
12872,FOUND,1,375,12157,1,2758
22695,FOUND,1,8640,12157,1,2759
20429,FOUND,1,6518,23277,1,2760
13411,FOUND,1,890,12157,1,2761
60137,FOUND,1,26555,24042,1,2762
22770,FOUND,1,8713,12157,1,2763
44849,FOUND,1,23538,15898,1,2764
60373,FOUND,1,27448,24060,1,2765
15813,FOUND,1,3195,12157,1,2766
60117,FOUND,1,26540,24032,1,2767
60390,FOUND,1,28221,24061,1,2768
20446,FOUND,1,6533,23286,1,2769
60116,FOUND,1,26539,24032,1,2770
44219,FOUND,1,22991,12157,1,2771
20448,FOUND,1,6535,23287,1,2772
33594,FOUND,1,13824,23294,1,2773
14546,FOUND,1,1991,12157,1,2774
26566,FOUND,1,11208,12157,1,2775
33470,FOUND,1,13712,23609,1,2776
20449,FOUND,1,6536,23288,1,2777
33584,FOUND,1,28815,23287,1,2778
20456,FOUND,1,6542,23291,1,2779
20588,FOUND,1,6666,23026,1,2780
33463,FOUND,1,27606,23609,1,2781
15591,FOUND,1,2973,12157,1,2782
20096,FOUND,1,6237,23162,1,2783
20445,FOUND,1,27122,23256,1,2784
43769,FOUND,1,22784,12157,1,2785
33758,FOUND,1,13982,23335,1,2786
20432,FOUND,1,6521,23279,1,2787
39030,FOUND,1,18821,12157,1,2788
33462,FOUND,1,13705,23608,1,2789
33458,FOUND,1,13701,23603,1,2790
33772,FOUND,1,13996,23640,1,2791
33752,NOT_FOUND,0,,,1,2792
20425,FOUND,1,6514,23274,1,2793
20439,FOUND,1,6527,22812,1,2794
33776,FOUND,1,14000,23653,1,2795
22657,FOUND,1,8602,12157,1,2796
20511,FOUND,1,6594,23261,1,2797
31914,NOT_FOUND,0,,,1,2798
20529,FOUND,1,6612,23301,1,2799
25314,FOUND,1,28738,16837,1,2800
27102,FOUND,1,11739,12157,1,2801
33779,FOUND,1,14003,23692,1,2802
33762,FOUND,1,13986,23687,1,2803
33745,FOUND,1,13970,23674,1,2804
23147,FOUND,1,9051,12157,1,2805
20518,FOUND,1,6601,23298,1,2806
19175,FOUND,1,5622,22837,1,2807
33763,FOUND,1,13987,23687,1,2808
33693,FOUND,1,13920,23647,1,2809
19283,FOUND,1,5685,22860,1,2810
20697,FOUND,1,6762,22709,1,2811
20724,FOUND,1,6781,23199,1,2812
14591,FOUND,1,2036,12157,1,2813
20187,FOUND,1,6308,23195,1,2814
19898,FOUND,1,6083,23100,1,2815
18126,FOUND,1,5194,22709,1,2816
20443,FOUND,1,6531,23100,1,2817
33782,FOUND,1,14006,23690,1,2818
19148,FOUND,1,5595,22814,1,2819
20436,FOUND,1,6524,23282,1,2820
32889,NOT_FOUND,0,,,1,2821
33722,FOUND,1,13949,23670,1,2822
23244,FOUND,1,9146,12157,1,2823
22457,FOUND,1,8402,12157,1,2824
20195,FOUND,1,6316,23199,1,2825
18632,FOUND,1,5530,12157,1,2826
20202,FOUND,1,6323,22837,1,2827
60133,FOUND,1,26551,24041,1,2828
60121,FOUND,1,28889,24029,1,2829
60393,FOUND,1,28224,24071,1,2830
60376,FOUND,1,27451,24063,1,2831
20424,FOUND,1,6513,23273,1,2832
45617,FOUND,1,24149,25388,1,2833
33744,FOUND,1,13969,23678,1,2834
39133,FOUND,1,18890,23728,1,2835
45619,FOUND,1,24151,25390,1,2836
42975,FOUND,1,22046,25444,1,2837
45618,FOUND,1,24150,25389,1,2838
42972,FOUND,1,22043,25397,1,2839
42841,FOUND,1,28033,25493,1,2840
42908,FOUND,1,21980,25451,1,2841
42988,FOUND,1,22059,25395,1,2842
33788,FOUND,1,14012,23643,1,2843
33689,FOUND,1,13916,23654,1,2844
12924,FOUND,1,425,12157,1,2845
19737,FOUND,1,5948,23024,1,2846
20464,FOUND,1,6549,23263,1,2847
20532,FOUND,1,6615,23304,1,2848
20535,FOUND,1,6618,23302,1,2849
20525,FOUND,1,6608,23300,1,2850
33729,FOUND,1,13956,23297,1,2851
23816,FOUND,1,9681,12157,1,2852
33713,FOUND,1,13940,23661,1,2853
15957,FOUND,1,3337,12157,1,2854
33760,FOUND,1,13984,23686,1,2855
17935,FOUND,1,5017,12157,1,2856
20451,FOUND,1,6538,23024,1,2857
20513,FOUND,1,6596,23258,1,2858
22617,FOUND,1,8562,12157,1,2859
44186,FOUND,1,22958,12157,1,2860
22478,FOUND,1,8423,12157,1,2861
20515,FOUND,1,6598,23253,1,2862
33727,FOUND,1,13954,23671,1,2863
33726,FOUND,1,13953,23671,1,2864
33720,FOUND,1,13947,23636,1,2865
20553,FOUND,1,6635,23314,1,2866
33778,FOUND,1,14002,23691,1,2867
33781,FOUND,1,14005,23691,1,2868
33771,FOUND,1,13995,23669,1,2869
33658,FOUND,1,13885,23645,1,2870
33709,FOUND,1,13936,23654,1,2871
33780,FOUND,1,14004,23693,1,2872
33738,FOUND,1,13963,23678,1,2873
60540,FOUND,1,26768,24127,1,2874
22353,FOUND,1,8301,12157,1,2875
22612,FOUND,1,8557,12157,1,2876
23156,FOUND,1,9060,12157,1,2877
20537,FOUND,1,6620,23308,1,2878
60406,FOUND,1,28235,24076,1,2879
45258,NOT_FOUND,0,,,1,2880
27861,FOUND,1,28754,16839,1,2881
20550,FOUND,1,6632,23310,1,2882
20538,FOUND,1,6621,23308,1,2883
33656,FOUND,1,13883,23643,1,2884
33740,FOUND,1,13965,23262,1,2885
20534,FOUND,1,6617,23306,1,2886
20541,FOUND,1,6624,23306,1,2887
22989,FOUND,1,8898,12157,1,2888
46116,FOUND,1,24443,25178,1,2889
45721,FOUND,1,24224,24026,1,2890
26306,FOUND,1,10951,12157,1,2891
18366,FOUND,1,5426,12157,1,2892
60296,FOUND,1,27433,24053,1,2893
43235,FOUND,1,27347,25185,1,2894
46110,FOUND,1,24437,25174,1,2895
43638,FOUND,1,22657,25170,1,2896
46119,FOUND,1,24446,25178,1,2897
46108,FOUND,1,24435,25175,1,2898
43636,FOUND,1,22655,25169,1,2899
46114,FOUND,1,24441,25175,1,2900
41459,FOUND,1,20797,24702,1,2901
43231,FOUND,1,22281,25186,1,2902
42906,FOUND,1,21978,25439,1,2903
42901,FOUND,1,21973,25403,1,2904
45114,FOUND,1,23762,25438,1,2905
42916,FOUND,1,21988,25443,1,2906
42940,FOUND,1,22012,25443,1,2907
45112,FOUND,1,23760,25437,1,2908
43274,FOUND,1,22312,25342,1,2909
45616,FOUND,1,24148,25387,1,2910
20463,FOUND,1,6548,23294,1,2911
45613,FOUND,1,24145,25387,1,2912
39134,FOUND,1,18891,23336,1,2913
20605,FOUND,1,6683,23336,1,2914
33581,FOUND,1,13814,23618,1,2915
33592,FOUND,1,13822,23628,1,2916
33468,FOUND,1,13710,23613,1,2917
32428,FOUND,1,13166,25226,1,2918
32431,FOUND,1,13169,25189,1,2919
42527,FOUND,1,28029,25227,1,2920
43635,FOUND,1,22654,25169,1,2921
32419,FOUND,1,27589,25189,1,2922
42529,FOUND,1,21650,25191,1,2923
32429,FOUND,1,13167,25190,1,2924
43639,FOUND,1,22658,25171,1,2925
32433,FOUND,1,13171,25196,1,2926
42532,FOUND,1,21652,25191,1,2927
60458,FOUND,1,28243,24098,1,2928
42523,FOUND,1,28027,25193,1,2929
41679,FOUND,1,21015,24582,1,2930
43640,FOUND,1,22659,25171,1,2931
26279,FOUND,1,10924,12157,1,2932
41892,FOUND,1,21215,24833,1,2933
41873,FOUND,1,21197,26410,1,2934
17328,NOT_FOUND,0,,,1,2935
32979,NOT_FOUND,0,,,1,2936
15670,FOUND,1,3052,12157,1,2937
13207,FOUND,1,699,12157,1,2938
16134,FOUND,1,3513,12157,1,2939
41886,FOUND,1,21210,24835,1,2940
44520,FOUND,1,23216,25568,1,2941
16492,FOUND,1,3870,12157,1,2942
31882,NOT_FOUND,0,,,1,2943
33785,FOUND,1,14009,23236,1,2944
20733,FOUND,1,6787,23371,1,2945
23097,FOUND,1,9004,23029,1,2946
16279,FOUND,1,3657,12157,1,2947
26392,FOUND,1,11035,12157,1,2948
46118,FOUND,1,24445,25177,1,2949
46120,FOUND,1,24447,25179,1,2950
43528,FOUND,1,22558,25181,1,2951
32426,FOUND,1,13165,25225,1,2952
46115,FOUND,1,24442,25179,1,2953
32437,FOUND,1,13175,25187,1,2954
42518,FOUND,1,29080,25224,1,2955
42531,FOUND,1,29076,25192,1,2956
46122,FOUND,1,24449,25180,1,2957
46112,FOUND,1,24439,25173,1,2958
43546,FOUND,1,22576,25183,1,2959
43533,FOUND,1,22563,25187,1,2960
43527,FOUND,1,22557,25183,1,2961
43642,FOUND,1,22661,25172,1,2962
46111,FOUND,1,24438,25173,1,2963
43812,FOUND,1,22821,23811,1,2964
44403,FOUND,1,23117,23801,1,2965
43706,FOUND,1,22722,23782,1,2966
43796,FOUND,1,22805,23801,1,2967
60447,FOUND,1,27481,24093,1,2968
43707,FOUND,1,22723,23780,1,2969
43535,FOUND,1,22565,25184,1,2970
60452,FOUND,1,27486,24096,1,2971
43534,FOUND,1,22564,25182,1,2972
43699,FOUND,1,22715,23780,1,2973
46121,FOUND,1,24448,25180,1,2974
46117,FOUND,1,24444,25177,1,2975
42515,FOUND,1,28022,25228,1,2976
43531,FOUND,1,22561,25182,1,2977
43536,FOUND,1,22566,25184,1,2978
41883,FOUND,1,21207,24835,1,2979
42205,FOUND,1,21428,24869,1,2980
43643,FOUND,1,22662,25176,1,2981
42517,FOUND,1,29077,25192,1,2982
14930,FOUND,1,2351,12157,1,2983
42223,FOUND,1,21439,24870,1,2984
42206,FOUND,1,29038,24870,1,2985
45008,FOUND,1,23675,25580,1,2986
41875,FOUND,1,21199,24839,1,2987
42077,FOUND,1,21318,24865,1,2988
23227,FOUND,1,9129,12157,1,2989
30787,FOUND,1,12703,12157,1,2990
13123,FOUND,1,617,12157,1,2991
22613,FOUND,1,8558,12157,1,2992
15715,FOUND,1,3097,12157,1,2993
41880,FOUND,1,21204,24836,1,2994
33578,FOUND,1,28814,23625,1,2995
22701,FOUND,1,8646,12157,1,2996
33582,FOUND,1,13815,23626,1,2997
20721,FOUND,1,6778,23368,1,2998
33580,FOUND,1,13813,23604,1,2999
23009,FOUND,1,8917,23208,1,3000
20604,FOUND,1,6682,23335,1,3001
33586,FOUND,1,28816,23611,1,3002
41435,FOUND,1,20774,24703,1,3003
33585,FOUND,1,13817,23626,1,3004
20460,FOUND,1,6546,23031,1,3005
33595,FOUND,1,13825,23627,1,3006
19740,FOUND,1,5951,23026,1,3007
33466,FOUND,1,13708,23611,1,3008
33588,FOUND,1,28817,23627,1,3009
33589,FOUND,1,13819,23628,1,3010
42800,FOUND,1,21893,25479,1,3011
42808,FOUND,1,21901,25543,1,3012
42905,FOUND,1,21977,25398,1,3013
42970,FOUND,1,22041,25392,1,3014
42858,FOUND,1,29099,25491,1,3015
42804,FOUND,1,21897,25483,1,3016
60291,FOUND,1,28209,24051,1,3017
42902,FOUND,1,21974,25444,1,3018
42740,FOUND,1,21837,25482,1,3019
42839,FOUND,1,27707,25491,1,3020
42753,FOUND,1,21849,25481,1,3021
42736,FOUND,1,21833,25482,1,3022
44211,FOUND,1,22983,12157,1,3023
42719,FOUND,1,21817,25481,1,3024
42792,FOUND,1,21885,25487,1,3025
42790,FOUND,1,21883,25487,1,3026
43824,FOUND,1,22831,23814,1,3027
60298,FOUND,1,27435,24054,1,3028
45720,FOUND,1,24223,24028,1,3029
60293,FOUND,1,28210,24028,1,3030
25318,FOUND,1,10035,12157,1,3031
42769,FOUND,1,21865,25488,1,3032
42809,FOUND,1,21902,25486,1,3033
20520,FOUND,1,6603,23250,1,3034
42734,FOUND,1,29098,25480,1,3035
13064,FOUND,1,558,12157,1,3036
42744,FOUND,1,21841,25480,1,3037
42748,FOUND,1,21844,25476,1,3038
42789,FOUND,1,21882,25479,1,3039
42812,FOUND,1,21905,25484,1,3040
26734,FOUND,1,11372,12157,1,3041
43808,FOUND,1,22817,23809,1,3042
42810,FOUND,1,21903,25486,1,3043
42592,FOUND,1,21702,25495,1,3044
45713,FOUND,1,24216,24027,1,3045
15843,FOUND,1,3224,12157,1,3046
45712,FOUND,1,24215,24026,1,3047
60290,FOUND,1,28208,24051,1,3048
60412,FOUND,1,28240,24082,1,3049
43793,FOUND,1,22802,23799,1,3050
60299,FOUND,1,27436,24054,1,3051
15689,FOUND,1,3071,12157,1,3052
60295,FOUND,1,27432,24052,1,3053
42197,FOUND,1,21421,23752,1,3054
42192,FOUND,1,21416,23751,1,3055
60294,FOUND,1,28211,24052,1,3056
43687,FOUND,1,22703,23775,1,3057
43691,FOUND,1,22707,23775,1,3058
23557,FOUND,1,9436,12157,1,3059
43765,FOUND,1,22780,23782,1,3060
43802,FOUND,1,22811,23778,1,3061
15723,FOUND,1,3105,12157,1,3062
43805,FOUND,1,22814,23804,1,3063
15952,FOUND,1,3332,12157,1,3064
43696,FOUND,1,22712,23778,1,3065
45315,NOT_FOUND,0,,,1,3066
60456,FOUND,1,27488,24096,1,3067
43815,FOUND,1,22823,23810,1,3068
60457,FOUND,1,28242,24098,1,3069
25280,FOUND,1,10001,16821,1,3070
25308,FOUND,1,10027,16835,1,3071
24129,FOUND,1,9992,16814,1,3072
23501,NOT_FOUND,0,,,1,3073
22358,NOT_FOUND,0,,,1,3074
32953,FOUND,1,13352,17046,1,3075
23902,FOUND,1,9767,16789,1,3076
23007,FOUND,1,8915,16611,1,3077
22980,FOUND,1,8889,16593,1,3078
22985,FOUND,1,8894,16598,1,3079
25372,FOUND,1,10076,16863,1,3080
26073,FOUND,1,10769,16836,1,3081
23022,FOUND,1,8930,16593,1,3082
32954,FOUND,1,13353,16821,1,3083
32949,FOUND,1,13350,16863,1,3084
25329,FOUND,1,10044,16789,1,3085
21571,FOUND,1,7553,16074,1,3086
39020,FOUND,1,27228,12157,1,3087
31859,FOUND,1,13117,16589,1,3088
21550,FOUND,1,7532,16059,1,3089
21352,FOUND,1,7336,15962,1,3090
21236,FOUND,1,7220,15904,1,3091
31864,FOUND,1,13119,16888,1,3092
42658,FOUND,1,21765,12157,1,3093
23094,FOUND,1,9001,15962,1,3094
23979,FOUND,1,9844,12157,1,3095
23897,FOUND,1,9762,16786,1,3096
21521,FOUND,1,7504,16032,1,3097
21249,FOUND,1,7233,15887,1,3098
21219,FOUND,1,7203,15887,1,3099
21232,FOUND,1,7216,15900,1,3100
21227,FOUND,1,7211,15895,1,3101
21234,FOUND,1,7218,15902,1,3102
21353,FOUND,1,7337,15944,1,3103
44846,FOUND,1,23535,15894,1,3104
21338,FOUND,1,7322,15958,1,3105
21237,FOUND,1,7221,15900,1,3106
21259,FOUND,1,7243,15917,1,3107
21354,FOUND,1,7338,15961,1,3108
21350,FOUND,1,7334,15961,1,3109
21257,FOUND,1,7241,15917,1,3110
21226,FOUND,1,7210,15894,1,3111
21261,FOUND,1,7245,15920,1,3112
40716,FOUND,1,20150,24997,1,3113
40710,FOUND,1,20144,24986,1,3114
40666,FOUND,1,20128,24999,1,3115
40663,FOUND,1,20127,24963,1,3116
40605,FOUND,1,27800,24997,1,3117
43600,FOUND,1,22619,25009,1,3118
20372,FOUND,1,6466,15505,1,3119
22178,FOUND,1,8141,16369,1,3120
40659,FOUND,1,27836,24964,1,3121
40678,FOUND,1,29061,24964,1,3122
21348,FOUND,1,7332,15861,1,3123
40449,FOUND,1,19984,25001,1,3124
40654,FOUND,1,20126,24968,1,3125
40641,FOUND,1,20121,24983,1,3126
21351,FOUND,1,7335,15921,1,3127
23142,FOUND,1,27545,12157,1,3128
40640,FOUND,1,20120,24979,1,3129
40656,FOUND,1,27833,24967,1,3130
40609,FOUND,1,27804,24979,1,3131
40610,FOUND,1,27805,24982,1,3132
40655,FOUND,1,27832,24968,1,3133
40673,FOUND,1,20133,24963,1,3134
40651,FOUND,1,20124,24986,1,3135
23095,FOUND,1,9002,14686,1,3136
21306,FOUND,1,7290,15944,1,3137
40714,FOUND,1,20148,24970,1,3138
40649,FOUND,1,27831,24967,1,3139
12774,FOUND,1,282,12157,1,3140
40632,FOUND,1,27824,24969,1,3141
40691,FOUND,1,29064,24981,1,3142
40713,FOUND,1,20147,24969,1,3143
44680,FOUND,1,23370,25023,1,3144
44673,FOUND,1,23363,25024,1,3145
44684,FOUND,1,23374,25025,1,3146
44662,FOUND,1,23352,25022,1,3147
23941,FOUND,1,9806,12157,1,3148
45325,FOUND,1,23894,25004,1,3149
44669,FOUND,1,23359,25022,1,3150
44761,FOUND,1,23450,25019,1,3151
40687,FOUND,1,27848,24975,1,3152
44962,FOUND,1,23636,25004,1,3153
44686,FOUND,1,23376,25025,1,3154
44676,FOUND,1,23366,25028,1,3155
44671,FOUND,1,23361,25024,1,3156
44666,FOUND,1,23356,25023,1,3157
44959,FOUND,1,23633,25005,1,3158
44683,FOUND,1,23373,25032,1,3159
21221,FOUND,1,7205,15889,1,3160
22132,FOUND,1,8095,16352,1,3161
44681,FOUND,1,23371,25031,1,3162
40694,FOUND,1,20137,24971,1,3163
40715,FOUND,1,20149,24971,1,3164
21220,FOUND,1,7204,15888,1,3165
44688,FOUND,1,23378,25033,1,3166
44687,FOUND,1,23377,25033,1,3167
44665,FOUND,1,23355,25030,1,3168
44685,FOUND,1,23375,25032,1,3169
44677,FOUND,1,23367,25030,1,3170
44966,FOUND,1,23640,24486,1,3171
14685,FOUND,1,2125,12157,1,3172
44663,FOUND,1,23353,25026,1,3173
40623,FOUND,1,27816,24976,1,3174
44977,FOUND,1,23651,24486,1,3175
44672,FOUND,1,23362,25027,1,3176
23918,FOUND,1,9783,12157,1,3177
44670,FOUND,1,23360,25029,1,3178
44848,FOUND,1,23537,17804,1,3179
44668,FOUND,1,23358,25026,1,3180
16381,FOUND,1,3759,12157,1,3181
23100,FOUND,1,9007,15890,1,3182
44682,FOUND,1,23372,25027,1,3183
44675,FOUND,1,23365,25029,1,3184
40621,FOUND,1,27815,24977,1,3185
44667,FOUND,1,23357,25028,1,3186
44164,FOUND,1,22936,25019,1,3187
44758,FOUND,1,23447,25018,1,3188
44679,FOUND,1,23369,25021,1,3189
26627,FOUND,1,11267,12157,1,3190
40622,FOUND,1,20113,24975,1,3191
44689,FOUND,1,23379,25020,1,3192
44674,FOUND,1,23364,25020,1,3193
45069,FOUND,1,23728,12157,1,3194
31851,FOUND,1,13115,16840,1,3195
44678,FOUND,1,23368,25021,1,3196
44759,FOUND,1,23448,25018,1,3197
32867,FOUND,1,13310,12157,1,3198
25325,FOUND,1,10042,16840,1,3199
25311,FOUND,1,10030,16836,1,3200
23159,FOUND,1,27547,12157,1,3201
22188,FOUND,1,8151,16356,1,3202
44860,FOUND,1,23549,15956,1,3203
22559,FOUND,1,8504,12157,1,3204
22184,FOUND,1,8147,16327,1,3205
21263,FOUND,1,7247,15922,1,3206
21217,FOUND,1,7201,15884,1,3207
22136,FOUND,1,8099,16356,1,3208
22177,FOUND,1,8140,16352,1,3209
22084,FOUND,1,8049,16327,1,3210
21355,FOUND,1,7339,15963,1,3211
21335,FOUND,1,7319,15956,1,3212
23030,FOUND,1,8937,15922,1,3213
23039,FOUND,1,8946,15889,1,3214
44777,FOUND,1,23466,16156,1,3215
41871,FOUND,1,21195,24655,1,3216
45288,NOT_FOUND,0,,,1,3217
44767,FOUND,1,23456,17786,1,3218
13191,FOUND,1,683,12157,1,3219
22090,FOUND,1,8055,16330,1,3220
18047,FOUND,1,5116,24313,1,3221
44771,FOUND,1,23460,16209,1,3222
43630,FOUND,1,22649,25166,1,3223
14393,FOUND,1,1838,12157,1,3224
21756,FOUND,1,7733,16180,1,3225
21328,FOUND,1,7312,15951,1,3226
40926,FOUND,1,20313,24656,1,3227
41432,FOUND,1,20771,24677,1,3228
41442,FOUND,1,20781,24656,1,3229
13504,FOUND,1,982,12157,1,3230
25304,FOUND,1,10024,16827,1,3231
16097,FOUND,1,3476,12157,1,3232
28026,FOUND,1,12587,12157,1,3233
45086,FOUND,1,23738,25003,1,3234
26057,FOUND,1,10754,16582,1,3235
25293,FOUND,1,10013,16827,1,3236
23268,FOUND,1,9170,16671,1,3237
26068,FOUND,1,10764,16620,1,3238
25383,FOUND,1,10086,16861,1,3239
25331,FOUND,1,10046,16843,1,3240
22586,FOUND,1,8531,16510,1,3241
25759,FOUND,1,10460,16822,1,3242
26069,FOUND,1,10765,16869,1,3243
36656,FOUND,1,16749,16595,1,3244
22573,FOUND,1,8518,16507,1,3245
16553,FOUND,1,3910,12157,1,3246
40690,FOUND,1,27850,24981,1,3247
40667,FOUND,1,29063,24980,1,3248
40682,FOUND,1,27845,24978,1,3249
40653,FOUND,1,29062,24977,1,3250
40647,FOUND,1,29068,24992,1,3251
15988,FOUND,1,3368,12157,1,3252
40613,FOUND,1,27807,24978,1,3253
40650,FOUND,1,29067,24991,1,3254
40598,FOUND,1,20108,24992,1,3255
40634,FOUND,1,27826,24974,1,3256
40639,FOUND,1,20119,24983,1,3257
40852,FOUND,1,20252,24987,1,3258
46056,FOUND,1,24383,25220,1,3259
40865,FOUND,1,20265,24973,1,3260
40630,FOUND,1,27822,24974,1,3261
21342,FOUND,1,7326,15059,1,3262
21266,FOUND,1,7250,15907,1,3263
60572,FOUND,1,28666,14632,1,3264
21250,FOUND,1,7234,15911,1,3265
12862,FOUND,1,367,14648,1,3266
33962,FOUND,1,14130,17268,1,3267
22872,FOUND,1,8814,16560,1,3268
22840,FOUND,1,8782,16549,1,3269
15261,FOUND,1,2649,12157,1,3270
21309,FOUND,1,7293,15906,1,3271
21317,FOUND,1,7301,15915,1,3272
21254,FOUND,1,7238,15915,1,3273
22895,FOUND,1,8837,16565,1,3274
22886,FOUND,1,8828,16565,1,3275
22945,FOUND,1,8862,15952,1,3276
22272,FOUND,1,28725,16405,1,3277
22270,FOUND,1,28724,16399,1,3278
22274,FOUND,1,28726,16396,1,3279
22370,FOUND,1,28728,16409,1,3280
20385,FOUND,1,27121,15510,1,3281
21265,FOUND,1,7249,15911,1,3282
21322,FOUND,1,7306,15946,1,3283
19261,FOUND,1,5671,15059,1,3284
19260,FOUND,1,5670,15058,1,3285
19257,FOUND,1,5667,15055,1,3286
22546,FOUND,1,8491,12157,1,3287
44834,FOUND,1,23523,14648,1,3288
21229,FOUND,1,7213,15897,1,3289
21761,FOUND,1,7738,16181,1,3290
19264,FOUND,1,5674,15062,1,3291
22993,FOUND,1,8902,16603,1,3292
23096,FOUND,1,9003,16637,1,3293
26064,FOUND,1,10760,16637,1,3294
32952,FOUND,1,13351,16838,1,3295
25297,FOUND,1,10017,16830,1,3296
20502,FOUND,1,6585,12157,1,3297
23038,FOUND,1,8945,16602,1,3298
25756,FOUND,1,10458,16586,1,3299
25300,FOUND,1,10020,16604,1,3300
22990,FOUND,1,8899,16602,1,3301
25353,FOUND,1,28745,16842,1,3302
22998,FOUND,1,8906,16604,1,3303
38206,FOUND,1,28827,16850,1,3304
26150,FOUND,1,28752,16903,1,3305
34496,FOUND,1,28824,17323,1,3306
21238,FOUND,1,7222,15903,1,3307
21298,FOUND,1,7282,15902,1,3308
44850,FOUND,1,23539,16366,1,3309
44856,FOUND,1,23545,15878,1,3310
21252,FOUND,1,7236,15913,1,3311
21235,FOUND,1,7219,15903,1,3312
21323,FOUND,1,7307,15931,1,3313
44855,FOUND,1,23544,16556,1,3314
22846,FOUND,1,8788,16556,1,3315
21321,FOUND,1,7305,15895,1,3316
22172,FOUND,1,8135,16366,1,3317
44853,FOUND,1,23542,17805,1,3318
44854,FOUND,1,23543,17805,1,3319
22191,FOUND,1,8154,15901,1,3320
21233,FOUND,1,7217,15901,1,3321
23085,FOUND,1,8992,16367,1,3322
21312,FOUND,1,7296,15947,1,3323
23040,FOUND,1,8947,15910,1,3324
21346,FOUND,1,7330,15892,1,3325
21239,FOUND,1,7223,15893,1,3326
22166,FOUND,1,8129,15908,1,3327
22175,FOUND,1,8138,16367,1,3328
21224,FOUND,1,7208,15892,1,3329
21230,FOUND,1,7214,15898,1,3330
21588,FOUND,1,7570,15062,1,3331
22251,FOUND,1,28719,16405,1,3332
45289,NOT_FOUND,0,,,1,3333
22331,FOUND,1,28727,15510,1,3334
22243,FOUND,1,28717,16399,1,3335
22240,FOUND,1,28716,16396,1,3336
24004,FOUND,1,9867,16722,1,3337
24008,FOUND,1,9871,14691,1,3338
22876,FOUND,1,8818,16552,1,3339
24016,FOUND,1,9879,16328,1,3340
22830,FOUND,1,8772,16552,1,3341
23070,FOUND,1,8977,12157,1,3342
24021,FOUND,1,9884,14676,1,3343
22295,FOUND,1,8245,16213,1,3344
23102,FOUND,1,9009,15080,1,3345
23358,FOUND,1,9253,16720,1,3346
21223,FOUND,1,7207,15891,1,3347
21267,FOUND,1,7251,15891,1,3348
21310,FOUND,1,7294,15947,1,3349
21225,FOUND,1,7209,15893,1,3350
36625,FOUND,1,16718,16521,1,3351
22903,FOUND,1,8845,14724,1,3352
23837,FOUND,1,9702,16775,1,3353
22905,FOUND,1,8847,16566,1,3354
22877,FOUND,1,8819,16562,1,3355
13488,FOUND,1,966,12157,1,3356
24011,FOUND,1,9874,16807,1,3357
23362,FOUND,1,9257,16721,1,3358
17666,FOUND,1,4829,14724,1,3359
23357,FOUND,1,9252,16719,1,3360
36652,FOUND,1,16745,16548,1,3361
21330,FOUND,1,7314,15952,1,3362
23361,FOUND,1,9256,16720,1,3363
13010,FOUND,1,505,12157,1,3364
15664,FOUND,1,3046,12157,1,3365
40646,FOUND,1,27830,24985,1,3366
40695,FOUND,1,20138,24972,1,3367
40685,FOUND,1,27846,24984,1,3368
40631,FOUND,1,27823,24973,1,3369
40645,FOUND,1,27829,24984,1,3370
21222,FOUND,1,7206,15890,1,3371
40524,FOUND,1,20050,24972,1,3372
17694,FOUND,1,4848,12157,1,3373
40700,FOUND,1,29065,24985,1,3374
40835,FOUND,1,20237,24988,1,3375
23990,FOUND,1,9855,16799,1,3376
23991,FOUND,1,9856,16799,1,3377
25315,FOUND,1,10033,16838,1,3378
25769,FOUND,1,10470,16874,1,3379
25342,FOUND,1,28744,16851,1,3380
22983,FOUND,1,8892,16596,1,3381
43447,FOUND,1,22479,25258,1,3382
22263,FOUND,1,8217,16408,1,3383
32939,FOUND,1,13343,16596,1,3384
22254,FOUND,1,8212,16373,1,3385
25373,FOUND,1,10077,16864,1,3386
17609,FOUND,1,4781,14722,1,3387
26056,FOUND,1,10753,16885,1,3388
26101,FOUND,1,10796,16843,1,3389
15745,FOUND,1,3127,12157,1,3390
26065,FOUND,1,10761,16887,1,3391
14422,FOUND,1,1867,12157,1,3392
25366,FOUND,1,10070,16860,1,3393
25384,FOUND,1,10087,16860,1,3394
32904,FOUND,1,13330,17043,1,3395
25344,FOUND,1,10056,16853,1,3396
25326,FOUND,1,28740,16841,1,3397
27826,FOUND,1,28753,16938,1,3398
25387,FOUND,1,28748,16816,1,3399
25340,FOUND,1,28742,16850,1,3400
23891,FOUND,1,9756,16783,1,3401
25317,FOUND,1,28739,16839,1,3402
27868,FOUND,1,28755,16938,1,3403
27878,FOUND,1,28756,16841,1,3404
28045,FOUND,1,12606,12157,1,3405
25275,FOUND,1,28735,16816,1,3406
23002,FOUND,1,8910,16607,1,3407
26115,FOUND,1,10810,16851,1,3408
24130,FOUND,1,9993,16584,1,3409
25310,FOUND,1,10029,16832,1,3410
25386,FOUND,1,10089,16846,1,3411
26076,FOUND,1,28751,16874,1,3412
25276,FOUND,1,9997,16817,1,3413
25328,FOUND,1,28741,16842,1,3414
22260,FOUND,1,8216,16410,1,3415
36324,FOUND,1,16420,16899,1,3416
25376,FOUND,1,10080,16865,1,3417
26075,FOUND,1,10771,16865,1,3418
22271,FOUND,1,8223,16410,1,3419
25339,FOUND,1,10054,16849,1,3420
25763,FOUND,1,10464,16825,1,3421
27258,FOUND,1,11895,16864,1,3422
17899,FOUND,1,4987,14722,1,3423
32935,FOUND,1,13340,16849,1,3424
21313,FOUND,1,7297,15948,1,3425
21314,FOUND,1,7298,15897,1,3426
21311,FOUND,1,7295,15948,1,3427
21308,FOUND,1,7292,15946,1,3428
21264,FOUND,1,7248,15916,1,3429
21291,FOUND,1,7275,15938,1,3430
21344,FOUND,1,7328,15950,1,3431
21255,FOUND,1,7239,15916,1,3432
21299,FOUND,1,7283,15940,1,3433
41467,FOUND,1,20805,24700,1,3434
21297,FOUND,1,7281,15940,1,3435
21228,FOUND,1,7212,15896,1,3436
21319,FOUND,1,7303,15938,1,3437
21301,FOUND,1,7285,15919,1,3438
21326,FOUND,1,7310,15950,1,3439
21292,FOUND,1,7276,15896,1,3440
23410,FOUND,1,9297,12157,1,3441
24126,FOUND,1,9989,16811,1,3442
26061,FOUND,1,10758,16886,1,3443
25278,FOUND,1,9999,16819,1,3444
23036,FOUND,1,8943,16609,1,3445
25313,FOUND,1,10032,16617,1,3446
15818,FOUND,1,3200,12157,1,3447
41443,FOUND,1,20782,24647,1,3448
22986,FOUND,1,8895,16599,1,3449
23896,FOUND,1,9761,16785,1,3450
41869,FOUND,1,21193,24648,1,3451
14758,FOUND,1,2190,12157,1,3452
26072,FOUND,1,10768,16888,1,3453
40893,FOUND,1,20292,24625,1,3454
13220,FOUND,1,712,12157,1,3455
21253,FOUND,1,7237,15914,1,3456
21315,FOUND,1,7299,14702,1,3457
17278,FOUND,1,4515,14702,1,3458
40945,FOUND,1,20324,24640,1,3459
21256,FOUND,1,7240,15914,1,3460
40941,FOUND,1,20320,24639,1,3461
13213,FOUND,1,705,12157,1,3462
40887,FOUND,1,20286,24628,1,3463
21275,FOUND,1,7259,15920,1,3464
21258,FOUND,1,7242,15918,1,3465
40940,FOUND,1,20319,24639,1,3466
21343,FOUND,1,7327,15958,1,3467
13633,FOUND,1,1110,12157,1,3468
22828,FOUND,1,8770,15918,1,3469
17157,FOUND,1,4415,14686,1,3470
24128,FOUND,1,9991,16813,1,3471
25286,FOUND,1,10007,16824,1,3472
25291,FOUND,1,10011,16811,1,3473
23021,FOUND,1,8929,16617,1,3474
25309,FOUND,1,10028,16800,1,3475
41870,FOUND,1,21194,24648,1,3476
40883,FOUND,1,20282,24643,1,3477
41446,FOUND,1,20785,24647,1,3478
23004,FOUND,1,8912,16609,1,3479
23992,FOUND,1,9857,16800,1,3480
25324,FOUND,1,10041,16826,1,3481
25352,FOUND,1,10064,16857,1,3482
25298,FOUND,1,10018,16819,1,3483
25290,FOUND,1,10010,16826,1,3484
40892,FOUND,1,20291,24628,1,3485
36657,FOUND,1,16750,24624,1,3486
41859,FOUND,1,21183,24621,1,3487
40946,FOUND,1,20325,24623,1,3488
17605,FOUND,1,4777,12157,1,3489
26467,FOUND,1,11110,12157,1,3490
23901,FOUND,1,9766,16786,1,3491
13233,FOUND,1,725,12157,1,3492
40949,FOUND,1,20328,24645,1,3493
40885,FOUND,1,20284,24625,1,3494
31860,FOUND,1,13118,16902,1,3495
44990,FOUND,1,23663,25579,1,3496
42593,FOUND,1,21703,25524,1,3497
31865,FOUND,1,13120,16599,1,3498
23987,FOUND,1,9852,16797,1,3499
13702,FOUND,1,1179,12157,1,3500
25345,FOUND,1,10057,16854,1,3501
32925,FOUND,1,13334,15044,1,3502
25277,FOUND,1,9998,16818,1,3503
25371,FOUND,1,10075,16858,1,3504
25369,FOUND,1,10073,16854,1,3505
25312,FOUND,1,10031,16824,1,3506
25302,FOUND,1,10022,16832,1,3507
43626,FOUND,1,22645,25164,1,3508
43625,FOUND,1,22644,25164,1,3509
27883,FOUND,1,28759,16897,1,3510
46060,FOUND,1,24387,25200,1,3511
31858,FOUND,1,13116,16904,1,3512
25299,FOUND,1,10019,16815,1,3513
25273,FOUND,1,28734,16815,1,3514
45029,FOUND,1,23695,25160,1,3515
25757,FOUND,1,28749,16834,1,3516
26112,FOUND,1,10807,16897,1,3517
27881,FOUND,1,28757,14737,1,3518
25307,FOUND,1,28737,16834,1,3519
25292,FOUND,1,10012,16813,1,3520
26104,FOUND,1,10799,16892,1,3521
25327,FOUND,1,10043,16580,1,3522
25381,FOUND,1,10085,16783,1,3523
25382,FOUND,1,28747,16837,1,3524
16180,FOUND,1,3558,12157,1,3525
23988,FOUND,1,9853,16798,1,3526
43327,FOUND,1,22362,26577,1,3527
26060,FOUND,1,10757,16588,1,3528
26100,FOUND,1,10795,16892,1,3529
17867,FOUND,1,27511,14737,1,3530
25751,FOUND,1,10453,16798,1,3531
42851,FOUND,1,21929,25521,1,3532
41436,FOUND,1,20775,24703,1,3533
26599,FOUND,1,11241,12157,1,3534
41461,FOUND,1,20799,24704,1,3535
40998,FOUND,1,20359,24704,1,3536
42788,FOUND,1,21881,25573,1,3537
41038,FOUND,1,28981,24658,1,3538
45031,FOUND,1,29105,25575,1,3539
44519,FOUND,1,23215,26410,1,3540
42714,FOUND,1,21812,25518,1,3541
42833,FOUND,1,27705,25523,1,3542
44518,FOUND,1,23214,25567,1,3543
44521,FOUND,1,23217,25568,1,3544
41457,FOUND,1,20795,24701,1,3545
45629,FOUND,1,24161,12157,1,3546
45348,FOUND,1,23917,12157,1,3547
42713,FOUND,1,21811,25518,1,3548
42731,FOUND,1,21829,25517,1,3549
41031,FOUND,1,20374,24660,1,3550
42548,FOUND,1,21661,25516,1,3551
42729,FOUND,1,21827,25517,1,3552
45001,FOUND,1,23669,25570,1,3553
45025,FOUND,1,23691,25575,1,3554
45003,FOUND,1,23670,25576,1,3555
15674,FOUND,1,3056,12157,1,3556
42770,FOUND,1,21866,25515,1,3557
42718,FOUND,1,21816,25512,1,3558
41035,FOUND,1,28982,24659,1,3559
42544,FOUND,1,27687,25520,1,3560
42854,FOUND,1,28041,25515,1,3561
44517,FOUND,1,23213,26410,1,3562
45012,FOUND,1,23679,25576,1,3563
45007,FOUND,1,23674,25580,1,3564
44989,FOUND,1,23662,25578,1,3565
41460,FOUND,1,20798,24701,1,3566
42767,FOUND,1,21863,25521,1,3567
42989,FOUND,1,22060,25453,1,3568
16218,FOUND,1,3596,12157,1,3569
42793,FOUND,1,21886,25571,1,3570
41434,FOUND,1,20773,24702,1,3571
42749,FOUND,1,21845,25512,1,3572
43621,FOUND,1,22640,25162,1,3573
46058,FOUND,1,24385,25199,1,3574
42526,FOUND,1,29079,25197,1,3575
46057,FOUND,1,24384,25199,1,3576
44999,FOUND,1,23667,25156,1,3577
45329,FOUND,1,23898,25160,1,3578
43629,FOUND,1,22648,25166,1,3579
43624,FOUND,1,22643,25163,1,3580
43622,FOUND,1,22641,25162,1,3581
43623,FOUND,1,22642,25163,1,3582
27882,FOUND,1,28758,16939,1,3583
26878,FOUND,1,11516,12157,1,3584
43041,FOUND,1,22111,25453,1,3585
42856,FOUND,1,28042,25519,1,3586
42549,FOUND,1,21662,25520,1,3587
25282,FOUND,1,10003,16817,1,3588
60241,FOUND,1,26612,24044,1,3589
23125,FOUND,1,9032,12157,1,3590
25295,FOUND,1,10015,16585,1,3591
26142,FOUND,1,10827,16618,1,3592
26118,FOUND,1,10813,16857,1,3593
32967,FOUND,1,13354,16785,1,3594
24127,FOUND,1,9990,16812,1,3595
25347,FOUND,1,10059,16607,1,3596
25378,FOUND,1,10082,16831,1,3597
25301,FOUND,1,10021,16831,1,3598
44205,FOUND,1,22977,12157,1,3599
25336,FOUND,1,10051,16846,1,3600
19188,FOUND,1,5633,15029,1,3601
25354,FOUND,1,10065,16858,1,3602
23024,FOUND,1,8932,16619,1,3603
25319,FOUND,1,10036,16818,1,3604
13700,FOUND,1,1177,12157,1,3605
43459,FOUND,1,22491,25278,1,3606
25350,FOUND,1,10062,16814,1,3607
23023,FOUND,1,8931,16618,1,3608
43479,FOUND,1,22511,25290,1,3609
14867,FOUND,1,2294,12157,1,3610
43446,FOUND,1,22478,25253,1,3611
42534,FOUND,1,21654,25217,1,3612
46055,FOUND,1,24382,25219,1,3613
43442,FOUND,1,22474,25258,1,3614
43631,FOUND,1,22650,25167,1,3615
43445,FOUND,1,22477,25257,1,3616
42064,FOUND,1,27961,24706,1,3617
44507,FOUND,1,23203,25563,1,3618
42762,FOUND,1,21858,25523,1,3619
42097,FOUND,1,21333,24708,1,3620
41463,FOUND,1,20801,24699,1,3621
44508,FOUND,1,23204,25564,1,3622
41953,FOUND,1,28991,24707,1,3623
41952,FOUND,1,27326,24708,1,3624
45005,FOUND,1,23672,25582,1,3625
42542,FOUND,1,21657,25508,1,3626
45006,FOUND,1,23673,25577,1,3627
45014,FOUND,1,23681,25585,1,3628
45032,FOUND,1,28062,25583,1,3629
45009,FOUND,1,23676,25582,1,3630
41920,FOUND,1,27315,24707,1,3631
42091,FOUND,1,28992,24711,1,3632
23452,FOUND,1,9339,12157,1,3633
41021,FOUND,1,20366,24697,1,3634
45011,FOUND,1,23678,25586,1,3635
44514,FOUND,1,23210,25566,1,3636
40818,FOUND,1,27869,26410,1,3637
40800,FOUND,1,20220,24477,1,3638
42067,FOUND,1,27964,24710,1,3639
42015,FOUND,1,27338,24705,1,3640
27061,FOUND,1,11699,12157,1,3641
42055,FOUND,1,27958,24705,1,3642
41022,FOUND,1,20367,24697,1,3643
44513,FOUND,1,23209,25567,1,3644
40832,FOUND,1,27877,24451,1,3645
40625,FOUND,1,27818,24927,1,3646
41888,FOUND,1,21211,24816,1,3647
41900,FOUND,1,21223,24806,1,3648
16010,FOUND,1,3390,12157,1,3649
40822,FOUND,1,20234,24451,1,3650
32879,FOUND,1,13322,12157,1,3651
41909,FOUND,1,29027,24806,1,3652
41878,FOUND,1,21202,24812,1,3653
40801,FOUND,1,20221,24479,1,3654
41928,FOUND,1,21234,24811,1,3655
41877,FOUND,1,21201,24812,1,3656
40637,FOUND,1,20117,24932,1,3657
41937,FOUND,1,21243,24810,1,3658
41882,FOUND,1,21206,24816,1,3659
41946,FOUND,1,21252,24809,1,3660
41934,FOUND,1,21240,24811,1,3661
42293,FOUND,1,21489,24785,1,3662
42268,FOUND,1,21469,24788,1,3663
13120,FOUND,1,614,12157,1,3664
41884,FOUND,1,21208,24815,1,3665
42106,FOUND,1,21342,24791,1,3666
42284,FOUND,1,29023,24784,1,3667
13051,FOUND,1,545,12157,1,3668
41890,FOUND,1,21213,24813,1,3669
42103,FOUND,1,21339,24790,1,3670
42298,FOUND,1,21494,24788,1,3671
41881,FOUND,1,21205,24810,1,3672
42262,FOUND,1,21465,24792,1,3673
42264,FOUND,1,21467,24791,1,3674
41889,FOUND,1,21212,24813,1,3675
43620,FOUND,1,22639,25161,1,3676
43320,FOUND,1,22355,26577,1,3677
43544,FOUND,1,22574,25264,1,3678
46064,FOUND,1,24391,25213,1,3679
46105,FOUND,1,24432,25215,1,3680
46104,FOUND,1,24431,25212,1,3681
43547,FOUND,1,22577,25268,1,3682
41742,FOUND,1,21078,24549,1,3683
43532,FOUND,1,22562,25264,1,3684
46103,FOUND,1,24430,25212,1,3685
13150,FOUND,1,642,12157,1,3686
41667,FOUND,1,21003,24547,1,3687
43243,FOUND,1,27352,25261,1,3688
43530,FOUND,1,22560,25262,1,3689
40619,FOUND,1,27813,24929,1,3690
40679,FOUND,1,27842,24923,1,3691
40825,FOUND,1,27871,24453,1,3692
40828,FOUND,1,28963,24453,1,3693
40616,FOUND,1,27810,24928,1,3694
40826,FOUND,1,27872,24457,1,3695
26761,FOUND,1,11399,12157,1,3696
40620,FOUND,1,27814,24929,1,3697
40813,FOUND,1,20228,24461,1,3698
40580,FOUND,1,20094,24923,1,3699
40581,FOUND,1,28975,24610,1,3700
40792,FOUND,1,20215,24450,1,3701
40602,FOUND,1,20112,24926,1,3702
40617,FOUND,1,27811,24926,1,3703
22275,FOUND,1,8225,12157,1,3704
42533,FOUND,1,21653,25198,1,3705
43619,FOUND,1,22638,25161,1,3706
15993,FOUND,1,3373,12157,1,3707
45545,FOUND,1,24080,25157,1,3708
45548,FOUND,1,24083,25159,1,3709
43443,FOUND,1,22475,25257,1,3710
46065,FOUND,1,24392,25213,1,3711
22550,FOUND,1,8495,12157,1,3712
42536,FOUND,1,28030,25218,1,3713
43542,FOUND,1,22572,25266,1,3714
43323,FOUND,1,22358,26577,1,3715
46097,FOUND,1,24424,25209,1,3716
43238,FOUND,1,27350,25270,1,3717
43543,FOUND,1,22573,25267,1,3718
46098,FOUND,1,24425,25209,1,3719
46099,FOUND,1,24426,25210,1,3720
46101,FOUND,1,24428,25211,1,3721
43541,FOUND,1,22571,25266,1,3722
43540,FOUND,1,22570,25265,1,3723
46102,FOUND,1,24429,25211,1,3724
43237,FOUND,1,27349,25270,1,3725
13265,FOUND,1,750,12157,1,3726
43278,FOUND,1,22316,25351,1,3727
43242,FOUND,1,27351,25269,1,3728
46100,FOUND,1,24427,25210,1,3729
41670,FOUND,1,21006,24541,1,3730
45537,FOUND,1,24072,25140,1,3731
45531,FOUND,1,24066,25137,1,3732
41737,FOUND,1,21073,24544,1,3733
45083,FOUND,1,23735,24540,1,3734
45533,FOUND,1,24068,25138,1,3735
45536,FOUND,1,24071,25139,1,3736
45534,FOUND,1,24069,25138,1,3737
41671,FOUND,1,21007,24541,1,3738
45535,FOUND,1,24070,25139,1,3739
45532,FOUND,1,24067,25137,1,3740
45084,FOUND,1,23736,24540,1,3741
13635,FOUND,1,1112,12157,1,3742
12725,FOUND,1,233,12157,1,3743
45538,FOUND,1,24073,25140,1,3744
42169,FOUND,1,28988,24691,1,3745
42145,FOUND,1,28999,24720,1,3746
43271,FOUND,1,22309,25338,1,3747
42156,FOUND,1,21383,24726,1,3748
42171,FOUND,1,28986,24689,1,3749
42107,FOUND,1,29001,24724,1,3750
42013,FOUND,1,28985,24688,1,3751
42164,FOUND,1,21391,24724,1,3752
42249,FOUND,1,27973,24684,1,3753
42148,FOUND,1,21375,24727,1,3754
42152,FOUND,1,21379,24722,1,3755
42153,FOUND,1,21380,24726,1,3756
42162,FOUND,1,21389,24720,1,3757
42125,FOUND,1,21357,24717,1,3758
42163,FOUND,1,21390,24722,1,3759
42257,FOUND,1,21460,24688,1,3760
42135,FOUND,1,21367,24728,1,3761
42233,FOUND,1,27970,24692,1,3762
45547,FOUND,1,24082,25158,1,3763
45028,FOUND,1,23694,25150,1,3764
43509,FOUND,1,22541,25103,1,3765
42140,FOUND,1,21371,24733,1,3766
41721,FOUND,1,21057,24583,1,3767
42139,FOUND,1,29002,24730,1,3768
42235,FOUND,1,21448,24692,1,3769
42114,FOUND,1,21347,24716,1,3770
42160,FOUND,1,21387,24730,1,3771
42154,FOUND,1,21381,24727,1,3772
60491,FOUND,1,26724,24342,1,3773
42000,FOUND,1,21287,24713,1,3774
45546,FOUND,1,24081,25158,1,3775
32860,FOUND,1,13303,12157,1,3776
44262,FOUND,1,23032,24490,1,3777
13699,FOUND,1,1176,12157,1,3778
14686,FOUND,1,2126,12157,1,3779
44265,FOUND,1,23035,24518,1,3780
44975,FOUND,1,23649,24489,1,3781
26772,FOUND,1,11410,12157,1,3782
43267,FOUND,1,22305,25351,1,3783
44961,FOUND,1,23635,24513,1,3784
44332,FOUND,1,27356,24493,1,3785
22856,FOUND,1,8798,12157,1,3786
22549,FOUND,1,8494,12157,1,3787
44954,FOUND,1,28059,24513,1,3788
14848,FOUND,1,2276,12157,1,3789
26197,FOUND,1,10845,12157,1,3790
44973,FOUND,1,23647,24488,1,3791
45082,FOUND,1,23734,25147,1,3792
45023,FOUND,1,23689,25150,1,3793
13921,FOUND,1,1378,12157,1,3794
14684,FOUND,1,2124,12157,1,3795
43510,FOUND,1,22542,25102,1,3796
43515,FOUND,1,22547,25103,1,3797
16463,FOUND,1,3841,12157,1,3798
43511,FOUND,1,22543,25106,1,3799
23933,FOUND,1,9798,12157,1,3800
12954,FOUND,1,454,12157,1,3801
45327,FOUND,1,23896,25146,1,3802
43516,FOUND,1,22548,25101,1,3803
16751,FOUND,1,4077,12157,1,3804
14649,FOUND,1,2091,12157,1,3805
26443,FOUND,1,11086,12157,1,3806
45220,FOUND,1,23863,24514,1,3807
44256,FOUND,1,28971,24516,1,3808
43520,FOUND,1,22552,25102,1,3809
26402,FOUND,1,11045,12157,1,3810
13337,FOUND,1,819,12157,1,3811
40732,FOUND,1,20164,24945,1,3812
45043,FOUND,1,23706,25106,1,3813
43548,FOUND,1,22578,25105,1,3814
45332,FOUND,1,23901,24519,1,3815
14652,FOUND,1,2094,12157,1,3816
43512,FOUND,1,22544,25101,1,3817
12857,FOUND,1,362,12157,1,3818
45334,FOUND,1,23903,25146,1,3819
45202,FOUND,1,23845,24504,1,3820
45323,FOUND,1,23892,25145,1,3821
13197,FOUND,1,689,12157,1,3822
45080,FOUND,1,23732,24542,1,3823
41738,FOUND,1,21074,24544,1,3824
42202,FOUND,1,21426,24689,1,3825
17810,FOUND,1,4922,24315,1,3826
43666,FOUND,1,22685,25134,1,3827
44260,FOUND,1,23030,24518,1,3828
41736,FOUND,1,21072,24543,1,3829
41681,FOUND,1,21017,24539,1,3830
41739,FOUND,1,21075,24545,1,3831
45085,FOUND,1,23737,24542,1,3832
42207,FOUND,1,21429,24686,1,3833
41734,FOUND,1,21070,24539,1,3834
41735,FOUND,1,21071,24543,1,3835
43664,FOUND,1,22683,25133,1,3836
42251,FOUND,1,28984,24687,1,3837
43514,FOUND,1,22546,25104,1,3838
45324,FOUND,1,23893,25147,1,3839
26203,FOUND,1,10851,12157,1,3840
26314,FOUND,1,10959,12157,1,3841
17958,FOUND,1,5039,22624,1,3842
17953,FOUND,1,5035,22631,1,3843
45088,FOUND,1,23740,25142,1,3844
42221,FOUND,1,21437,24685,1,3845
45326,FOUND,1,23895,25148,1,3846
45046,FOUND,1,23709,25107,1,3847
42172,FOUND,1,21396,24681,1,3848
43678,FOUND,1,22695,25104,1,3849
43506,FOUND,1,22538,25105,1,3850
45044,FOUND,1,23707,25107,1,3851
13221,FOUND,1,713,12157,1,3852
40939,FOUND,1,20318,24637,1,3853
40889,FOUND,1,20288,24629,1,3854
25357,FOUND,1,28936,24337,1,3855
45705,FOUND,1,24209,12157,1,3856
42195,FOUND,1,21419,24683,1,3857
40914,FOUND,1,20312,26410,1,3858
26199,FOUND,1,10847,12157,1,3859
17617,FOUND,1,4789,12157,1,3860
34162,FOUND,1,14301,12157,1,3861
13074,FOUND,1,568,12157,1,3862
14805,FOUND,1,2235,12157,1,3863
40882,FOUND,1,20281,24635,1,3864
12879,FOUND,1,382,12157,1,3865
26311,FOUND,1,10956,12157,1,3866
40837,FOUND,1,20239,24948,1,3867
42110,FOUND,1,28997,24719,1,3868
42294,FOUND,1,21490,24765,1,3869
40836,FOUND,1,20238,24948,1,3870
40728,FOUND,1,20160,24939,1,3871
42155,FOUND,1,21382,24723,1,3872
22850,FOUND,1,8792,12157,1,3873
42285,FOUND,1,21482,24782,1,3874
17971,FOUND,1,5043,12157,1,3875
42147,FOUND,1,21374,24723,1,3876
42242,FOUND,1,21451,24780,1,3877
40636,FOUND,1,20116,24938,1,3878
42216,FOUND,1,29020,24780,1,3879
42122,FOUND,1,28998,24719,1,3880
42286,FOUND,1,29022,24782,1,3881
42022,FOUND,1,27949,24763,1,3882
42146,FOUND,1,21373,24737,1,3883
42296,FOUND,1,21492,24768,1,3884
42291,FOUND,1,21487,24765,1,3885
42117,FOUND,1,21350,24736,1,3886
42240,FOUND,1,29014,24769,1,3887
42115,FOUND,1,21348,24732,1,3888
42127,FOUND,1,21359,24737,1,3889
42161,FOUND,1,21388,24736,1,3890
42295,FOUND,1,21491,24768,1,3891
42120,FOUND,1,21353,24738,1,3892
42063,FOUND,1,27960,24763,1,3893
42151,FOUND,1,21378,24740,1,3894
42113,FOUND,1,21346,24739,1,3895
42158,FOUND,1,21385,24738,1,3896
43277,FOUND,1,22315,25337,1,3897
45621,FOUND,1,24153,25388,1,3898
13713,FOUND,1,1190,12157,1,3899
43463,FOUND,1,22495,25244,1,3900
43282,FOUND,1,22320,25338,1,3901
43227,FOUND,1,22278,25333,1,3902
43437,FOUND,1,22469,25289,1,3903
45610,FOUND,1,24142,25332,1,3904
43252,FOUND,1,22290,25337,1,3905
43310,FOUND,1,22345,25329,1,3906
43290,FOUND,1,22327,25327,1,3907
43225,FOUND,1,22276,25334,1,3908
40584,FOUND,1,20097,24938,1,3909
40851,FOUND,1,20251,24951,1,3910
23592,FOUND,1,9471,12157,1,3911
40638,FOUND,1,20118,24930,1,3912
40643,FOUND,1,27827,24930,1,3913
40680,FOUND,1,27843,24931,1,3914
40675,FOUND,1,29052,24934,1,3915
23653,FOUND,1,9530,12157,1,3916
40677,FOUND,1,20134,24933,1,3917
40726,FOUND,1,20158,24943,1,3918
40791,FOUND,1,20214,24449,1,3919
40579,FOUND,1,20093,24937,1,3920
43217,FOUND,1,22271,25373,1,3921
40718,FOUND,1,20152,24939,1,3922
32969,NOT_FOUND,0,,,1,3923
40648,FOUND,1,20123,24934,1,3924
23238,FOUND,1,9140,12157,1,3925
40701,FOUND,1,27852,24931,1,3926
39669,FOUND,1,19311,25240,1,3927
39739,FOUND,1,19351,26410,1,3928
43453,FOUND,1,22485,25289,1,3929
26692,FOUND,1,11331,12157,1,3930
43480,FOUND,1,22512,25247,1,3931
16584,FOUND,1,3939,12157,1,3932
39690,FOUND,1,29084,25238,1,3933
43449,FOUND,1,22481,25247,1,3934
39710,FOUND,1,19343,25243,1,3935
39726,FOUND,1,27286,25243,1,3936
43478,FOUND,1,22510,25244,1,3937
39686,FOUND,1,19327,25238,1,3938
14929,FOUND,1,2350,12157,1,3939
39676,FOUND,1,19317,26410,1,3940
16257,FOUND,1,3635,12157,1,3941
43314,FOUND,1,22349,25326,1,3942
43292,NOT_FOUND,0,,,1,3943
43298,FOUND,1,22334,25331,1,3944
45611,FOUND,1,24143,25333,1,3945
43226,FOUND,1,22277,25334,1,3946
43324,FOUND,1,22359,26577,1,3947
43306,FOUND,1,22341,25330,1,3948
43328,FOUND,1,22363,26577,1,3949
43318,FOUND,1,22353,25234,2,3950
43296,FOUND,1,22332,25326,1,3951
43293,FOUND,1,22329,25330,1,3952
43299,FOUND,1,22335,25327,1,3953
43331,FOUND,1,22366,26577,1,3954
43300,NOT_FOUND,0,,,1,3955
43286,FOUND,1,22324,25331,1,3956
42090,FOUND,1,21328,24709,1,3957
41951,FOUND,1,27325,24747,1,3958
41465,FOUND,1,20803,24700,1,3959
42089,FOUND,1,21327,24709,1,3960
42068,FOUND,1,27965,24712,1,3961
15143,FOUND,1,2538,12157,1,3962
42092,FOUND,1,21329,24746,1,3963
42069,FOUND,1,27966,24710,1,3964
42088,FOUND,1,21326,24745,1,3965
16126,FOUND,1,3505,12157,1,3966
42002,FOUND,1,27332,24749,1,3967
41998,FOUND,1,27331,24749,1,3968
42003,FOUND,1,27333,26410,1,3969
42093,FOUND,1,21330,24746,1,3970
41949,FOUND,1,21253,24747,1,3971
43457,FOUND,1,22489,25246,1,3972
42080,FOUND,1,21321,24712,1,3973
42336,FOUND,1,21531,25632,1,3974
43454,FOUND,1,22486,25246,1,3975
42849,FOUND,1,28038,25529,1,3976
42842,FOUND,1,28034,25528,1,3977
41922,FOUND,1,29005,24745,1,3978
39713,FOUND,1,19345,25241,1,3979
42016,FOUND,1,27339,24713,1,3980
42845,FOUND,1,21928,25527,1,3981
39698,FOUND,1,29087,25242,1,3982
26364,FOUND,1,11008,12157,1,3983
42116,FOUND,1,21349,24715,1,3984
42341,FOUND,1,21536,25632,1,3985
42141,FOUND,1,28995,24716,1,3986
40824,FOUND,1,27870,24459,1,3987
23984,FOUND,1,9849,12157,1,3988
40635,FOUND,1,20115,24919,1,3989
40830,FOUND,1,27875,24460,1,3990
40661,FOUND,1,27838,24924,1,3991
40793,FOUND,1,28964,24460,1,3992
41893,FOUND,1,21216,24805,1,3993
41914,FOUND,1,29028,24807,1,3994
41894,FOUND,1,21217,24808,1,3995
42261,FOUND,1,21464,24792,1,3996
41911,FOUND,1,21231,24808,1,3997
42102,FOUND,1,21338,24790,1,3998
43247,FOUND,1,22285,25348,1,3999
40628,FOUND,1,27821,24922,1,4000
42260,FOUND,1,21463,24795,1,4001
40624,FOUND,1,27817,24920,1,4002
42314,FOUND,1,21509,25641,1,4003
45367,NOT_FOUND,0,,,1,4004
14333,FOUND,1,1778,12157,1,4005
42399,FOUND,1,27988,25638,1,4006
42340,FOUND,1,21535,25638,1,4007
42316,FOUND,1,21511,25641,1,4008
42320,FOUND,1,21515,25642,1,4009
18365,FOUND,1,5425,12157,1,4010
42100,FOUND,1,21336,24760,1,4011
42327,FOUND,1,21522,25642,1,4012
44931,FOUND,1,23612,25694,1,4013
44921,FOUND,1,23602,25693,1,4014
42265,FOUND,1,21468,24764,1,4015
44926,FOUND,1,23607,25694,1,4016
44920,FOUND,1,23601,25693,1,4017
43659,FOUND,1,22678,25131,1,4018
43648,FOUND,1,22667,25125,1,4019
43660,FOUND,1,22679,25131,1,4020
45027,FOUND,1,23693,25151,1,4021
43661,FOUND,1,22680,25132,1,4022
43662,FOUND,1,22681,25132,1,4023
43655,FOUND,1,22674,25129,1,4024
43657,FOUND,1,22676,25130,1,4025
46070,FOUND,1,24397,25203,1,4026
45078,FOUND,1,28066,24584,1,4027
14558,FOUND,1,2003,12157,1,4028
41720,FOUND,1,21056,24580,1,4029
41722,FOUND,1,21058,24583,1,4030
45090,FOUND,1,23742,25152,1,4031
46068,FOUND,1,24395,25204,1,4032
42303,FOUND,1,21498,25626,1,4033
42322,FOUND,1,21517,25629,1,4034
42318,FOUND,1,21513,25630,1,4035
42321,FOUND,1,21516,25630,1,4036
43275,FOUND,1,22313,25348,1,4037
42315,FOUND,1,21510,25629,1,4038
42331,FOUND,1,21526,25634,1,4039
42332,FOUND,1,21527,25634,1,4040
42319,FOUND,1,21514,25640,1,4041
42266,FOUND,1,29013,24764,1,4042
42317,FOUND,1,21512,25640,1,4043
42176,FOUND,1,21400,24694,1,4044
42177,FOUND,1,21401,24694,1,4045
42170,FOUND,1,28989,24695,1,4046
42181,FOUND,1,21405,24695,1,4047
42023,FOUND,1,29012,24762,1,4048
42183,FOUND,1,21407,24690,1,4049
42204,FOUND,1,28987,24691,1,4050
42136,FOUND,1,21368,24729,1,4051
42133,FOUND,1,21365,24729,1,4052
42121,FOUND,1,21354,24728,1,4053
42025,FOUND,1,28993,24714,1,4054
42017,FOUND,1,27340,24714,1,4055
42194,FOUND,1,21418,24690,1,4056
42018,FOUND,1,28994,24715,1,4057
42111,FOUND,1,28996,24718,1,4058
17811,FOUND,1,4923,24920,1,4059
40615,FOUND,1,27809,24921,1,4060
14511,FOUND,1,1956,12157,1,4061
40626,FOUND,1,27819,24921,1,4062
40702,FOUND,1,20141,24922,1,4063
43667,FOUND,1,22686,25135,1,4064
43663,FOUND,1,22682,25133,1,4065
45053,FOUND,1,23716,25113,1,4066
43665,FOUND,1,22684,25134,1,4067
43668,FOUND,1,22687,25135,1,4068
45030,FOUND,1,23696,25149,1,4069
43656,FOUND,1,22675,25129,1,4070
44979,FOUND,1,27378,24512,1,4071
45026,FOUND,1,23692,25151,1,4072
43658,FOUND,1,22677,25130,1,4073
13929,FOUND,1,1386,12157,1,4074
45322,FOUND,1,23891,24584,1,4075
45225,FOUND,1,23867,25136,1,4076
45226,FOUND,1,23868,25136,1,4077
45000,FOUND,1,23668,25149,1,4078
46067,FOUND,1,24394,25204,1,4079
45089,FOUND,1,23741,24585,1,4080
46090,FOUND,1,24417,25205,1,4081
46074,FOUND,1,24401,25201,1,4082
46072,FOUND,1,24399,25202,1,4083
45087,FOUND,1,23739,24585,1,4084
46089,FOUND,1,24416,25205,1,4085
46091,FOUND,1,24418,25206,1,4086
46069,FOUND,1,24396,25203,1,4087
46071,FOUND,1,24398,25202,1,4088
46094,FOUND,1,24421,25207,1,4089
46095,FOUND,1,24422,25208,1,4090
44993,FOUND,1,27379,25156,1,4091
45021,FOUND,1,23687,25153,1,4092
45081,FOUND,1,23733,25152,1,4093
46092,FOUND,1,24419,25206,1,4094
46093,FOUND,1,24420,25207,1,4095
45020,FOUND,1,23686,25153,1,4096
46096,FOUND,1,24423,25208,1,4097
44992,FOUND,1,23665,25155,1,4098
43248,FOUND,1,22286,25353,1,4099
45246,FOUND,1,28074,24548,1,4100
45022,FOUND,1,23688,25154,1,4101
45019,FOUND,1,23685,25154,1,4102
41741,FOUND,1,21077,24546,1,4103
45071,FOUND,1,23730,12157,1,4104
26447,FOUND,1,11090,12157,1,4105
41669,FOUND,1,21005,24546,1,4106
44998,FOUND,1,23666,25155,1,4107
46076,FOUND,1,24403,25120,1,4108
46075,FOUND,1,24402,25120,1,4109
43647,FOUND,1,22666,25125,1,4110
43652,FOUND,1,22671,25127,1,4111
43651,FOUND,1,22670,25127,1,4112
43649,FOUND,1,22668,25126,1,4113
43650,FOUND,1,22669,25126,1,4114
43646,FOUND,1,22665,25123,1,4115
43645,FOUND,1,22664,25123,1,4116
43654,FOUND,1,22673,25128,1,4117
46085,FOUND,1,24412,25122,1,4118
46086,FOUND,1,24413,25122,1,4119
41740,FOUND,1,21076,24545,1,4120
43255,FOUND,1,22293,25345,1,4121
43653,FOUND,1,22672,25128,1,4122
46078,FOUND,1,24405,25119,1,4123
46088,FOUND,1,24415,25124,1,4124
46087,FOUND,1,24414,25124,1,4125
27396,FOUND,1,12033,24310,1,4126
42157,FOUND,1,21384,24721,1,4127
16103,FOUND,1,3482,12157,1,4128
18043,FOUND,1,5112,24311,1,4129
18032,FOUND,1,5101,24316,1,4130
42159,FOUND,1,21386,24725,1,4131
42149,FOUND,1,21376,24717,1,4132
42142,FOUND,1,29000,24721,1,4133
42188,FOUND,1,21412,24725,1,4134
60493,FOUND,1,26726,24345,1,4135
46073,FOUND,1,24400,25201,1,4136
42124,FOUND,1,21356,24718,1,4137
42222,FOUND,1,21438,24686,1,4138
42010,FOUND,1,21290,24687,1,4139
42126,FOUND,1,21358,26410,1,4140
14350,FOUND,1,1795,12157,1,4141
42105,FOUND,1,21341,24796,1,4142
41912,FOUND,1,29026,24803,1,4143
42098,FOUND,1,21334,24796,1,4144
26342,FOUND,1,10987,12157,1,4145
40644,FOUND,1,27828,24935,1,4146
40821,FOUND,1,20233,24455,1,4147
40697,FOUND,1,27851,24936,1,4148
13138,FOUND,1,632,12157,1,4149
16432,FOUND,1,3810,12157,1,4150
42263,FOUND,1,21466,24795,1,4151
41896,FOUND,1,21219,24802,1,4152
15962,FOUND,1,3342,12157,1,4153
40676,FOUND,1,29053,24936,1,4154
41910,FOUND,1,21230,24803,1,4155
30881,FOUND,1,12755,12157,1,4156
41905,FOUND,1,21227,24805,1,4157
40683,FOUND,1,20135,24924,1,4158
23810,FOUND,1,9675,12157,1,4159
42104,FOUND,1,21340,24789,1,4160
13691,FOUND,1,1168,12157,1,4161
40658,FOUND,1,27835,24928,1,4162
40823,FOUND,1,20235,24450,1,4163
22647,FOUND,1,8592,12157,1,4164
40829,FOUND,1,27874,24454,1,4165
40820,FOUND,1,20232,24454,1,4166
42099,FOUND,1,21335,24789,1,4167
41931,FOUND,1,21237,24802,1,4168
41930,FOUND,1,21236,24807,1,4169
14456,FOUND,1,1901,12157,1,4170
20682,FOUND,1,6751,22628,1,4171
16431,FOUND,1,3809,12157,1,4172
20992,FOUND,1,6984,23419,1,4173
17950,FOUND,1,5032,22628,1,4174
60132,FOUND,1,26550,24040,1,4175
18371,FOUND,1,5431,12157,1,4176
60134,FOUND,1,26552,24040,1,4177
20338,FOUND,1,6437,23022,1,4178
20039,NOT_FOUND,0,,,1,4179
18073,FOUND,1,5142,22658,1,4180
20693,NOT_FOUND,0,,,1,4181
20041,FOUND,1,6196,23142,1,4182
20717,FOUND,1,6774,23363,1,4183
60118,FOUND,1,26541,24033,1,4184
19301,FOUND,1,5696,22863,1,4185
20719,FOUND,1,6776,23367,1,4186
42244,FOUND,1,21452,24778,1,4187
42287,FOUND,1,21483,24774,1,4188
42248,FOUND,1,29019,24778,1,4189
42243,FOUND,1,29018,24777,1,4190
14595,FOUND,1,2039,12157,1,4191
14641,FOUND,1,2083,12157,1,4192
42226,FOUND,1,21442,24779,1,4193
19961,FOUND,1,6146,12157,1,4194
23172,FOUND,1,9074,12157,1,4195
25359,FOUND,1,28930,24334,1,4196
60494,FOUND,1,26727,24343,1,4197
60495,FOUND,1,26728,24347,1,4198
31904,FOUND,1,28912,24325,1,4199
25356,FOUND,1,28929,24334,1,4200
14228,FOUND,1,1675,12157,1,4201
60497,FOUND,1,28249,24349,1,4202
60492,FOUND,1,26725,24347,1,4203
45628,FOUND,1,24160,18166,1,4204
60483,FOUND,1,26718,24348,1,4205
60484,FOUND,1,26719,24349,1,4206
30842,FOUND,1,12716,12157,1,4207
16417,FOUND,1,3795,12157,1,4208
16524,FOUND,1,3884,12157,1,4209
26728,FOUND,1,11366,12157,1,4210
34158,FOUND,1,14298,12157,1,4211
26266,FOUND,1,10911,12157,1,4212
42215,FOUND,1,27969,24781,1,4213
42281,FOUND,1,21480,24783,1,4214
42278,FOUND,1,21477,24783,1,4215
43440,FOUND,1,22472,25260,1,4216
43313,FOUND,1,22348,25328,1,4217
43476,FOUND,1,22508,25256,1,4218
43469,FOUND,1,22501,25256,1,4219
43322,FOUND,1,22357,26577,1,4220
43302,FOUND,1,22337,25325,1,4221
43429,FOUND,1,22461,25277,1,4222
43332,FOUND,1,22367,26577,1,4223
43439,FOUND,1,22471,25260,1,4224
43472,FOUND,1,22504,25274,1,4225
43330,FOUND,1,22365,26577,1,4226
46062,FOUND,1,24389,25214,1,4227
46054,FOUND,1,24381,25218,1,4228
46107,FOUND,1,24434,25216,1,4229
43473,FOUND,1,22505,25263,1,4230
45013,FOUND,1,23680,25581,1,4231
45016,FOUND,1,23683,25583,1,4232
45010,FOUND,1,23677,25579,1,4233
45004,FOUND,1,23671,25584,1,4234
42550,FOUND,1,21663,25524,1,4235
45055,FOUND,1,23718,25112,1,4236
45040,FOUND,1,23703,25109,1,4237
45054,FOUND,1,23717,25112,1,4238
45035,FOUND,1,23698,25111,1,4239
45539,FOUND,1,24074,25141,1,4240
45049,FOUND,1,23712,25111,1,4241
45543,FOUND,1,24078,25144,1,4242
45041,FOUND,1,23704,25110,1,4243
45540,FOUND,1,24075,25141,1,4244
45051,FOUND,1,23714,25110,1,4245
16496,FOUND,1,28935,24337,1,4246
31847,FOUND,1,28931,24335,1,4247
60488,FOUND,1,26721,24344,1,4248
17156,FOUND,1,4414,14685,1,4249
25361,FOUND,1,28941,24341,1,4250
15235,FOUND,1,2624,12157,1,4251
31841,FOUND,1,28927,24333,1,4252
26212,FOUND,1,10860,12157,1,4253
45345,FOUND,1,23914,12157,1,4254
45665,FOUND,1,28081,18161,1,4255
42289,FOUND,1,21485,24784,1,4256
42292,FOUND,1,21488,24786,1,4257
42272,FOUND,1,21473,24787,1,4258
42273,FOUND,1,21474,24786,1,4259
42275,FOUND,1,29021,24781,1,4260
42061,FOUND,1,27959,24750,1,4261
45639,FOUND,1,24169,12157,1,4262
42001,FOUND,1,21288,24750,1,4263
30759,FOUND,1,12675,12157,1,4264
41950,FOUND,1,27324,24751,1,4265
16450,FOUND,1,3828,12157,1,4266
45647,FOUND,1,24177,12157,1,4267
15839,FOUND,1,3220,12157,1,4268
41919,FOUND,1,21233,24751,1,4269
41913,FOUND,1,29007,24753,1,4270
44522,FOUND,1,23218,25569,1,4271
42538,FOUND,1,29102,25525,1,4272
45015,FOUND,1,23682,25584,1,4273
45017,FOUND,1,23684,25574,1,4274
44511,FOUND,1,23207,25565,1,4275
44512,FOUND,1,23208,25566,1,4276
45330,FOUND,1,23899,25144,1,4277
45042,FOUND,1,23705,25108,1,4278
45333,FOUND,1,23902,25143,1,4279
45542,FOUND,1,24077,25143,1,4280
45541,FOUND,1,24076,25142,1,4281
22995,FOUND,1,8903,23365,1,4282
19920,FOUND,1,6105,22676,1,4283
20704,FOUND,1,6768,23363,1,4284
45039,FOUND,1,23702,25108,1,4285
45328,FOUND,1,23897,25148,1,4286
20011,NOT_FOUND,0,,,1,4287
22978,FOUND,1,8887,23418,1,4288
19167,FOUND,1,5614,22748,1,4289
17942,FOUND,1,5024,22624,1,4290
19902,FOUND,1,6087,22921,1,4291
42547,FOUND,1,27688,25522,1,4292
42546,FOUND,1,21660,25522,1,4293
42539,FOUND,1,29101,25525,1,4294
44523,FOUND,1,23219,25569,1,4295
44515,FOUND,1,23211,26410,1,4296
45024,FOUND,1,23690,25577,1,4297
44510,FOUND,1,23206,25564,1,4298
40929,FOUND,1,27891,24698,1,4299
44509,FOUND,1,23205,25565,1,4300
42717,FOUND,1,21815,25511,1,4301
42730,FOUND,1,21828,25511,1,4302
41999,FOUND,1,28990,24706,1,4303
41464,FOUND,1,20802,24698,1,4304
41466,FOUND,1,20804,24699,1,4305
26211,FOUND,1,10859,12157,1,4306
18209,FOUND,1,5276,12157,1,4307
42274,FOUND,1,29024,24785,1,4308
42270,FOUND,1,21471,24787,1,4309
16449,FOUND,1,3827,12157,1,4310
46061,FOUND,1,24388,25215,1,4311
46109,FOUND,1,24436,25219,1,4312
43336,FOUND,1,22371,26577,1,4313
46106,FOUND,1,24433,25216,1,4314
43475,FOUND,1,22507,25273,1,4315
45218,FOUND,1,23861,25328,1,4316
43529,FOUND,1,22559,25262,1,4317
43539,FOUND,1,22569,25267,1,4318
43538,FOUND,1,22568,25263,1,4319
43291,FOUND,1,22328,25325,1,4320
41940,FOUND,1,21246,24797,1,4321
41941,FOUND,1,21247,24798,1,4322
13937,FOUND,1,1394,12157,1,4323
41906,FOUND,1,21228,24797,1,4324
14638,FOUND,1,2080,12157,1,4325
14645,FOUND,1,2087,12157,1,4326
41916,FOUND,1,27313,24804,1,4327
41897,FOUND,1,21220,24801,1,4328
41907,FOUND,1,29025,24801,1,4329
41898,FOUND,1,21221,24804,1,4330
43249,FOUND,1,22287,25344,1,4331
41943,FOUND,1,21249,24754,1,4332
13678,FOUND,1,1155,12157,1,4333
16210,FOUND,1,3588,12157,1,4334
41942,FOUND,1,21248,24754,1,4335
41944,FOUND,1,21250,24753,1,4336
43432,FOUND,1,22464,25276,1,4337
43326,FOUND,1,22361,26577,1,4338
43448,FOUND,1,22480,25282,1,4339
43333,FOUND,1,22368,26577,1,4340
43456,FOUND,1,22488,25278,1,4341
43431,FOUND,1,22463,25282,1,4342
43489,FOUND,1,22521,25323,1,4343
43494,FOUND,1,22526,25319,1,4344
43486,FOUND,1,22518,25276,1,4345
43491,FOUND,1,22523,25323,1,4346
39723,FOUND,1,27283,25318,1,4347
43484,FOUND,1,22516,25281,1,4348
43492,FOUND,1,22524,25319,1,4349
43497,FOUND,1,22529,25321,1,4350
39724,FOUND,1,27284,25318,1,4351
20063,FOUND,1,6217,23153,1,4352
20082,FOUND,1,6230,23159,1,4353
20204,NOT_FOUND,0,,,1,4354
43215,FOUND,1,22269,25374,1,4355
19891,FOUND,1,6076,23008,1,4356
20356,FOUND,1,6451,23240,1,4357
44264,FOUND,1,23034,24491,1,4358
40738,FOUND,1,27857,24945,1,4359
44328,FOUND,1,28968,24491,1,4360
16368,FOUND,1,3746,12157,1,4361
14815,FOUND,1,2244,12157,1,4362
15177,FOUND,1,2572,12157,1,4363
40811,FOUND,1,20227,25002,1,4364
40782,FOUND,1,20210,24480,1,4365
44258,FOUND,1,23028,24490,1,4366
40805,FOUND,1,20224,24480,1,4367
40803,FOUND,1,20223,26410,1,4368
15796,FOUND,1,3178,12157,1,4369
43684,FOUND,1,22700,24497,1,4370
40866,FOUND,1,20266,24475,1,4371
40451,FOUND,1,19985,24478,1,4372
43683,FOUND,1,22699,24501,1,4373
44339,FOUND,1,27360,24502,1,4374
40806,FOUND,1,20225,24474,1,4375
44970,FOUND,1,23644,24475,1,4376
43682,FOUND,1,22698,24501,1,4377
43471,FOUND,1,22503,25286,1,4378
43458,FOUND,1,22490,25285,1,4379
43467,FOUND,1,22499,25286,1,4380
13179,FOUND,1,671,12157,1,4381
43470,FOUND,1,22502,25285,1,4382
13363,FOUND,1,842,12157,1,4383
40729,FOUND,1,20161,24942,1,4384
40730,FOUND,1,20162,24942,1,4385
12847,FOUND,1,352,12157,1,4386
40739,FOUND,1,27858,24941,1,4387
26919,FOUND,1,11557,12157,1,4388
40784,FOUND,1,27861,24483,1,4389
45079,FOUND,1,28067,24479,1,4390
40735,FOUND,1,20167,24944,1,4391
40737,FOUND,1,27856,24941,1,4392
42283,FOUND,1,29016,24771,1,4393
40802,FOUND,1,20222,24484,1,4394
23428,FOUND,1,9315,12157,1,4395
40698,FOUND,1,29055,24951,1,4396
40709,FOUND,1,27854,24955,1,4397
40798,FOUND,1,20218,24484,1,4398
42228,FOUND,1,21444,24775,1,4399
42277,FOUND,1,21476,24774,1,4400
42119,FOUND,1,21352,24733,1,4401
42288,FOUND,1,21484,24775,1,4402
42108,FOUND,1,21343,24731,1,4403
42225,FOUND,1,21441,24779,1,4404
42227,FOUND,1,21443,24776,1,4405
42290,FOUND,1,21486,24770,1,4406
42174,FOUND,1,21398,24731,1,4407
42280,FOUND,1,21479,24771,1,4408
42168,FOUND,1,21395,24734,1,4409
42282,FOUND,1,21481,24770,1,4410
42279,FOUND,1,21478,24772,1,4411
42175,FOUND,1,21399,24734,1,4412
42150,FOUND,1,21377,24744,1,4413
42312,FOUND,1,21507,25628,1,4414
42304,FOUND,1,21499,25626,1,4415
41954,FOUND,1,27327,24748,1,4416
42118,FOUND,1,21351,24744,1,4417
42079,FOUND,1,21320,24752,1,4418
42053,FOUND,1,27957,24748,1,4419
42082,FOUND,1,29006,24752,1,4420
42313,FOUND,1,21508,25628,1,4421
42847,FOUND,1,29100,25503,1,4422
41036,FOUND,1,20378,24660,1,4423
41037,FOUND,1,20379,24658,1,4424
42401,FOUND,1,29110,25635,1,4425
42337,FOUND,1,21532,25635,1,4426
41447,FOUND,1,20786,24663,1,4427
42237,FOUND,1,29015,24769,1,4428
20186,FOUND,1,6307,23194,1,4429
16411,FOUND,1,3789,12157,1,4430
42123,FOUND,1,21355,24732,1,4431
42297,FOUND,1,21493,24767,1,4432
42180,FOUND,1,21404,24735,1,4433
42271,FOUND,1,21472,24766,1,4434
42178,FOUND,1,21402,24735,1,4435
18080,FOUND,1,5149,22665,1,4436
20152,NOT_FOUND,0,,,1,4437
42269,FOUND,1,21470,24766,1,4438
42276,FOUND,1,21475,24772,1,4439
20162,FOUND,1,6287,23184,1,4440
20216,FOUND,1,6333,23159,1,4441
42239,FOUND,1,21449,24773,1,4442
41032,FOUND,1,20375,24661,1,4443
12870,NOT_FOUND,0,,,1,4444
20002,NOT_FOUND,0,,,1,4445
42324,FOUND,1,21519,25631,1,4446
41448,FOUND,1,20787,24664,1,4447
41040,FOUND,1,27731,24659,1,4448
41452,FOUND,1,20790,24664,1,4449
44991,FOUND,1,23664,25585,1,4450
41430,FOUND,1,20769,24663,1,4451
41437,FOUND,1,20776,24662,1,4452
41429,FOUND,1,20768,24662,1,4453
43428,FOUND,1,22460,25281,1,4454
39722,FOUND,1,27282,25315,1,4455
17624,FOUND,1,4796,12157,1,4456
43490,FOUND,1,22522,25322,1,4457
43462,FOUND,1,22494,25280,1,4458
40869,FOUND,1,20268,24473,1,4459
40426,FOUND,1,19961,24500,1,4460
40867,FOUND,1,27880,24473,1,4461
44342,FOUND,1,27362,26410,1,4462
43681,NOT_FOUND,0,,,1,4463
40868,FOUND,1,20267,24472,1,4464
43738,FOUND,1,22753,24503,1,4465
44338,FOUND,1,27359,24503,1,4466
44327,FOUND,1,28051,24495,1,4467
23562,FOUND,1,9441,12157,1,4468
43680,FOUND,1,22697,24498,1,4469
40786,FOUND,1,20212,24474,1,4470
43739,FOUND,1,22754,24502,1,4471
44330,FOUND,1,27354,24495,1,4472
14339,FOUND,1,1784,12157,1,4473
20008,NOT_FOUND,0,,,1,4474
45318,NOT_FOUND,0,,,1,4475
20373,FOUND,1,6467,22999,1,4476
20426,FOUND,1,6515,23275,1,4477
20427,FOUND,1,6516,23270,1,4478
13493,FOUND,1,971,12157,1,4479
20010,NOT_FOUND,0,,,1,4480
16006,FOUND,1,3386,12157,1,4481
60123,FOUND,1,26544,24036,1,4482
60252,FOUND,1,28186,24049,1,4483
20440,FOUND,1,6528,23284,1,4484
20161,FOUND,1,6286,23183,1,4485
26459,FOUND,1,11102,12157,1,4486
14122,FOUND,1,1575,12157,1,4487
23347,FOUND,1,9242,16681,1,4488
23422,FOUND,1,9309,16730,1,4489
23833,FOUND,1,9698,16711,1,4490
23269,FOUND,1,9171,16672,1,4491
23281,NOT_FOUND,0,,,1,4492
22533,FOUND,1,8478,12157,1,4493
14436,FOUND,1,1881,12157,1,4494
23341,FOUND,1,9236,16711,1,4495
23310,FOUND,1,9208,14661,1,4496
23799,FOUND,1,9664,16730,1,4497
23279,FOUND,1,9180,16679,1,4498
23786,FOUND,1,9652,16770,1,4499
23348,FOUND,1,9243,16672,1,4500
13706,FOUND,1,1183,12157,1,4501
45344,FOUND,1,23913,12157,1,4502
19194,FOUND,1,5637,22848,1,4503
18089,FOUND,1,5158,22674,1,4504
43577,FOUND,1,22596,22673,1,4505
19877,FOUND,1,6063,23086,1,4506
20851,FOUND,1,6874,23427,1,4507
18127,FOUND,1,5195,22710,1,4508
44397,FOUND,1,23111,23003,1,4509
20997,FOUND,1,6989,22635,1,4510
20982,FOUND,1,6974,23484,1,4511
33669,FOUND,1,13896,23393,1,4512
20146,FOUND,1,6274,23020,1,4513
19894,FOUND,1,6079,23097,1,4514
39147,FOUND,1,18904,23086,1,4515
19917,FOUND,1,6102,23109,1,4516
19172,FOUND,1,5619,22799,1,4517
18410,FOUND,1,5464,22757,1,4518
20770,FOUND,1,6819,23396,1,4519
20752,FOUND,1,6805,23386,1,4520
20990,FOUND,1,6982,23395,1,4521
33663,FOUND,1,13890,23426,1,4522
20988,FOUND,1,6980,23386,1,4523
33679,FOUND,1,13906,23638,1,4524
20254,NOT_FOUND,0,,,1,4525
18928,FOUND,1,5573,22789,1,4526
19837,FOUND,1,6027,23069,1,4527
19994,FOUND,1,6177,23128,1,4528
20850,FOUND,1,6873,23426,1,4529
18938,FOUND,1,27108,22798,1,4530
44396,FOUND,1,23110,23060,1,4531
21276,FOUND,1,7260,22782,1,4532
20961,FOUND,1,6953,23470,1,4533
20747,FOUND,1,6801,23383,1,4534
30509,FOUND,1,12651,22690,1,4535
19384,FOUND,1,5777,22920,1,4536
20959,FOUND,1,6951,23468,1,4537
18933,FOUND,1,5577,22793,1,4538
19893,FOUND,1,6078,22883,1,4539
19843,NOT_FOUND,0,,,1,4540
20004,FOUND,1,6183,23131,1,4541
19901,FOUND,1,6086,23102,1,4542
21048,FOUND,1,7039,23511,1,4543
20769,FOUND,1,6818,23395,1,4544
18071,FOUND,1,5140,22648,1,4545
21024,FOUND,1,7016,23470,1,4546
44884,FOUND,1,23572,23471,1,4547
43669,FOUND,1,22688,23469,1,4548
19763,FOUND,1,5968,22856,1,4549
20093,FOUND,1,6235,22824,1,4550
18940,NOT_FOUND,0,,,1,4551
20033,FOUND,1,6189,23137,1,4552
43280,FOUND,1,22318,25350,1,4553
19339,FOUND,1,5734,22886,1,4554
33661,FOUND,1,13888,23400,1,4555
19163,FOUND,1,5610,22827,1,4556
19992,FOUND,1,6175,22664,1,4557
19903,FOUND,1,6088,23103,1,4558
20129,FOUND,1,6259,23119,1,4559
20189,FOUND,1,6310,23196,1,4560
44428,FOUND,1,27372,22894,1,4561
18059,FOUND,1,5128,22645,1,4562
33676,FOUND,1,13903,23103,1,4563
33659,FOUND,1,13886,23069,1,4564
19736,FOUND,1,5947,22818,1,4565
19151,FOUND,1,5598,22817,1,4566
30577,FOUND,1,12659,23599,1,4567
44784,FOUND,1,23473,23062,1,4568
33655,FOUND,1,13882,23642,1,4569
33678,FOUND,1,13905,23600,1,4570
20775,FOUND,1,27125,23400,1,4571
19908,FOUND,1,6093,23105,1,4572
20782,FOUND,1,6830,23402,1,4573
33675,FOUND,1,13902,23402,1,4574
19186,FOUND,1,5631,22843,1,4575
18931,FOUND,1,5575,22791,1,4576
23633,FOUND,1,9510,12157,1,4577
33651,FOUND,1,13878,23641,1,4578
23098,FOUND,1,9005,22861,1,4579
20000,NOT_FOUND,0,,,1,4580
19912,FOUND,1,6097,22798,1,4581
30580,FOUND,1,12662,22882,1,4582
20200,FOUND,1,6321,23202,1,4583
33657,FOUND,1,13884,23644,1,4584
20069,FOUND,1,6219,22822,1,4585
43114,FOUND,1,22182,25383,1,4586
39144,FOUND,1,18901,22691,1,4587
19709,FOUND,1,5945,23022,1,4588
33662,FOUND,1,13889,23377,1,4589
20766,FOUND,1,6815,23393,1,4590
20826,FOUND,1,6853,23414,1,4591
19386,FOUND,1,5779,22921,1,4592
33677,FOUND,1,13904,23646,1,4593
18088,FOUND,1,5157,22673,1,4594
19916,FOUND,1,6101,23080,1,4595
20118,FOUND,1,6248,22891,1,4596
20759,FOUND,1,6809,23387,1,4597
20169,FOUND,1,27531,23018,1,4598
19856,FOUND,1,27527,23070,1,4599
19387,FOUND,1,5780,22907,1,4600
20272,FOUND,1,6381,23168,1,4601
20099,NOT_FOUND,0,,,1,4602
43198,FOUND,1,22252,25380,1,4603
20786,FOUND,1,6834,23387,1,4604
20828,FOUND,1,6855,23388,1,4605
20269,FOUND,1,6379,23219,1,4606
21012,FOUND,1,7004,23493,1,4607
19840,FOUND,1,27526,23070,1,4608
43735,FOUND,1,22750,23788,1,4609
20048,NOT_FOUND,0,,,1,4610
18939,FOUND,1,27109,22799,1,4611
18065,FOUND,1,5134,22651,1,4612
20703,FOUND,1,6767,23109,1,4613
33670,FOUND,1,13897,23644,1,4614
33668,FOUND,1,13895,23356,1,4615
20975,FOUND,1,6967,23481,1,4616
30857,FOUND,1,12731,26410,1,4617
39145,FOUND,1,18902,23355,1,4618
19363,FOUND,1,5758,22905,1,4619
17956,NOT_FOUND,0,,,1,4620
43107,FOUND,1,22175,25378,1,4621
43592,FOUND,1,22611,23415,1,4622
19705,FOUND,1,5942,23020,1,4623
30856,FOUND,1,12730,26410,1,4624
17959,FOUND,1,5040,22635,1,4625
20979,FOUND,1,6971,23481,1,4626
43594,FOUND,1,22613,23641,1,4627
33654,FOUND,1,13881,22651,1,4628
18398,FOUND,1,5452,22754,1,4629
33674,FOUND,1,13901,23352,1,4630
30581,FOUND,1,12663,23601,1,4631
19873,FOUND,1,6059,22838,1,4632
22997,FOUND,1,8905,23373,1,4633
20701,FOUND,1,6766,23362,1,4634
30578,FOUND,1,12660,23600,1,4635
20993,FOUND,1,6985,23105,1,4636
20980,FOUND,1,6972,23483,1,4637
18946,FOUND,1,27115,22793,1,4638
20669,FOUND,1,6746,23352,1,4639
20825,FOUND,1,6852,23401,1,4640
20735,FOUND,1,6789,23373,1,4641
20148,FOUND,1,6276,23180,1,4642
20201,FOUND,1,6322,22774,1,4643
20334,NOT_FOUND,0,,,1,4644
20370,FOUND,1,6464,23241,1,4645
19355,FOUND,1,5750,22649,1,4646
18648,FOUND,1,5546,22774,1,4647
23008,FOUND,1,8916,23369,1,4648
18775,FOUND,1,5562,22782,1,4649
19182,FOUND,1,5627,22805,1,4650
19761,FOUND,1,5966,22723,1,4651
33672,FOUND,1,13899,26410,1,4652
20355,FOUND,1,6450,23239,1,4653
14100,FOUND,1,1553,12157,1,4654
18049,FOUND,1,5118,22636,1,4655
18937,FOUND,1,27107,22797,1,4656
20722,FOUND,1,6779,23369,1,4657
44729,FOUND,1,23419,23989,1,4658
44075,FOUND,1,22873,23834,1,4659
60512,FOUND,1,26740,24117,1,4660
44159,FOUND,1,22931,23847,1,4661
44161,FOUND,1,22933,23850,1,4662
44163,FOUND,1,22935,23848,1,4663
44149,FOUND,1,22921,23844,1,4664
44718,FOUND,1,23408,23991,1,4665
60528,FOUND,1,26756,24123,1,4666
44139,FOUND,1,22911,23839,1,4667
44153,FOUND,1,22925,23843,1,4668
44157,FOUND,1,22929,23848,1,4669
44076,FOUND,1,22874,23834,1,4670
44162,FOUND,1,22934,23850,1,4671
28203,FOUND,1,28760,23590,1,4672
44721,FOUND,1,23411,23971,1,4673
44054,FOUND,1,22852,23825,1,4674
60519,FOUND,1,26747,24118,1,4675
44712,FOUND,1,23402,23986,1,4676
44390,FOUND,1,23105,23861,1,4677
44057,FOUND,1,22855,23825,1,4678
44716,FOUND,1,23406,23989,1,4679
43781,FOUND,1,22793,23791,1,4680
44727,FOUND,1,23417,23994,1,4681
44148,FOUND,1,22920,23843,1,4682
26397,FOUND,1,11040,12157,1,4683
44156,FOUND,1,22928,23847,1,4684
43782,FOUND,1,22794,23791,1,4685
20740,FOUND,1,6794,23378,1,4686
20989,FOUND,1,6981,22634,1,4687
17957,FOUND,1,5038,22634,1,4688
17941,FOUND,1,5023,22623,1,4689
20781,FOUND,1,6829,23397,1,4690
20739,FOUND,1,6793,23377,1,4691
20780,FOUND,1,6828,23375,1,4692
20772,FOUND,1,6821,23398,1,4693
20078,FOUND,1,6226,22713,1,4694
20779,FOUND,1,6827,22908,1,4695
14566,FOUND,1,2011,12157,1,4696
19381,FOUND,1,5775,22912,1,4697
20737,FOUND,1,6791,23375,1,4698
20783,FOUND,1,6831,23374,1,4699
17949,FOUND,1,5031,22627,1,4700
21001,FOUND,1,6993,23422,1,4701
19866,FOUND,1,6052,23080,1,4702
20132,FOUND,1,6262,23174,1,4703
13068,FOUND,1,562,12157,1,4704
19390,NOT_FOUND,0,,,1,4705
20240,FOUND,1,6357,23213,1,4706
19926,FOUND,1,6111,23112,1,4707
19928,FOUND,1,6113,22913,1,4708
20065,NOT_FOUND,0,,,1,4709
19900,FOUND,1,6085,23101,1,4710
20960,FOUND,1,6952,23469,1,4711
20359,FOUND,1,6453,22920,1,4712
21005,FOUND,1,6997,23494,1,4713
20966,FOUND,1,6958,23475,1,4714
23555,FOUND,1,9434,23588,1,4715
20362,FOUND,1,6456,23220,1,4716
19667,FOUND,1,5907,22995,1,4717
19161,FOUND,1,5608,22825,1,4718
20110,FOUND,1,6242,23164,1,4719
19988,FOUND,1,6171,23124,1,4720
19668,FOUND,1,5908,22996,1,4721
44398,FOUND,1,23112,22848,1,4722
19190,FOUND,1,5635,22846,1,4723
18768,FOUND,1,5556,22779,1,4724
20150,FOUND,1,6278,23180,1,4725
18764,FOUND,1,5552,22777,1,4726
19670,FOUND,1,5910,22645,1,4727
60243,FOUND,1,26614,24045,1,4728
60129,FOUND,1,26547,24039,1,4729
60126,FOUND,1,28182,24037,1,4730
20971,FOUND,1,6963,23479,1,4731
21041,FOUND,1,7033,23473,1,4732
19879,FOUND,1,6065,23087,1,4733
43284,FOUND,1,22322,25347,1,4734
19878,FOUND,1,6064,23082,1,4735
21038,FOUND,1,7030,23509,1,4736
20744,FOUND,1,6798,23380,1,4737
19870,FOUND,1,6056,23082,1,4738
20829,FOUND,1,6856,23134,1,4739
19855,FOUND,1,6042,23067,1,4740
20743,FOUND,1,6797,22623,1,4741
44524,FOUND,1,23220,23027,1,4742
19871,FOUND,1,6057,23083,1,4743
19372,FOUND,1,5767,22911,1,4744
20773,FOUND,1,6822,23378,1,4745
18132,FOUND,1,5200,22713,1,4746
60398,FOUND,1,28229,24075,1,4747
60400,FOUND,1,28231,24059,1,4748
60242,FOUND,1,26613,24045,1,4749
60363,FOUND,1,27442,24055,1,4750
43211,FOUND,1,22265,25377,1,4751
60395,FOUND,1,28226,24062,1,4752
20153,FOUND,1,6279,23117,1,4753
19990,FOUND,1,6173,23125,1,4754
20723,FOUND,1,6780,26410,1,4755
20211,FOUND,1,6328,23021,1,4756
20361,FOUND,1,6455,23235,1,4757
19983,FOUND,1,6166,23017,1,4758
20147,FOUND,1,6275,23164,1,4759
18187,FOUND,1,5254,22723,1,4760
19341,FOUND,1,5736,22887,1,4761
19703,FOUND,1,5940,22995,1,4762
20696,FOUND,1,6761,22889,1,4763
19669,FOUND,1,5909,22997,1,4764
23518,FOUND,1,9403,12157,1,4765
20377,FOUND,1,6471,23163,1,4766
20675,NOT_FOUND,0,,,1,4767
20837,FOUND,1,6862,22797,1,4768
20835,FOUND,1,6860,23417,1,4769
20838,FOUND,1,6863,23418,1,4770
20830,NOT_FOUND,0,,,1,4771
20689,NOT_FOUND,0,,,1,4772
19617,NOT_FOUND,0,,,1,4773
18115,FOUND,1,5184,22699,1,4774
20832,FOUND,1,6857,23203,1,4775
20849,FOUND,1,6872,23425,1,4776
20774,FOUND,1,6823,23399,1,4777
19337,FOUND,1,5732,22789,1,4778
19350,FOUND,1,5745,22894,1,4779
20076,FOUND,1,6224,22820,1,4780
20836,FOUND,1,6861,23417,1,4781
44432,FOUND,1,27373,22881,1,4782
19839,FOUND,1,6028,22699,1,4783
60115,FOUND,1,26538,24031,1,4784
20331,FOUND,1,6434,23142,1,4785
42956,FOUND,1,22027,25406,1,4786
19370,FOUND,1,5765,22912,1,4787
60131,FOUND,1,26549,24031,1,4788
20725,FOUND,1,6782,23367,1,4789
15719,FOUND,1,3101,12157,1,4790
18130,FOUND,1,5198,22712,1,4791
30576,FOUND,1,12658,23108,1,4792
19913,FOUND,1,6098,23106,1,4793
20188,FOUND,1,6309,22902,1,4794
20731,NOT_FOUND,0,,,1,4795
17948,FOUND,1,5030,22626,1,4796
20274,FOUND,1,6383,23220,1,4797
19915,FOUND,1,6100,23108,1,4798
30548,FOUND,1,12654,23399,1,4799
20357,FOUND,1,6452,23153,1,4800
44690,FOUND,1,23380,22831,1,4801
20212,FOUND,1,6329,23203,1,4802
18407,FOUND,1,5461,22756,1,4803
42938,FOUND,1,22010,25436,1,4804
20191,FOUND,1,6312,22777,1,4805
19357,FOUND,1,5752,22900,1,4806
20203,FOUND,1,6324,22997,1,4807
19980,FOUND,1,6163,23118,1,4808
20687,FOUND,1,6755,23358,1,4809
20196,FOUND,1,6317,22745,1,4810
44787,FOUND,1,23476,22647,1,4811
20831,NOT_FOUND,0,,,1,4812
19978,FOUND,1,6161,23117,1,4813
20710,NOT_FOUND,0,,,1,4814
20745,FOUND,1,6799,23381,1,4815
31879,NOT_FOUND,0,,,1,4816
21045,FOUND,1,7037,23507,1,4817
21047,FOUND,1,7038,23494,1,4818
12749,FOUND,1,257,12157,1,4819
20005,NOT_FOUND,0,,,1,4820
39137,FOUND,1,18894,23066,1,4821
20673,FOUND,1,6748,23354,1,4822
20698,FOUND,1,6763,23361,1,4823
20848,FOUND,1,6871,23424,1,4824
33667,FOUND,1,13894,23484,1,4825
45215,FOUND,1,23858,12157,1,4826
21035,FOUND,1,7027,23507,1,4827
15536,FOUND,1,2918,12157,1,4828
60379,FOUND,1,27454,24066,1,4829
60405,FOUND,1,28234,24073,1,4830
21050,FOUND,1,7041,23423,1,4831
19322,FOUND,1,5717,22875,1,4832
20032,NOT_FOUND,0,,,1,4833
60394,FOUND,1,28225,24073,1,4834
20237,FOUND,1,6354,23083,1,4835
60128,FOUND,1,26546,24039,1,4836
60401,FOUND,1,28232,24064,1,4837
20954,FOUND,1,6946,23466,1,4838
20695,FOUND,1,6760,23128,1,4839
20676,NOT_FOUND,0,,,1,4840
43265,FOUND,1,22303,25347,1,4841
20290,FOUND,1,6397,22900,1,4842
60244,FOUND,1,26615,24037,1,4843
60372,FOUND,1,27447,24059,1,4844
19303,FOUND,1,5698,22783,1,4845
20767,FOUND,1,6816,23394,1,4846
19344,FOUND,1,5739,26410,1,4847
21031,FOUND,1,7023,23475,1,4848
20685,FOUND,1,6754,23357,1,4849
21029,FOUND,1,7021,23126,1,4850
20996,FOUND,1,6988,23490,1,4851
42606,FOUND,1,21715,12157,1,4852
30547,FOUND,1,12653,23598,1,4853
21018,FOUND,1,7010,23500,1,4854
21008,FOUND,1,7000,23486,1,4855
23535,FOUND,1,9420,23496,1,4856
21006,FOUND,1,6998,23490,1,4857
43268,FOUND,1,22306,25350,1,4858
20955,FOUND,1,6947,23465,1,4859
60122,FOUND,1,26543,24035,1,4860
21015,FOUND,1,7007,23087,1,4861
60120,FOUND,1,26542,24035,1,4862
44880,FOUND,1,23568,23511,1,4863
20013,FOUND,1,6186,23134,1,4864
15159,FOUND,1,2554,12157,1,4865
20999,FOUND,1,6991,23488,1,4866
21037,FOUND,1,7029,23500,1,4867
20964,FOUND,1,6956,23473,1,4868
21039,FOUND,1,7031,23510,1,4869
21010,FOUND,1,7002,23479,1,4870
20845,FOUND,1,6869,23422,1,4871
20846,FOUND,1,6870,23423,1,4872
21036,FOUND,1,7028,23508,1,4873
25760,FOUND,1,10461,12157,1,4874
60387,FOUND,1,28218,24070,1,4875
60375,FOUND,1,27450,24062,1,4876
16001,FOUND,1,3381,12157,1,4877
21019,FOUND,1,7011,23466,1,4878
15618,FOUND,1,3000,12157,1,4879
60392,FOUND,1,28223,24070,1,4880
20235,FOUND,1,6352,22871,1,4881
21016,FOUND,1,7008,23499,1,4882
21020,FOUND,1,7012,23499,1,4883
26330,FOUND,1,10975,12157,1,4884
19316,FOUND,1,5711,22871,1,4885
16389,FOUND,1,3767,12157,1,4886
18091,FOUND,1,5160,22676,1,4887
20741,FOUND,1,6795,22627,1,4888
20736,FOUND,1,6790,23374,1,4889
43477,FOUND,1,22509,25287,1,4890
25974,FOUND,1,10672,12157,1,4891
14791,FOUND,1,2223,12157,1,4892
43461,FOUND,1,22493,25287,1,4893
43427,FOUND,1,22459,25283,1,4894
43202,FOUND,1,22256,25364,1,4895
39673,FOUND,1,19314,25305,1,4896
43468,FOUND,1,22500,25320,1,4897
39685,FOUND,1,19326,25311,1,4898
12938,FOUND,1,438,12157,1,4899
39997,FOUND,1,19583,25311,1,4900
42985,FOUND,1,22056,25413,1,4901
39706,FOUND,1,19341,25315,1,4902
43305,FOUND,1,22340,25360,1,4903
43199,FOUND,1,22253,25364,1,4904
43210,FOUND,1,22264,25365,1,4905
43288,FOUND,1,22326,25360,1,4906
45162,FOUND,1,23809,25408,1,4907
43500,FOUND,1,22532,25320,1,4908
43493,FOUND,1,22525,25324,1,4909
43261,FOUND,1,22299,25354,1,4910
43195,FOUND,1,22249,25380,1,4911
39738,FOUND,1,19350,25317,1,4912
39725,FOUND,1,27285,25317,1,4913
43464,FOUND,1,22496,25324,1,4914
43200,FOUND,1,22254,25373,1,4915
43105,FOUND,1,22173,25378,1,4916
43262,FOUND,1,22300,25349,1,4917
42984,FOUND,1,22055,25405,1,4918
23409,FOUND,1,9296,12157,1,4919
33579,FOUND,1,13812,23624,1,4920
44534,FOUND,1,23228,23883,1,4921
44058,FOUND,1,22856,23822,1,4922
44049,FOUND,1,22847,23822,1,4923
44611,FOUND,1,23305,23945,1,4924
15465,FOUND,1,2849,12157,1,4925
44451,FOUND,1,23148,23888,1,4926
44532,FOUND,1,23226,23885,1,4927
44472,FOUND,1,23169,23898,1,4928
44050,FOUND,1,22848,23823,1,4929
44448,FOUND,1,23145,23885,1,4930
23647,FOUND,1,9524,12157,1,4931
44567,FOUND,1,23261,23924,1,4932
44473,FOUND,1,23170,23888,1,4933
44607,FOUND,1,23301,23943,1,4934
44141,FOUND,1,22913,23840,1,4935
44456,FOUND,1,23153,23884,1,4936
44067,FOUND,1,22865,23824,1,4937
44446,FOUND,1,23143,23883,1,4938
44458,FOUND,1,23155,23891,1,4939
44612,FOUND,1,23306,23943,1,4940
44802,FOUND,1,23491,23866,1,4941
44877,FOUND,1,23565,23526,1,4942
44786,FOUND,1,23475,23873,1,4943
21070,FOUND,1,7061,23526,1,4944
44383,FOUND,1,23099,23856,1,4945
19869,FOUND,1,6055,22715,1,4946
19649,FOUND,1,5895,22927,1,4947
44380,FOUND,1,23096,23073,1,4948
44412,FOUND,1,23125,23033,1,4949
44408,FOUND,1,23122,23866,1,4950
44875,FOUND,1,23563,23541,1,4951
21065,FOUND,1,7056,23523,1,4952
21107,FOUND,1,7096,23521,1,4953
21081,FOUND,1,7072,23532,1,4954
19852,FOUND,1,6039,23073,1,4955
60503,FOUND,1,28251,24110,1,4956
60499,FOUND,1,26731,24108,1,4957
44527,FOUND,1,28056,23910,1,4958
60501,FOUND,1,26733,24108,1,4959
60509,FOUND,1,26737,24110,1,4960
44384,FOUND,1,23100,23857,1,4961
44575,FOUND,1,23269,23857,1,4962
60524,FOUND,1,26752,24116,1,4963
60505,FOUND,1,28253,24111,1,4964
60518,FOUND,1,26746,24114,1,4965
60517,FOUND,1,26745,24115,1,4966
60504,FOUND,1,28252,24111,1,4967
60510,FOUND,1,26738,24115,1,4968
60511,FOUND,1,26739,24116,1,4969
60516,FOUND,1,26744,24119,1,4970
60508,FOUND,1,26736,24114,1,4971
60532,FOUND,1,26760,24119,1,4972
60537,FOUND,1,26765,24112,1,4973
60526,FOUND,1,26754,24113,1,4974
60533,FOUND,1,26761,24122,1,4975
60534,FOUND,1,26762,24124,1,4976
60507,FOUND,1,26735,24113,1,4977
60506,FOUND,1,26734,24112,1,4978
60523,FOUND,1,26751,24122,1,4979
60527,FOUND,1,26755,24124,1,4980
33140,FOUND,1,13513,12157,1,4981
45564,FOUND,1,24099,24548,1,4982
41743,FOUND,1,21079,24549,1,4983
42521,FOUND,1,28025,25224,1,4984
42528,FOUND,1,21649,25190,1,4985
44695,FOUND,1,23385,23975,1,4986
44789,FOUND,1,23478,23975,1,4987
44108,FOUND,1,22883,23835,1,4988
44435,FOUND,1,23135,23875,1,4989
44051,FOUND,1,22849,23824,1,4990
44281,FOUND,1,23046,25590,1,4991
45395,FOUND,1,23931,24011,1,4992
45396,FOUND,1,23932,24011,1,4993
45400,FOUND,1,23936,24013,1,4994
45406,FOUND,1,23942,24017,1,4995
45385,FOUND,1,23923,24007,1,4996
45405,FOUND,1,23941,24016,1,4997
45384,FOUND,1,23922,24007,1,4998
44653,FOUND,1,23345,23965,1,4999
42046,FOUND,1,28850,23740,1,5000
45397,FOUND,1,23933,24012,1,5001
44649,FOUND,1,23341,23965,1,5002
45386,FOUND,1,23924,24008,1,5003
44629,FOUND,1,23321,23952,1,5004
42026,FOUND,1,27950,23739,1,5005
45398,FOUND,1,23934,24012,1,5006
14272,FOUND,1,1718,12157,1,5007
32898,NOT_FOUND,0,,,1,5008
42051,FOUND,1,21306,23739,1,5009
43219,FOUND,1,22273,25375,1,5010
44659,FOUND,1,28884,23712,1,5011
45294,NOT_FOUND,0,,,1,5012
44644,FOUND,1,23336,23958,1,5013
44633,FOUND,1,23325,23952,1,5014
44637,FOUND,1,23329,23958,1,5015
44635,FOUND,1,23327,23957,1,5016
44636,FOUND,1,23328,23957,1,5017
43632,FOUND,1,22651,25167,1,5018
32423,FOUND,1,13162,25194,1,5019
26845,FOUND,1,11483,12157,1,5020
42516,FOUND,1,28023,25195,1,5021
32424,FOUND,1,13163,25194,1,5022
42437,FOUND,1,21603,25609,1,5023
42715,FOUND,1,21813,25514,1,5024
42350,FOUND,1,21545,25607,1,5025
42755,FOUND,1,21851,25510,1,5026
42751,FOUND,1,21847,25510,1,5027
44278,FOUND,1,23043,25552,1,5028
42720,FOUND,1,21818,25514,1,5029
42326,FOUND,1,21521,25643,1,5030
42329,FOUND,1,21524,25643,1,5031
42758,FOUND,1,21854,25536,1,5032
42355,FOUND,1,21550,25611,1,5033
42771,FOUND,1,21867,25540,1,5034
42772,FOUND,1,21868,25541,1,5035
42775,FOUND,1,21871,25540,1,5036
42433,FOUND,1,21599,25608,1,5037
42432,FOUND,1,21598,25608,1,5038
44372,FOUND,1,23088,25596,1,5039
42343,FOUND,1,21538,25611,1,5040
42799,FOUND,1,21892,25536,1,5041
42427,FOUND,1,21593,25607,1,5042
42398,FOUND,1,27987,25639,1,5043
42400,FOUND,1,27989,25639,1,5044
42371,FOUND,1,21562,25615,1,5045
42358,FOUND,1,29109,25612,1,5046
23408,FOUND,1,9295,12157,1,5047
42210,FOUND,1,21431,24891,1,5048
27812,FOUND,1,12445,24269,1,5049
17308,FOUND,1,4535,24249,1,5050
12799,FOUND,1,305,12157,1,5051
26671,FOUND,1,11310,12157,1,5052
41927,FOUND,1,27321,24889,1,5053
42220,FOUND,1,29049,24895,1,5054
36338,FOUND,1,16434,24250,1,5055
36342,FOUND,1,16438,24255,1,5056
13162,FOUND,1,654,12157,1,5057
17905,FOUND,1,4992,24252,1,5058
45645,FOUND,1,24175,12157,1,5059
42087,FOUND,1,21325,24890,1,5060
17805,FOUND,1,4919,24269,1,5061
17808,FOUND,1,4921,24271,1,5062
42213,FOUND,1,29048,24895,1,5063
17898,FOUND,1,4986,24254,1,5064
26238,FOUND,1,10883,12157,1,5065
46189,FOUND,1,24513,24531,1,5066
42084,FOUND,1,21322,24889,1,5067
36331,FOUND,1,16427,24268,1,5068
13483,FOUND,1,961,12157,1,5069
36336,FOUND,1,16432,24254,1,5070
15798,FOUND,1,3180,12157,1,5071
36332,FOUND,1,16428,24268,1,5072
41730,FOUND,1,21066,24552,1,5073
40870,FOUND,1,20269,24472,1,5074
45331,FOUND,1,23900,24519,1,5075
46193,FOUND,1,24517,24538,1,5076
26235,NOT_FOUND,0,,,1,5077
19338,FOUND,1,5733,22885,1,5078
39143,FOUND,1,18900,23602,1,5079
19360,FOUND,1,5755,22903,1,5080
30858,FOUND,1,12732,23602,1,5081
30573,FOUND,1,12655,23384,1,5082
20738,FOUND,1,6792,23376,1,5083
19343,FOUND,1,5738,22889,1,5084
43303,FOUND,1,22338,25357,1,5085
19174,FOUND,1,5621,22836,1,5086
20748,FOUND,1,6802,23384,1,5087
46169,FOUND,1,24496,24534,1,5088
46184,FOUND,1,24509,24535,1,5089
20149,FOUND,1,6277,22775,1,5090
20077,FOUND,1,6225,22787,1,5091
20070,FOUND,1,6220,22903,1,5092
20784,FOUND,1,6832,23380,1,5093
41592,FOUND,1,20929,24566,1,5094
18924,FOUND,1,5569,22787,1,5095
18195,FOUND,1,5262,22729,1,5096
14092,FOUND,1,1545,12157,1,5097
41591,FOUND,1,20928,24566,1,5098
20776,FOUND,1,6824,23398,1,5099
20376,FOUND,1,6470,22834,1,5100
20771,FOUND,1,6820,23397,1,5101
18945,FOUND,1,27114,22801,1,5102
18927,FOUND,1,5572,22741,1,5103
18200,FOUND,1,5267,22731,1,5104
18121,FOUND,1,5189,22704,1,5105
19171,FOUND,1,5618,22834,1,5106
14085,FOUND,1,1538,12157,1,5107
15330,FOUND,1,2714,12157,1,5108
15678,FOUND,1,3060,12157,1,5109
14336,FOUND,1,1781,12157,1,5110
46166,FOUND,1,24493,24525,1,5111
16446,FOUND,1,3824,12157,1,5112
25305,FOUND,1,10025,12157,1,5113
23820,FOUND,1,9685,12157,1,5114
41593,FOUND,1,20930,24567,1,5115
46165,FOUND,1,24492,24524,1,5116
41672,FOUND,1,21008,24558,1,5117
41653,FOUND,1,20989,24555,1,5118
46173,FOUND,1,24500,24537,1,5119
46164,FOUND,1,24491,24524,1,5120
41656,FOUND,1,20992,24555,1,5121
41658,FOUND,1,20994,24558,1,5122
41655,FOUND,1,20991,24557,1,5123
41654,FOUND,1,20990,24556,1,5124
19981,FOUND,1,6164,22996,1,5125
20213,FOUND,1,6330,22757,1,5126
20219,FOUND,1,6336,22846,1,5127
19676,FOUND,1,5916,23003,1,5128
18773,FOUND,1,5561,22781,1,5129
20215,FOUND,1,6332,23205,1,5130
20156,FOUND,1,6282,23063,1,5131
18114,FOUND,1,5183,22698,1,5132
19159,FOUND,1,5606,22747,1,5133
18766,FOUND,1,5554,22778,1,5134
44388,FOUND,1,23104,22887,1,5135
20183,FOUND,1,6304,23118,1,5136
20833,FOUND,1,6858,22892,1,5137
20705,FOUND,1,27124,23364,1,5138
43191,FOUND,1,22245,25371,1,5139
43206,FOUND,1,22260,25376,1,5140
43204,FOUND,1,22258,25369,1,5141
43244,FOUND,1,22282,25352,1,5142
43285,FOUND,1,22323,25344,1,5143
20671,FOUND,1,6747,23353,1,5144
20690,FOUND,1,6756,23359,1,5145
18761,NOT_FOUND,0,,,1,5146
19707,FOUND,1,5944,23021,1,5147
18412,FOUND,1,5466,22758,1,5148
19989,FOUND,1,6172,23125,1,5149
19700,FOUND,1,5938,23017,1,5150
20108,FOUND,1,6240,23163,1,5151
18190,FOUND,1,5257,22725,1,5152
20707,FOUND,1,6769,23353,1,5153
43201,FOUND,1,22255,25376,1,5154
26691,FOUND,1,11330,12157,1,5155
43203,FOUND,1,22257,25369,1,5156
43289,NOT_FOUND,0,,,1,5157
46191,FOUND,1,24515,24529,1,5158
43307,FOUND,1,22342,25358,1,5159
43187,FOUND,1,22241,25370,1,5160
43317,FOUND,1,22352,25359,1,5161
43189,FOUND,1,22243,25375,1,5162
43190,FOUND,1,22244,25370,1,5163
43312,FOUND,1,22347,25357,1,5164
43281,FOUND,1,22319,25355,1,5165
43315,FOUND,1,22350,25358,1,5166
43250,FOUND,1,22288,25355,1,5167
44968,FOUND,1,23642,24509,1,5168
41663,FOUND,1,20999,24561,1,5169
22512,FOUND,1,8457,12157,1,5170
41666,FOUND,1,21002,24562,1,5171
44967,FOUND,1,23641,24510,1,5172
45207,FOUND,1,23850,24507,1,5173
46190,FOUND,1,24514,24530,1,5174
41664,FOUND,1,21000,24561,1,5175
43246,FOUND,1,22284,25354,1,5176
43192,FOUND,1,22246,25374,1,5177
43263,FOUND,1,22301,25353,1,5178
43109,FOUND,1,22177,25379,1,5179
43106,FOUND,1,22174,25379,1,5180
45205,FOUND,1,23848,24504,1,5181
14753,FOUND,1,2185,12157,1,5182
22556,FOUND,1,8501,12157,1,5183
45242,FOUND,1,23883,24507,1,5184
46182,FOUND,1,24507,24533,1,5185
46187,FOUND,1,24511,24530,1,5186
46186,FOUND,1,24510,24531,1,5187
45240,FOUND,1,23881,24506,1,5188
44971,FOUND,1,23645,24510,1,5189
41660,FOUND,1,20996,24560,1,5190
44934,FOUND,1,23615,25687,1,5191
41662,FOUND,1,20998,24560,1,5192
42231,FOUND,1,21446,24505,1,5193
44965,FOUND,1,23639,24509,1,5194
42232,FOUND,1,21447,24506,1,5195
42365,FOUND,1,21556,25651,1,5196
44940,FOUND,1,23621,25687,1,5197
44930,FOUND,1,23611,25691,1,5198
42310,FOUND,1,21505,25647,1,5199
42363,FOUND,1,21554,25651,1,5200
42306,FOUND,1,21501,25648,1,5201
44908,FOUND,1,23589,25691,1,5202
44932,FOUND,1,23613,25695,1,5203
45158,FOUND,1,23805,25419,1,5204
42308,FOUND,1,21503,25648,1,5205
45152,FOUND,1,23799,25412,1,5206
45155,FOUND,1,23802,25419,1,5207
42737,FOUND,1,21834,25420,1,5208
42743,FOUND,1,21840,25423,1,5209
45393,FOUND,1,23930,25426,1,5210
43596,FOUND,1,22615,23506,1,5211
46180,FOUND,1,24505,24532,1,5212
21022,FOUND,1,7014,23112,1,5213
20265,FOUND,1,6375,23147,1,5214
43567,FOUND,1,22589,23753,1,5215
20953,FOUND,1,6945,23131,1,5216
40205,FOUND,1,19787,23509,1,5217
43672,FOUND,1,28877,23759,1,5218
20761,FOUND,1,6811,23389,1,5219
20956,FOUND,1,6948,23467,1,5220
20113,FOUND,1,6245,22877,1,5221
43671,FOUND,1,22690,23467,1,5222
19347,FOUND,1,5742,22891,1,5223
21007,FOUND,1,6999,23495,1,5224
21013,FOUND,1,7005,23495,1,5225
20263,FOUND,1,6373,23101,1,5226
38187,FOUND,1,18020,24144,1,5227
13255,FOUND,1,740,12157,1,5228
38261,FOUND,1,18093,24145,1,5229
17230,FOUND,1,4477,12157,1,5230
30785,FOUND,1,12701,12157,1,5231
39104,FOUND,1,18863,24140,1,5232
26321,FOUND,1,10966,12157,1,5233
45589,FOUND,1,24121,12157,1,5234
30878,FOUND,1,12752,12157,1,5235
24025,FOUND,1,9888,12157,1,5236
15665,FOUND,1,3047,12157,1,5237
27394,FOUND,1,12031,24190,1,5238
16255,FOUND,1,3633,12157,1,5239
16361,FOUND,1,3739,12157,1,5240
32930,NOT_FOUND,0,,,1,5241
16286,FOUND,1,3664,12157,1,5242
12893,FOUND,1,396,12157,1,5243
26297,FOUND,1,10942,12157,1,5244
45378,NOT_FOUND,0,,,1,5245
14412,FOUND,1,1857,12157,1,5246
41661,FOUND,1,20997,24559,1,5247
46185,NOT_FOUND,0,,,1,5248
27060,FOUND,1,11698,12157,1,5249
44263,FOUND,1,23033,24492,1,5250
46170,FOUND,1,24497,24527,1,5251
46172,FOUND,1,24499,24526,1,5252
46178,FOUND,1,24504,24526,1,5253
40627,FOUND,1,27820,24953,1,5254
40733,FOUND,1,20165,24950,1,5255
42735,FOUND,1,21832,25424,1,5256
42726,FOUND,1,21824,25424,1,5257
19324,FOUND,1,5719,22877,1,5258
45163,FOUND,1,23810,25416,1,5259
42742,FOUND,1,21839,25420,1,5260
36461,FOUND,1,16557,26410,1,5261
26396,FOUND,1,11039,12157,1,5262
26411,FOUND,1,11054,12157,1,5263
16088,FOUND,1,3467,12157,1,5264
26215,FOUND,1,10863,12157,1,5265
23879,FOUND,1,9744,12157,1,5266
17399,FOUND,1,4594,24249,1,5267
17181,FOUND,1,4437,12157,1,5268
42096,FOUND,1,29035,24867,1,5269
17299,FOUND,1,4529,24244,1,5270
17526,FOUND,1,4701,24231,1,5271
42095,FOUND,1,21332,24867,1,5272
27910,FOUND,1,12535,24244,1,5273
42208,FOUND,1,21430,24871,1,5274
17390,FOUND,1,4587,24228,1,5275
26221,FOUND,1,10869,12157,1,5276
16313,FOUND,1,3691,12157,1,5277
20791,FOUND,1,6835,23188,1,5278
43728,FOUND,1,22743,23510,1,5279
23537,FOUND,1,9422,23081,1,5280
19868,FOUND,1,6054,22890,1,5281
19345,FOUND,1,5740,22890,1,5282
17337,FOUND,1,4557,24241,1,5283
20172,FOUND,1,6293,23188,1,5284
20754,FOUND,1,6807,23085,1,5285
39158,FOUND,1,18915,23389,1,5286
19371,FOUND,1,5766,22913,1,5287
13093,FOUND,1,587,12157,1,5288
27728,FOUND,1,12365,24283,1,5289
15095,FOUND,1,2497,24263,1,5290
36458,FOUND,1,16554,26410,1,5291
27797,FOUND,1,12430,24256,1,5292
33125,FOUND,1,13498,12157,1,5293
27310,FOUND,1,11947,24914,1,5294
15986,FOUND,1,3366,12157,1,5295
42071,FOUND,1,21315,24864,1,5296
42203,FOUND,1,21427,24868,1,5297
15797,FOUND,1,3179,12157,1,5298
63050,FOUND,1,30071,26684,1,5299
17745,FOUND,1,4892,24284,1,5300
12891,FOUND,1,394,12157,1,5301
27986,FOUND,1,12550,12157,1,5302
16768,FOUND,1,4094,24262,1,5303
26391,FOUND,1,11034,12157,1,5304
26817,FOUND,1,11455,12157,1,5305
36453,FOUND,1,16549,24259,1,5306
34483,FOUND,1,14593,24144,1,5307
27825,FOUND,1,12458,24259,1,5308
27761,FOUND,1,12395,24191,1,5309
46171,FOUND,1,24498,24527,1,5310
45204,FOUND,1,23847,24508,1,5311
27287,FOUND,1,11924,24191,1,5312
36322,FOUND,1,16418,24190,1,5313
30888,FOUND,1,12762,11652,1,5314
30919,FOUND,1,12793,11659,1,5315
13130,FOUND,1,624,11239,1,5316
27711,FOUND,1,12348,25844,1,5317
44081,FOUND,1,22879,23837,1,5318
14397,FOUND,1,1842,11267,1,5319
13193,FOUND,1,685,11241,1,5320
30903,FOUND,1,12777,11241,1,5321
30896,FOUND,1,12770,11267,1,5322
30889,FOUND,1,12763,11239,1,5323
30907,FOUND,1,12781,11659,1,5324
30902,FOUND,1,12776,11657,1,5325
30892,FOUND,1,12766,11654,1,5326
30893,FOUND,1,12767,11655,1,5327
30894,FOUND,1,12768,11655,1,5328
30916,FOUND,1,12790,11662,1,5329
30915,FOUND,1,12789,11662,1,5330
18426,FOUND,1,5480,11524,1,5331
63033,FOUND,1,30107,26684,2,5332
44143,FOUND,1,22915,23841,1,5333
18220,FOUND,1,5287,22737,1,5334
20135,FOUND,1,6265,23176,1,5335
33904,FOUND,1,14117,23711,1,5336
33907,FOUND,1,14119,23703,1,5337
18367,FOUND,1,5427,11538,1,5338
30897,FOUND,1,12771,11656,1,5339
31484,FOUND,1,13034,11656,1,5340
18403,FOUND,1,5457,11538,1,5341
18197,FOUND,1,5264,11514,1,5342
26530,FOUND,1,11173,11589,1,5343
30886,FOUND,1,12760,11588,1,5344
31483,FOUND,1,28400,11653,1,5345
39451,FOUND,1,19138,12676,1,5346
43609,FOUND,1,22628,23767,1,5347
33942,NOT_FOUND,0,,,1,5348
63048,FOUND,1,30076,26684,1,5349
39328,FOUND,1,19027,12676,1,5350
63043,FOUND,1,30088,26684,1,5351
39631,FOUND,1,19288,12722,1,5352
63134,FOUND,1,30198,26684,1,5353
41831,FOUND,1,21160,13022,1,5354
63133,FOUND,1,30199,26684,1,5355
40063,FOUND,1,19646,12684,1,5356
63135,FOUND,1,30196,26684,1,5357
41652,FOUND,1,20988,13022,1,5358
34137,FOUND,1,14278,11694,1,5359
34135,FOUND,1,14276,11726,1,5360
32906,NOT_FOUND,0,,,1,5361
63138,FOUND,1,30190,26684,1,5362
39613,FOUND,1,27250,12679,1,5363
63140,FOUND,1,30184,26684,1,5364
39329,FOUND,1,19028,12677,1,5365
63142,FOUND,1,30181,26684,1,5366
40208,FOUND,1,19790,12934,1,5367
63136,FOUND,1,30194,26684,1,5368
40328,FOUND,1,19909,12897,1,5369
63132,FOUND,1,30201,26684,1,5370
39935,FOUND,1,19522,12854,1,5371
14513,FOUND,1,1958,12157,1,5372
37067,FOUND,1,16978,26410,1,5373
34062,NOT_FOUND,0,,,1,5374
37066,FOUND,1,16977,26410,1,5375
27026,FOUND,1,11664,20675,1,5376
40099,FOUND,1,19682,12757,1,5377
24036,FOUND,1,9899,12157,1,5378
34121,FOUND,1,14263,11721,1,5380
34120,FOUND,1,14262,11721,1,5381
34136,FOUND,1,14277,11726,1,5382
34072,FOUND,1,14214,11694,1,5383
34077,FOUND,1,14219,11699,1,5384
34076,FOUND,1,14218,11698,1,5385
34081,FOUND,1,14223,11700,1,5386
34078,FOUND,1,14220,11695,1,5387
34122,FOUND,1,14264,11704,1,5388
34086,FOUND,1,14228,11704,1,5389
34073,FOUND,1,14215,11695,1,5390
34080,FOUND,1,14222,11700,1,5391
40069,FOUND,1,19652,12755,1,5392
28204,FOUND,1,28761,23590,1,5393
33837,FOUND,1,14060,23095,1,5394
45267,NOT_FOUND,0,,,1,5395
25995,FOUND,1,10693,11265,1,5396
34087,FOUND,1,14229,11705,1,5397
34085,FOUND,1,14227,11703,1,5398
34083,FOUND,1,14225,11702,1,5399
34079,FOUND,1,14221,11696,1,5400
30928,FOUND,1,12801,11666,1,5401
17541,FOUND,1,4715,12157,1,5402
45194,FOUND,1,23837,26410,1,5403
39096,FOUND,1,18855,20308,1,5404
45193,FOUND,1,23836,26410,1,5405
23079,FOUND,1,8986,12157,1,5406
60581,FOUND,1,28674,14637,1,5407
60594,FOUND,1,28687,14643,1,5408
60591,FOUND,1,28684,14642,1,5409
60586,FOUND,1,28679,14640,1,5410
45744,FOUND,1,28571,14392,1,5411
26913,FOUND,1,11551,12157,1,5412
34112,FOUND,1,14254,11717,1,5413
34098,FOUND,1,14240,11710,1,5414
34096,FOUND,1,14238,11709,1,5415
34111,FOUND,1,14253,11717,1,5416
34118,FOUND,1,14260,11720,1,5417
34130,FOUND,1,14272,11723,1,5418
23126,FOUND,1,9033,12157,1,5419
34134,FOUND,1,14275,11725,1,5420
34132,FOUND,1,14274,11724,1,5421
34131,FOUND,1,14273,11724,1,5422
34133,FOUND,1,27746,11725,1,5423
45691,FOUND,1,24200,12157,1,5424
34075,FOUND,1,14217,11697,1,5425
34090,FOUND,1,14232,11697,1,5426
34082,FOUND,1,14224,11701,1,5427
34089,FOUND,1,14231,11701,1,5428
34094,FOUND,1,14236,11708,1,5429
34093,FOUND,1,14235,11708,1,5430
34092,FOUND,1,14234,11707,1,5431
34091,FOUND,1,14233,11707,1,5432
34100,FOUND,1,14242,11711,1,5433
34102,FOUND,1,14244,11712,1,5434
34115,FOUND,1,14257,11719,1,5435
34113,FOUND,1,14255,11718,1,5436
45739,FOUND,1,24234,14407,1,5437
45790,FOUND,1,24279,14443,1,5438
45797,FOUND,1,24286,14443,1,5439
45794,FOUND,1,24283,14445,1,5440
37059,FOUND,1,16970,26410,1,5441
17991,FOUND,1,5063,20304,1,5442
37084,FOUND,1,16995,26410,1,5443
47125,FOUND,1,25374,12157,1,5444
13521,FOUND,1,999,12157,1,5445
41449,FOUND,1,20788,24666,1,5446
41439,FOUND,1,20778,24666,1,5447
42943,FOUND,1,22015,13068,1,5448
42791,FOUND,1,21884,25546,1,5449
42543,FOUND,1,21658,25507,1,5450
41454,FOUND,1,20792,24667,1,5451
41455,FOUND,1,20793,24667,1,5452
42980,FOUND,1,22051,25457,1,5453
42990,FOUND,1,22061,25458,1,5454
42995,FOUND,1,22066,25457,1,5455
44277,FOUND,1,23042,25554,1,5456
44290,FOUND,1,23055,25559,1,5457
42996,FOUND,1,22067,25458,1,5458
42897,FOUND,1,21969,25455,1,5459
43779,FOUND,1,22791,23789,1,5460
42891,FOUND,1,21963,25455,1,5461
44376,FOUND,1,23092,25551,1,5462
44360,FOUND,1,23076,25555,1,5463
14906,FOUND,1,2330,11375,1,5464
42796,FOUND,1,21889,25542,1,5465
44282,FOUND,1,23047,25558,1,5466
44361,FOUND,1,23077,25548,1,5467
44356,FOUND,1,23072,25547,1,5468
26587,FOUND,1,11229,12157,1,5469
44352,FOUND,1,23068,25550,1,5470
15891,FOUND,1,3271,12157,1,5471
28041,FOUND,1,12602,12157,1,5472
59312,NOT_FOUND,0,,,1,5473
14949,FOUND,1,2369,11386,1,5474
25815,FOUND,1,10516,26410,1,5475
38503,FOUND,1,18329,26410,1,5476
38529,FOUND,1,18348,26410,1,5477
17237,NOT_FOUND,0,,,1,5478
17220,NOT_FOUND,0,,,1,5479
16610,NOT_FOUND,0,,,1,5480
17221,NOT_FOUND,0,,,1,5481
38528,FOUND,1,27226,26410,1,5482
44039,FOUND,1,22837,23815,1,5483
15614,FOUND,1,2996,12157,1,5484
43787,FOUND,1,22799,23796,1,5485
43785,FOUND,1,22797,23794,1,5486
44037,FOUND,1,22835,23796,1,5487
44052,FOUND,1,22850,23816,1,5488
44038,FOUND,1,22836,23794,1,5489
43786,FOUND,1,22798,23795,1,5490
44074,FOUND,1,22872,23833,1,5491
18494,FOUND,1,28692,22763,1,5492
44056,FOUND,1,22854,23795,1,5493
44077,FOUND,1,22875,23833,1,5494
44083,FOUND,1,22881,23792,1,5495
44082,FOUND,1,22880,23790,1,5496
43780,FOUND,1,22792,23790,1,5497
44055,FOUND,1,22853,23789,1,5498
60520,FOUND,1,26748,24120,1,5499
43783,FOUND,1,22795,23792,1,5500
44113,FOUND,1,22887,23837,1,5501
43617,FOUND,1,22636,23768,1,5502
43605,FOUND,1,22624,23765,1,5503
44150,FOUND,1,22922,23845,1,5504
44151,FOUND,1,22923,23846,1,5505
43784,FOUND,1,22796,23793,1,5506
44053,FOUND,1,22851,23818,1,5507
44045,FOUND,1,22843,23793,1,5508
43608,FOUND,1,22627,23768,1,5509
44158,FOUND,1,22930,23839,1,5510
44142,FOUND,1,22914,23765,1,5511
43614,FOUND,1,22633,23764,1,5512
44155,FOUND,1,22927,23846,1,5513
43604,FOUND,1,22623,23764,1,5514
44550,FOUND,1,23244,23915,1,5515
44551,FOUND,1,23245,23917,1,5516
44047,FOUND,1,22845,23817,1,5517
43615,FOUND,1,22634,23766,1,5518
44544,FOUND,1,23238,23915,1,5519
60471,FOUND,1,26707,24106,1,5520
44546,FOUND,1,23240,23917,1,5521
60502,FOUND,1,28250,24109,1,5522
44547,FOUND,1,23241,23918,1,5523
44042,FOUND,1,22840,23817,1,5524
44597,FOUND,1,23291,23940,1,5525
60530,FOUND,1,26758,24109,1,5526
43607,FOUND,1,22626,23767,1,5527
44599,FOUND,1,23293,23932,1,5528
60531,FOUND,1,26759,24125,1,5529
20179,FOUND,1,6300,23191,1,5530
44711,FOUND,1,23401,23985,1,5531
44454,FOUND,1,23151,23890,1,5532
20180,FOUND,1,6301,23191,1,5533
20977,FOUND,1,6969,23482,1,5534
20900,FOUND,1,6898,23443,1,5535
20965,FOUND,1,6957,23474,1,5536
20985,FOUND,1,6977,23482,1,5537
20239,FOUND,1,6356,23212,1,5538
30579,FOUND,1,12661,23502,1,5539
23540,FOUND,1,9425,23212,1,5540
20753,FOUND,1,6806,23156,1,5541
20746,FOUND,1,6800,23382,1,5542
20079,FOUND,1,6227,23157,1,5543
22646,FOUND,1,8591,12157,1,5544
20742,FOUND,1,6796,23379,1,5545
20976,FOUND,1,6968,23382,1,5546
44578,FOUND,1,23272,22772,1,5547
44577,FOUND,1,23271,23930,1,5548
60461,FOUND,1,26705,24099,1,5549
60459,FOUND,1,28244,24099,1,5550
20764,FOUND,1,6813,23391,1,5551
20843,FOUND,1,6867,23421,1,5552
20116,FOUND,1,6247,23166,1,5553
20842,FOUND,1,6866,23167,1,5554
20117,FOUND,1,27530,23167,1,5555
23591,FOUND,1,9470,23589,1,5556
60473,FOUND,1,28900,24104,1,5557
44415,FOUND,1,23126,23868,1,5558
21025,FOUND,1,7017,23502,1,5559
39149,FOUND,1,18906,23166,1,5560
42411,FOUND,1,21577,25665,1,5561
42429,FOUND,1,21595,25659,1,5562
44947,FOUND,1,29116,25669,1,5563
40930,FOUND,1,20316,24661,1,5564
42439,FOUND,1,21605,25663,1,5565
44948,FOUND,1,29118,25676,1,5566
42434,FOUND,1,21600,25661,1,5567
42438,FOUND,1,21604,25661,1,5568
42431,FOUND,1,21597,25662,1,5569
42421,FOUND,1,21587,25665,1,5570
44913,FOUND,1,23594,25674,1,5571
44898,FOUND,1,23586,25673,1,5572
44933,FOUND,1,23614,25679,1,5573
44944,FOUND,1,23624,25673,1,5574
42344,FOUND,1,21539,25659,1,5575
60535,FOUND,1,26763,24125,1,5576
44591,FOUND,1,23285,23935,1,5577
44588,FOUND,1,23282,23935,1,5578
44587,FOUND,1,23281,23934,1,5579
44584,FOUND,1,23278,23931,1,5580
60463,FOUND,1,28893,24101,1,5581
60462,FOUND,1,26706,24101,1,5582
60522,FOUND,1,26750,24120,1,5583
44583,FOUND,1,23277,23932,1,5584
60525,FOUND,1,26753,24123,1,5585
44589,FOUND,1,23283,23936,1,5586
44343,FOUND,1,27363,23851,1,5587
44381,FOUND,1,23097,23855,1,5588
60464,FOUND,1,28894,24100,1,5589
44525,FOUND,1,28055,23855,1,5590
26869,FOUND,1,11507,12157,1,5591
38498,FOUND,1,18324,26410,1,5592
38520,FOUND,1,18344,26410,1,5593
45062,FOUND,1,23722,25675,1,5594
44906,FOUND,1,23587,25692,1,5595
42440,FOUND,1,21606,25663,1,5596
41453,FOUND,1,20791,24665,1,5597
41440,FOUND,1,20779,24665,1,5598
42436,FOUND,1,21602,25660,1,5599
16936,NOT_FOUND,0,,,1,5600
44582,FOUND,1,23276,23930,1,5601
44945,FOUND,1,23625,25674,1,5602
42442,FOUND,1,21608,25662,1,5603
44590,FOUND,1,23284,23936,1,5604
44377,FOUND,1,23093,23852,1,5605
38506,FOUND,1,18332,26410,1,5606
26609,FOUND,1,11250,26410,1,5607
17236,NOT_FOUND,0,,,1,5608
34806,FOUND,1,14906,26410,1,5609
38525,FOUND,1,18346,26410,1,5610
44465,FOUND,1,23162,23893,1,5611
38504,FOUND,1,18330,26410,1,5612
38527,FOUND,1,18347,26410,1,5613
38524,FOUND,1,18345,26410,1,5614
38502,FOUND,1,18328,26410,1,5615
38507,FOUND,1,18333,26410,1,5616
38526,FOUND,1,27225,26410,1,5617
38519,FOUND,1,18343,26410,1,5618
38517,FOUND,1,18342,26410,1,5619
17164,NOT_FOUND,0,,,1,5620
16963,NOT_FOUND,0,,,1,5621
20074,FOUND,1,6222,23156,1,5622
19867,FOUND,1,6053,23081,1,5623
21278,FOUND,1,7262,23139,1,5624
20347,FOUND,1,6442,23130,1,5625
20749,FOUND,1,6803,23157,1,5626
20365,FOUND,1,6459,23243,1,5627
20009,FOUND,1,6185,23133,1,5628
43726,FOUND,1,22741,22622,1,5629
20368,FOUND,1,6462,23244,1,5630
21017,FOUND,1,7009,23133,1,5631
20777,FOUND,1,6825,23396,1,5632
23531,FOUND,1,9416,23403,1,5633
23888,FOUND,1,9753,12157,1,5634
19356,FOUND,1,5751,22899,1,5635
20915,FOUND,1,6913,23448,1,5636
20340,FOUND,1,6438,23234,1,5637
20040,FOUND,1,6195,23141,1,5638
44874,FOUND,1,23562,23436,1,5639
20037,FOUND,1,6193,23139,1,5640
20350,FOUND,1,6445,23234,1,5641
20890,FOUND,1,6888,23436,1,5642
20369,FOUND,1,6463,23245,1,5643
20114,FOUND,1,27529,23152,1,5644
43569,FOUND,1,28048,23132,1,5645
20234,FOUND,1,6351,23072,1,5646
20322,FOUND,1,6427,23197,1,5647
44460,FOUND,1,23157,23893,1,5648
19851,FOUND,1,6038,23072,1,5649
21279,FOUND,1,7263,23245,1,5650
20190,FOUND,1,6311,23197,1,5651
20367,FOUND,1,6461,23138,1,5652
43674,FOUND,1,22692,23756,1,5653
20364,FOUND,1,6458,23237,1,5654
20323,NOT_FOUND,0,,,1,5655
20035,FOUND,1,6191,22622,1,5656
20241,FOUND,1,6358,23214,1,5657
44886,FOUND,1,23574,23785,1,5658
19304,FOUND,1,5699,22864,1,5659
20238,FOUND,1,6355,22864,1,5660
43717,FOUND,1,22732,23785,1,5661
23545,FOUND,1,9430,23079,1,5662
20785,FOUND,1,6833,23403,1,5663
20794,FOUND,1,6836,23390,1,5664
26821,FOUND,1,11459,12157,1,5665
43737,FOUND,1,22752,23211,1,5666
21004,FOUND,1,6996,23493,1,5667
19865,FOUND,1,6051,23079,1,5668
43568,FOUND,1,22590,23757,1,5669
20998,FOUND,1,6990,23491,1,5670
20168,FOUND,1,6290,23186,1,5671
44881,FOUND,1,23569,23787,1,5672
43719,FOUND,1,22734,23219,1,5673
20758,FOUND,1,6808,23385,1,5674
20072,FOUND,1,27528,23155,1,5675
19701,FOUND,1,27524,23018,1,5676
43729,FOUND,1,22744,23186,1,5677
20760,FOUND,1,6810,23388,1,5678
44882,FOUND,1,23570,23102,1,5679
19998,FOUND,1,6180,23015,1,5680
43566,FOUND,1,22588,23756,1,5681
15270,FOUND,1,2657,12157,1,5682
20001,FOUND,1,6181,23129,1,5683
43732,FOUND,1,22747,23244,1,5684
20038,FOUND,1,6194,23140,1,5685
44447,FOUND,1,23144,23884,1,5686
20036,FOUND,1,6192,23138,1,5687
20366,FOUND,1,6460,23129,1,5688
39159,FOUND,1,18916,23243,1,5689
20003,FOUND,1,6182,23130,1,5690
43709,FOUND,1,22725,23587,1,5691
21034,FOUND,1,7026,23468,1,5692
20236,FOUND,1,6353,23211,1,5693
19698,FOUND,1,5936,23015,1,5694
44883,FOUND,1,23571,22918,1,5695
20751,FOUND,1,6804,23385,1,5696
21079,FOUND,1,7070,23531,1,5697
22555,FOUND,1,8500,12157,1,5698
44444,FOUND,1,23141,23881,1,5699
44737,FOUND,1,23427,23998,1,5700
44484,FOUND,1,28054,23881,1,5701
44796,FOUND,1,23485,24002,1,5702
44699,FOUND,1,23389,23978,1,5703
44436,FOUND,1,23136,23876,1,5704
44626,FOUND,1,23320,23876,1,5705
44079,FOUND,1,22877,23835,1,5706
44438,FOUND,1,27375,23877,1,5707
44740,FOUND,1,23430,23974,1,5708
44803,FOUND,1,23492,23992,1,5709
44725,FOUND,1,23415,23992,1,5710
44692,FOUND,1,23382,23972,1,5711
44804,FOUND,1,23493,24002,1,5712
44694,FOUND,1,23384,23974,1,5713
15607,FOUND,1,2989,12157,1,5714
44797,FOUND,1,23486,23994,1,5715
44531,FOUND,1,23225,23724,1,5716
44443,FOUND,1,23140,23719,1,5717
44730,FOUND,1,23420,23980,1,5718
44728,FOUND,1,23418,23972,1,5719
44413,FOUND,1,27365,23716,1,5720
44713,FOUND,1,23403,23984,1,5721
44720,FOUND,1,23410,23988,1,5722
44691,FOUND,1,23381,23971,1,5723
44701,FOUND,1,23391,23980,1,5724
20680,NOT_FOUND,0,,,1,5725
20136,FOUND,1,6266,23177,1,5726
20007,NOT_FOUND,0,,,1,5727
44661,FOUND,1,23351,23714,1,5728
22977,FOUND,1,8886,23583,1,5729
19864,FOUND,1,6050,23044,1,5730
20084,FOUND,1,6232,23059,1,5731
20730,FOUND,1,6785,23370,1,5732
13360,FOUND,1,839,12157,1,5733
20683,FOUND,1,6752,23184,1,5734
30848,FOUND,1,12722,12157,1,5735
20709,FOUND,1,6771,22961,1,5736
20123,FOUND,1,6253,23171,1,5737
20205,FOUND,1,6325,23045,1,5738
19747,FOUND,1,5957,23030,1,5739
20127,FOUND,1,6257,23055,1,5740
19739,FOUND,1,5950,23025,1,5741
23017,FOUND,1,8925,23172,1,5742
20130,FOUND,1,6260,23172,1,5743
20155,FOUND,1,6281,22904,1,5744
44457,FOUND,1,23154,23891,1,5745
44625,FOUND,1,23319,23951,1,5746
44461,FOUND,1,23158,23894,1,5747
44418,FOUND,1,23129,23869,1,5748
44469,FOUND,1,23166,23890,1,5749
44043,FOUND,1,22841,23818,1,5750
44441,FOUND,1,23138,23880,1,5751
44449,FOUND,1,23146,23886,1,5752
44462,FOUND,1,23159,23886,1,5753
44453,FOUND,1,23150,23887,1,5754
44048,FOUND,1,22846,23821,1,5755
44541,FOUND,1,23235,23913,1,5756
44555,FOUND,1,23249,23921,1,5757
44622,FOUND,1,23316,23921,1,5758
44543,FOUND,1,23237,23913,1,5759
60465,FOUND,1,28895,24102,1,5760
44620,FOUND,1,23314,23947,1,5761
44060,FOUND,1,22858,23827,1,5762
60529,FOUND,1,26757,24121,1,5763
60536,FOUND,1,26764,24105,1,5764
44585,FOUND,1,23279,23933,1,5765
44598,FOUND,1,23292,23933,1,5766
60472,FOUND,1,26708,24103,1,5767
44417,FOUND,1,23128,23869,1,5768
44073,FOUND,1,22871,23832,1,5769
20197,FOUND,1,6318,23200,1,5770
20131,FOUND,1,6261,23173,1,5771
20336,NOT_FOUND,0,,,1,5772
20284,FOUND,1,6391,23217,1,5773
20679,NOT_FOUND,0,,,1,5774
44071,FOUND,1,22869,23821,1,5775
44112,FOUND,1,22886,23836,1,5776
44614,FOUND,1,23308,23947,1,5777
44080,FOUND,1,22878,23836,1,5778
20207,FOUND,1,6326,23040,1,5779
44617,FOUND,1,23311,23949,1,5780
44068,FOUND,1,22866,23832,1,5781
44064,FOUND,1,22862,23830,1,5782
44731,FOUND,1,23421,23993,1,5783
44726,FOUND,1,23416,23993,1,5784
45402,FOUND,1,23938,24014,1,5785
41825,FOUND,1,21155,23737,1,5786
45399,FOUND,1,23935,24013,1,5787
44452,FOUND,1,23149,23889,1,5788
45389,FOUND,1,23927,24009,1,5789
44391,FOUND,1,23106,23862,1,5790
44475,FOUND,1,23172,23897,1,5791
44790,FOUND,1,23479,23976,1,5792
42047,FOUND,1,21303,23741,1,5793
44795,FOUND,1,23484,23977,1,5794
45387,FOUND,1,23925,24008,1,5795
44495,FOUND,1,23191,23903,1,5796
45401,FOUND,1,23937,24014,1,5797
22621,FOUND,1,8566,12157,1,5798
45388,FOUND,1,23926,24009,1,5799
44621,FOUND,1,23315,23950,1,5800
44593,FOUND,1,23287,23938,1,5801
44619,FOUND,1,23313,23950,1,5802
44062,FOUND,1,22860,23828,1,5803
44542,FOUND,1,23236,23914,1,5804
44623,FOUND,1,23317,23948,1,5805
44066,FOUND,1,22864,23820,1,5806
44061,FOUND,1,22859,23828,1,5807
44596,FOUND,1,23290,23938,1,5808
44603,FOUND,1,23297,23937,1,5809
44717,FOUND,1,23407,23990,1,5810
44553,FOUND,1,23247,23914,1,5811
44722,FOUND,1,23412,23990,1,5812
44592,FOUND,1,23286,23937,1,5813
44110,FOUND,1,22885,23827,1,5814
44474,FOUND,1,23171,23894,1,5815
44450,FOUND,1,23147,23887,1,5816
44466,FOUND,1,23163,23896,1,5817
44463,FOUND,1,23160,23895,1,5818
44467,FOUND,1,23164,23880,1,5819
44470,FOUND,1,23167,23896,1,5820
44395,FOUND,1,28879,23864,1,5821
44468,FOUND,1,23165,23897,1,5822
44464,FOUND,1,23161,23895,1,5823
44059,FOUND,1,22857,23826,1,5824
44594,FOUND,1,23288,23939,1,5825
44616,FOUND,1,23310,23948,1,5826
44595,FOUND,1,23289,23939,1,5827
44154,FOUND,1,22926,23844,1,5828
44107,FOUND,1,22882,23831,1,5829
42912,FOUND,1,21984,25399,1,5830
45392,FOUND,1,29096,25428,1,5831
45103,FOUND,1,23751,25431,1,5832
42728,FOUND,1,21826,25425,1,5833
42932,FOUND,1,22004,25435,1,5834
42722,FOUND,1,21820,25425,1,5835
45154,FOUND,1,23801,25412,1,5836
42963,FOUND,1,22034,25414,1,5837
45096,FOUND,1,23744,25428,1,5838
42962,FOUND,1,22033,25411,1,5839
42968,FOUND,1,22039,25404,1,5840
42982,FOUND,1,22053,25414,1,5841
42981,FOUND,1,22052,25411,1,5842
42959,FOUND,1,22030,25407,1,5843
42958,FOUND,1,22029,25407,1,5844
45099,FOUND,1,23747,25430,1,5845
44604,FOUND,1,23298,23941,1,5846
44548,FOUND,1,23242,23916,1,5847
44798,FOUND,1,23487,24003,1,5848
44600,FOUND,1,23294,23941,1,5849
44545,FOUND,1,23239,23916,1,5850
45107,FOUND,1,23755,25431,1,5851
42724,FOUND,1,21822,25422,1,5852
45098,FOUND,1,23746,25432,1,5853
42733,FOUND,1,21831,25421,1,5854
45157,FOUND,1,23804,25418,1,5855
45106,FOUND,1,23754,25426,1,5856
45101,FOUND,1,23749,25427,1,5857
42721,FOUND,1,21819,25422,1,5858
42738,FOUND,1,21835,25421,1,5859
45159,FOUND,1,23806,25418,1,5860
45411,FOUND,1,23947,24019,1,5861
44640,FOUND,1,23332,23954,1,5862
44631,FOUND,1,23323,23954,1,5863
44791,FOUND,1,23480,24000,1,5864
44498,FOUND,1,23194,23908,1,5865
45413,FOUND,1,23949,24020,1,5866
45409,FOUND,1,23945,24018,1,5867
45404,FOUND,1,23940,24015,1,5868
44488,FOUND,1,23184,23903,1,5869
44560,FOUND,1,23254,23924,1,5870
45407,FOUND,1,23943,24017,1,5871
42027,FOUND,1,27951,23738,1,5872
45408,FOUND,1,23944,24016,1,5873
41826,FOUND,1,28849,23738,1,5874
45410,FOUND,1,23946,24018,1,5875
44537,FOUND,1,23231,23899,1,5876
44697,FOUND,1,23387,23976,1,5877
43272,FOUND,1,22310,25339,1,5878
44399,FOUND,1,23113,23860,1,5879
44698,FOUND,1,23388,23977,1,5880
44389,FOUND,1,27364,23860,1,5881
44476,FOUND,1,23173,23899,1,5882
44609,FOUND,1,23303,23944,1,5883
44442,FOUND,1,23139,23879,1,5884
44608,FOUND,1,23302,23944,1,5885
44065,FOUND,1,22863,23831,1,5886
44072,FOUND,1,22870,23826,1,5887
44404,FOUND,1,23118,23864,1,5888
44437,FOUND,1,27374,23877,1,5889
44602,FOUND,1,23296,23942,1,5890
44601,FOUND,1,23295,23942,1,5891
15144,FOUND,1,2539,12157,1,5892
60649,FOUND,1,29263,24406,1,5893
36513,FOUND,1,16609,24243,1,5894
16523,FOUND,1,3883,12157,1,5895
33378,FOUND,1,28954,24429,1,5896
42065,FOUND,1,27962,24864,1,5897
17319,FOUND,1,4544,24229,1,5898
42129,FOUND,1,21361,24866,1,5899
16912,FOUND,1,4223,24238,1,5900
17836,FOUND,1,4934,24245,1,5901
45110,FOUND,1,23758,25427,1,5902
42930,FOUND,1,22002,25415,1,5903
42723,FOUND,1,21821,25423,1,5904
45160,FOUND,1,23807,25416,1,5905
42969,FOUND,1,22040,25415,1,5906
45299,NOT_FOUND,0,,,1,5907
45656,FOUND,1,24186,12157,1,5908
40840,FOUND,1,20242,24949,1,5909
40705,FOUND,1,20142,24958,1,5910
40706,FOUND,1,29058,24957,1,5911
42302,FOUND,1,21497,25647,1,5912
44909,FOUND,1,23590,25692,1,5913
44916,FOUND,1,23597,25688,1,5914
44907,FOUND,1,23588,25684,1,5915
44923,FOUND,1,23604,25688,1,5916
42960,FOUND,1,22031,25400,1,5917
43193,FOUND,1,22247,25382,1,5918
43188,FOUND,1,22242,25381,1,5919
42928,FOUND,1,22000,25400,1,5920
43266,FOUND,1,22304,25341,1,5921
14274,FOUND,1,1720,12157,1,5922
42918,FOUND,1,21990,25447,1,5923
14271,FOUND,1,1717,12157,1,5924
15158,FOUND,1,2553,12157,1,5925
26169,NOT_FOUND,0,,,1,5926
13173,FOUND,1,665,12157,1,5927
13195,FOUND,1,687,12157,1,5928
42367,FOUND,1,21558,25650,1,5929
13047,FOUND,1,541,12157,1,5930
15730,FOUND,1,3112,12157,1,5931
22755,FOUND,1,8698,12157,1,5932
40780,FOUND,1,20209,24448,1,5933
40827,FOUND,1,27873,24452,1,5934
14391,FOUND,1,1836,12157,1,5935
23413,FOUND,1,9300,12157,1,5936
40833,FOUND,1,27878,24452,1,5937
16651,FOUND,1,3984,24178,1,5938
13931,FOUND,1,1388,12157,1,5939
42914,FOUND,1,21986,25442,1,5940
18002,FOUND,1,5073,24189,1,5941
36433,FOUND,1,16529,24177,1,5942
13206,FOUND,1,698,12157,1,5943
17282,FOUND,1,4518,24177,1,5944
46196,FOUND,1,24520,12157,1,5945
15918,FOUND,1,3298,12157,1,5946
15488,FOUND,1,2871,12157,1,5947
38245,FOUND,1,18077,24185,1,5948
22620,FOUND,1,8565,12157,1,5949
17280,FOUND,1,4516,24176,1,5950
23607,FOUND,1,9486,12157,1,5951
22548,FOUND,1,8493,12157,1,5952
17830,FOUND,1,4928,24176,1,5953
42910,FOUND,1,21982,25402,1,5954
42997,FOUND,1,22068,25401,1,5955
42961,FOUND,1,22032,25402,1,5956
43253,FOUND,1,22291,25342,1,5957
42917,FOUND,1,21989,25442,1,5958
43118,FOUND,1,22186,25384,1,5959
43251,FOUND,1,22289,25336,1,5960
42954,FOUND,1,22025,25401,1,5961
42971,FOUND,1,22042,25396,1,5962
43115,FOUND,1,22183,25382,1,5963
42904,FOUND,1,21976,25399,1,5964
45620,FOUND,1,24152,25391,1,5965
43212,FOUND,1,22266,25368,1,5966
43208,FOUND,1,22262,25366,1,5967
42915,FOUND,1,21987,25447,1,5968
43260,FOUND,1,22298,25336,1,5969
43214,FOUND,1,22268,25371,1,5970
45161,FOUND,1,23808,25408,1,5971
45105,FOUND,1,23753,25432,1,5972
42957,FOUND,1,22028,25409,1,5973
43197,FOUND,1,22251,25372,1,5974
45100,FOUND,1,23748,25433,1,5975
43297,FOUND,1,22333,25356,1,5976
44632,FOUND,1,23324,23955,1,5977
44655,FOUND,1,23347,23955,1,5978
44401,FOUND,1,23115,23865,1,5979
13222,FOUND,1,714,12157,1,5980
43304,FOUND,1,22339,25356,1,5981
42967,FOUND,1,22038,25410,1,5982
45164,FOUND,1,28070,25404,1,5983
42966,FOUND,1,22037,25409,1,5984
42964,FOUND,1,22035,25410,1,5985
42929,FOUND,1,22001,25405,1,5986
43196,FOUND,1,22250,25372,1,5987
42973,FOUND,1,22044,25406,1,5988
43309,FOUND,1,22344,25362,1,5989
43301,FOUND,1,22336,25361,1,5990
43209,FOUND,1,22263,25365,1,5991
43308,FOUND,1,22343,25362,1,5992
43316,FOUND,1,22351,25361,1,5993
43218,FOUND,1,22272,25366,1,5994
40703,FOUND,1,29056,24954,1,5995
14060,FOUND,1,1514,12157,1,5996
40629,FOUND,1,20114,24949,1,5997
40731,FOUND,1,20163,24958,1,5998
40841,FOUND,1,20243,24957,1,5999
47147,FOUND,1,25396,12157,1,6000
42307,FOUND,1,21502,25646,1,6001
44922,FOUND,1,23603,25685,1,6002
44925,FOUND,1,23606,25690,1,6003
44941,FOUND,1,23622,25690,1,6004
44499,FOUND,1,23195,23909,1,6005
43205,FOUND,1,22259,25368,1,6006
44647,FOUND,1,23339,23963,1,6007
44393,FOUND,1,23108,23861,1,6008
44530,FOUND,1,23224,23909,1,6009
44927,FOUND,1,23608,25684,1,6010
44935,FOUND,1,23616,25685,1,6011
44917,FOUND,1,23598,25681,1,6012
44937,FOUND,1,23618,25686,1,6013
42385,FOUND,1,21571,25650,1,6014
44924,FOUND,1,23605,25689,1,6015
42301,FOUND,1,21496,25646,1,6016
42386,FOUND,1,29114,25649,1,6017
44911,FOUND,1,23592,25686,1,6018
42384,FOUND,1,29113,25649,1,6019
43116,FOUND,1,22184,25384,1,6020
43207,FOUND,1,22261,25381,1,6021
42328,FOUND,1,21523,25644,1,6022
44915,FOUND,1,23596,25695,1,6023
44918,FOUND,1,23599,25689,1,6024
43689,FOUND,1,22705,17548,1,6025
20927,FOUND,1,6925,23455,1,6026
20268,FOUND,1,6378,23187,1,6027
43685,FOUND,1,22701,23774,1,6028
20170,FOUND,1,6291,23187,1,6029
43552,FOUND,1,22579,23442,1,6030
40039,FOUND,1,19622,23441,1,6031
19977,FOUND,1,6160,23116,1,6032
43584,FOUND,1,22603,23760,1,6033
43587,FOUND,1,22606,23760,1,6034
44431,FOUND,1,28882,23872,1,6035
44526,FOUND,1,23221,23872,1,6036
20899,FOUND,1,6897,23442,1,6037
20968,FOUND,1,6960,23433,1,6038
43711,FOUND,1,22727,23773,1,6039
43602,FOUND,1,22621,23763,1,6040
43618,FOUND,1,22637,23772,1,6041
43702,FOUND,1,22718,23763,1,6042
40065,FOUND,1,19648,23734,1,6043
44416,FOUND,1,23127,23734,1,6044
40226,FOUND,1,19808,23733,1,6045
19569,FOUND,1,5819,22943,1,6046
40043,FOUND,1,19626,23733,1,6047
20067,FOUND,1,6218,23154,1,6048
44406,FOUND,1,23120,23204,1,6049
43704,FOUND,1,22720,23781,1,6050
43703,FOUND,1,22719,23781,1,6051
20214,FOUND,1,6331,23204,1,6052
19844,FOUND,1,6031,23071,1,6053
43295,FOUND,1,22331,25303,1,6054
19876,FOUND,1,6062,22977,1,6055
42143,FOUND,1,27968,24878,1,6056
42134,FOUND,1,21366,24879,1,6057
13151,FOUND,1,643,12157,1,6058
34423,FOUND,1,14533,24907,1,6059
42132,FOUND,1,21364,24880,1,6060
17081,FOUND,1,4365,24236,1,6061
42246,FOUND,1,21454,24877,1,6062
45677,NOT_FOUND,0,,,1,6063
42075,FOUND,1,29041,24880,1,6064
13414,FOUND,1,892,12157,1,6065
15684,FOUND,1,3066,12157,1,6066
17833,FOUND,1,4931,24904,1,6067
25321,FOUND,1,10038,12157,1,6068
42094,FOUND,1,21331,24881,1,6069
16642,FOUND,1,3978,24905,1,6070
45418,FOUND,1,23954,24022,1,6071
44491,FOUND,1,23187,23900,1,6072
44648,FOUND,1,23340,23964,1,6073
44650,FOUND,1,23342,23960,1,6074
44639,FOUND,1,23331,23959,1,6075
45417,FOUND,1,23953,24022,1,6076
44702,FOUND,1,23392,23969,1,6077
41589,FOUND,1,20926,24565,1,6078
15198,FOUND,1,2588,12157,1,6079
44963,FOUND,1,23637,24508,1,6080
41665,FOUND,1,21001,24562,1,6081
46181,FOUND,1,24506,24535,1,6082
41585,FOUND,1,20922,24563,1,6083
41659,FOUND,1,20995,24559,1,6084
45222,FOUND,1,28072,24511,1,6085
44792,FOUND,1,23481,24001,1,6086
44392,FOUND,1,23107,23863,1,6087
44405,FOUND,1,23119,23865,1,6088
44707,FOUND,1,23397,23983,1,6089
44736,FOUND,1,23426,23998,1,6090
44493,FOUND,1,23189,23904,1,6091
31854,NOT_FOUND,0,,,1,6092
44492,FOUND,1,23188,23905,1,6093
44656,FOUND,1,23348,23969,1,6094
44497,FOUND,1,23193,23907,1,6095
16211,FOUND,1,3589,12157,1,6096
44529,FOUND,1,23223,21842,1,6097
39677,FOUND,1,19318,25297,1,6098
39681,FOUND,1,19322,25303,1,6099
41673,FOUND,1,21009,24556,1,6100
44981,FOUND,1,23654,24512,1,6101
30843,FOUND,1,12717,12157,1,6102
41594,FOUND,1,20931,24568,1,6103
41657,FOUND,1,20993,24557,1,6104
41590,FOUND,1,20927,24565,1,6105
41586,FOUND,1,20923,24563,1,6106
46176,FOUND,1,24503,24525,1,6107
46192,FOUND,1,24516,24536,1,6108
45245,FOUND,1,28073,24515,1,6109
14752,FOUND,1,2184,12157,1,6110
46183,FOUND,1,24508,24532,1,6111
45219,FOUND,1,23862,24511,1,6112
39667,FOUND,1,19309,25296,1,6113
39678,FOUND,1,19319,25296,1,6114
43216,FOUND,1,22270,25367,1,6115
42948,FOUND,1,22020,25435,1,6116
42965,FOUND,1,22036,25413,1,6117
45153,FOUND,1,23800,25417,1,6118
42945,FOUND,1,22017,25434,1,6119
45097,FOUND,1,23745,25433,1,6120
43213,FOUND,1,22267,25367,1,6121
45102,FOUND,1,23750,25430,1,6122
45156,FOUND,1,23803,25417,1,6123
45109,FOUND,1,23757,25429,1,6124
26729,FOUND,1,11367,12157,1,6125
39687,FOUND,1,19328,25298,1,6126
39675,FOUND,1,19316,25297,1,6127
39749,FOUND,1,27299,25295,1,6128
31870,NOT_FOUND,0,,,1,6129
20363,FOUND,1,6457,23242,1,6130
43611,FOUND,1,22630,23769,1,6131
26965,FOUND,1,11603,12157,1,6132
26021,FOUND,1,10718,24908,1,6133
41828,FOUND,1,21157,24912,1,6134
17826,FOUND,1,4925,24909,1,6135
45368,NOT_FOUND,0,,,1,6136
42073,FOUND,1,21316,24884,1,6137
26040,FOUND,1,10737,24905,1,6138
27320,FOUND,1,11957,24909,1,6139
42072,FOUND,1,29042,24882,1,6140
42074,FOUND,1,29043,24882,1,6141
18012,FOUND,1,5081,12157,1,6142
16083,FOUND,1,3462,12157,1,6143
41830,FOUND,1,21159,24885,1,6144
17429,NOT_FOUND,0,,,1,6145
41902,FOUND,1,29033,24844,1,6146
41903,FOUND,1,21225,24846,1,6147
27685,FOUND,1,12322,26410,1,6148
27681,FOUND,1,12318,26410,1,6149
17447,NOT_FOUND,0,,,1,6150
43766,FOUND,1,22781,23772,1,6151
19907,FOUND,1,6092,23077,1,6152
44742,FOUND,1,23432,23978,1,6153
27874,FOUND,1,12504,26410,1,6154
60498,FOUND,1,26730,24107,1,6155
44704,FOUND,1,23394,23982,1,6156
44738,FOUND,1,23428,23999,1,6157
44735,FOUND,1,23425,23995,1,6158
44739,FOUND,1,23429,23997,1,6159
17839,FOUND,1,4937,24253,1,6160
44708,FOUND,1,23398,23966,1,6161
44634,FOUND,1,23326,23956,1,6162
23430,FOUND,1,9317,12157,1,6163
13155,FOUND,1,647,12157,1,6164
41899,FOUND,1,21222,24846,1,6165
13785,FOUND,1,1257,12157,1,6166
41676,FOUND,1,21012,24575,1,6167
17908,FOUND,1,4994,24253,1,6168
16421,FOUND,1,3799,12157,1,6169
17902,FOUND,1,4990,24266,1,6170
26351,FOUND,1,10996,12157,1,6171
13511,FOUND,1,989,12157,1,6172
16179,FOUND,1,3557,12157,1,6173
41677,FOUND,1,21013,24575,1,6174
30833,FOUND,1,12707,12157,1,6175
45592,FOUND,1,24124,12157,1,6176
26373,FOUND,1,11017,12157,1,6177
45654,FOUND,1,24184,12157,1,6178
18408,FOUND,1,5462,12157,1,6179
42076,FOUND,1,21317,24881,1,6180
42218,FOUND,1,21435,24891,1,6181
26240,FOUND,1,10885,12157,1,6182
14633,FOUND,1,2075,12157,1,6183
15012,FOUND,1,2428,12157,1,6184
27683,FOUND,1,12320,24260,1,6185
39107,FOUND,1,18866,24284,1,6186
13601,FOUND,1,1078,12157,1,6187
17916,FOUND,1,5002,24276,1,6188
12856,FOUND,1,361,12157,1,6189
26454,FOUND,1,11097,12157,1,6190
45422,FOUND,1,23958,24024,1,6191
45419,FOUND,1,23955,24023,1,6192
44489,FOUND,1,23185,23904,1,6193
44794,FOUND,1,23483,23968,1,6194
45420,FOUND,1,23956,24023,1,6195
45421,FOUND,1,23957,24024,1,6196
45412,FOUND,1,23948,24019,1,6197
45414,FOUND,1,23950,24020,1,6198
44705,FOUND,1,23395,23961,1,6199
44645,FOUND,1,23337,23961,1,6200
44486,FOUND,1,23182,23901,1,6201
45416,FOUND,1,23952,24021,1,6202
44638,FOUND,1,23330,23959,1,6203
45415,FOUND,1,23951,24021,1,6204
44706,FOUND,1,23396,23962,1,6205
16956,FOUND,1,27104,24265,1,6206
12952,FOUND,1,452,12157,1,6207
36519,FOUND,1,16615,24283,1,6208
14653,FOUND,1,2095,12157,1,6209
32958,NOT_FOUND,0,,,1,6210
17080,FOUND,1,4364,24281,1,6211
47128,FOUND,1,25377,12157,1,6212
44654,FOUND,1,23346,23968,1,6213
44641,FOUND,1,23333,23960,1,6214
44703,FOUND,1,23393,23981,1,6215
44646,FOUND,1,23338,23962,1,6216
44642,FOUND,1,23334,23956,1,6217
44485,FOUND,1,23181,23900,1,6218
44793,FOUND,1,23482,23981,1,6219
44651,FOUND,1,23343,23966,1,6220
17198,NOT_FOUND,0,,,1,6221
42085,FOUND,1,21323,24848,1,6222
179T4,NOT_FOUND,0,,,1,6223
42009,FOUND,1,21289,24848,1,6224
19984,FOUND,1,6167,23120,1,6225
20811,FOUND,1,6839,23071,1,6226
20816,FOUND,1,6844,23013,1,6227
19860,FOUND,1,6046,23077,1,6228
19910,FOUND,1,6095,23068,1,6229
19858,FOUND,1,6044,23075,1,6230
19906,FOUND,1,6091,23104,1,6231
43610,FOUND,1,22629,23769,1,6232
20897,FOUND,1,6895,23441,1,6233
19919,FOUND,1,6104,23110,1,6234
44741,FOUND,1,23431,23999,1,6235
44643,FOUND,1,23335,23953,1,6236
44630,FOUND,1,23322,23953,1,6237
44536,FOUND,1,23230,23889,1,6238
44660,FOUND,1,23350,23718,1,6239
44490,FOUND,1,23186,23901,1,6240
44696,FOUND,1,23386,23973,1,6241
20911,FOUND,1,6909,23429,1,6242
44190,FOUND,1,22962,12157,1,6243
44652,FOUND,1,23344,23967,1,6244
41587,FOUND,1,20924,24564,1,6245
20928,FOUND,1,6926,23456,1,6246
20898,FOUND,1,6896,22629,1,6247
20924,FOUND,1,6922,23452,1,6248
17952,FOUND,1,5034,22630,1,6249
43670,FOUND,1,22689,23773,1,6250
44733,FOUND,1,23423,23996,1,6251
44788,FOUND,1,23477,23982,1,6252
44700,FOUND,1,23390,23979,1,6253
44785,FOUND,1,23474,23979,1,6254
44807,FOUND,1,23496,23983,1,6255
44693,FOUND,1,23383,23973,1,6256
44732,FOUND,1,23422,23995,1,6257
44494,FOUND,1,23190,23906,1,6258
44734,FOUND,1,23424,23997,1,6259
44394,FOUND,1,23109,23863,1,6260
27800,FOUND,1,12433,26410,1,6261
41904,FOUND,1,21226,24844,1,6262
17877,NOT_FOUND,0,,,1,6263
41901,FOUND,1,21224,24845,1,6264
41908,FOUND,1,21229,24845,1,6265
46174,FOUND,1,24501,24534,1,6266
46188,FOUND,1,24512,24528,1,6267
46167,FOUND,1,24494,24528,1,6268
41588,FOUND,1,20925,24564,1,6269
39022,FOUND,1,27230,12157,1,6270
18424,FOUND,1,5478,12157,1,6271
43287,FOUND,1,22325,25363,1,6272
42934,FOUND,1,22006,25434,1,6273
39688,FOUND,1,19329,25298,1,6274
17134,NOT_FOUND,0,,,1,6275
41915,FOUND,1,21232,24847,1,6276
41895,FOUND,1,21218,24847,1,6277
42006,FOUND,1,29034,24849,1,6278
17395,NOT_FOUND,0,,,1,6279
41601,FOUND,1,20938,24551,1,6280
15638,FOUND,1,3020,12157,1,6281
41725,FOUND,1,21061,24578,1,6282
16327,FOUND,1,3705,12157,1,6283
41732,FOUND,1,21068,24578,1,6284
45636,FOUND,1,28077,12157,1,6285
13161,FOUND,1,653,12157,1,6286
21631,FOUND,1,7613,23544,1,6287
41719,FOUND,1,21055,24550,1,6288
41668,FOUND,1,21004,24547,1,6289
21623,FOUND,1,7605,22742,1,6290
41716,FOUND,1,21052,24577,1,6291
41723,FOUND,1,21059,24574,1,6292
41718,FOUND,1,21054,24550,1,6293
20271,FOUND,1,6380,22714,1,6294
18133,FOUND,1,5201,22714,1,6295
21414,FOUND,1,7398,23557,1,6296
21979,FOUND,1,7947,23296,1,6297
21635,FOUND,1,7617,23575,1,6298
19319,FOUND,1,5714,22637,1,6299
21397,FOUND,1,7381,23555,1,6300
19653,FOUND,1,5898,22989,1,6301
18108,FOUND,1,5177,22693,1,6302
19924,FOUND,1,6109,23111,1,6303
18076,FOUND,1,5145,22661,1,6304
40040,FOUND,1,19623,23732,1,6305
21W65,NOT_FOUND,0,,,1,6306
21621,FOUND,1,7603,23575,1,6307
21625,FOUND,1,7607,23555,1,6308
21614,FOUND,1,7596,23552,1,6309
19846,FOUND,1,6033,22968,1,6310
19149,FOUND,1,5596,22815,1,6311
21372,FOUND,1,7356,23548,1,6312
21634,FOUND,1,7616,22693,1,6313
18083,FOUND,1,5152,22668,1,6314
21683,FOUND,1,7663,23111,1,6315
20218,FOUND,1,6335,23206,1,6316
40200,FOUND,1,19782,23732,1,6317
19529,FOUND,1,5785,22923,1,6318
21398,FOUND,1,7382,23545,1,6319
40032,FOUND,1,19615,23731,1,6320
44387,FOUND,1,23103,23859,1,6321
19836,FOUND,1,6026,23068,1,6322
20887,FOUND,1,6885,23430,1,6323
40199,FOUND,1,19781,23735,1,6324
44409,FOUND,1,23123,23154,1,6325
44414,FOUND,1,27366,23859,1,6326
19993,FOUND,1,6176,23127,1,6327
43697,FOUND,1,22713,23127,1,6328
19842,FOUND,1,6030,22943,1,6329
21049,FOUND,1,7040,23435,1,6330
43688,FOUND,1,22704,23731,1,6331
20889,FOUND,1,6887,23435,1,6332
43708,FOUND,1,22724,23597,1,6333
19911,FOUND,1,6096,23096,1,6334
19904,FOUND,1,6089,22835,1,6335
22975,FOUND,1,8884,23582,1,6336
43764,FOUND,1,22779,23735,1,6337
40225,FOUND,1,19807,23582,1,6338
19173,FOUND,1,5620,22835,1,6339
15802,FOUND,1,3184,11375,1,6340
12821,FOUND,1,327,11235,1,6341
63032,FOUND,1,30109,26684,2,6342
15626,FOUND,1,3008,14654,1,6343
14777,FOUND,1,2209,11316,1,6344
15005,FOUND,1,2421,11235,1,6345
26650,FOUND,1,11289,11472,1,6346
17450,FOUND,1,4634,11342,1,6347
14834,FOUND,1,2262,11331,1,6348
17773,FOUND,1,4912,11500,1,6349
14629,FOUND,1,2071,11280,1,6350
14861,FOUND,1,2289,11358,1,6351
17768,FOUND,1,4908,11280,1,6352
26505,FOUND,1,11148,11358,1,6353
17335,FOUND,1,4555,11481,1,6354
37068,FOUND,1,16979,26410,1,6355
14112,FOUND,1,1565,12157,1,6356
37090,FOUND,1,17001,26410,1,6357
14550,FOUND,1,1995,12157,1,6358
39894,FOUND,1,19483,14142,1,6359
16445,FOUND,1,3823,12157,1,6360
45601,FOUND,1,24133,12157,1,6361
16379,FOUND,1,3757,12157,1,6362
39872,FOUND,1,19461,14135,1,6363
37267,FOUND,1,17165,26410,1,6365
36977,FOUND,1,16903,25753,1,6366
17888,FOUND,1,4980,25716,1,6367
16558,FOUND,1,3915,12157,1,6368
34465,FOUND,1,14575,26410,1,6369
45608,FOUND,1,24140,12157,1,6370
13499,FOUND,1,977,12157,1,6371
18767,FOUND,1,5555,14893,1,6372
18295,FOUND,1,5357,14891,1,6373
18239,FOUND,1,5305,14879,1,6374
18291,FOUND,1,5353,14891,1,6375
16541,FOUND,1,3898,14662,1,6376
18943,FOUND,1,27112,14983,1,6377
26739,FOUND,1,11377,14983,1,6378
19772,FOUND,1,5976,15262,1,6379
16171,FOUND,1,3550,14657,1,6380
18624,FOUND,1,5522,14945,1,6381
19770,FOUND,1,5974,15261,1,6382
28017,FOUND,1,12578,16945,1,6383
61375,FOUND,1,29707,26632,1,6384
37800,FOUND,1,17634,26410,1,6385
28007,FOUND,1,12568,16943,1,6386
28005,FOUND,1,12566,16943,1,6387
27989,FOUND,1,12553,14990,1,6388
28012,FOUND,1,12573,16944,1,6389
28016,FOUND,1,12577,16941,1,6390
27999,FOUND,1,12560,16941,1,6391
17241,FOUND,1,4485,14694,1,6392
27998,FOUND,1,12559,14694,1,6393
32946,NOT_FOUND,0,,,1,6394
15596,FOUND,1,2978,12157,1,6395
12747,FOUND,1,255,12157,1,6396
16919,FOUND,1,4230,20409,1,6397
37086,FOUND,1,16997,26410,1,6398
44929,FOUND,1,23610,25677,1,6399
35263,FOUND,1,15360,26410,1,6400
36614,FOUND,1,16707,26410,1,6401
17421,NOT_FOUND,0,,,1,6402
35264,FOUND,1,15361,26410,1,6403
34474,FOUND,1,14584,26410,1,6404
34114,FOUND,1,14256,11718,1,6405
34119,FOUND,1,14261,11713,1,6406
34123,FOUND,1,14265,11706,1,6407
34108,FOUND,1,14250,11715,1,6408
34110,FOUND,1,14252,11716,1,6409
34109,FOUND,1,14251,11716,1,6410
34107,FOUND,1,14249,11715,1,6411
34088,FOUND,1,14230,11706,1,6412
34103,FOUND,1,14245,11713,1,6413
34106,FOUND,1,14248,11714,1,6414
34104,FOUND,1,14246,11587,1,6415
30899,FOUND,1,12773,11652,1,6416
30895,FOUND,1,12769,11269,1,6417
18057,FOUND,1,5126,11510,1,6418
13006,FOUND,1,501,12157,1,6419
44950,FOUND,1,23627,25680,1,6420
25829,FOUND,1,10530,20598,1,6421
22734,FOUND,1,8679,12157,1,6422
32963,NOT_FOUND,0,,,1,6423
16113,FOUND,1,3492,12157,1,6424
15424,FOUND,1,2808,12157,1,6425
15909,FOUND,1,3289,12157,1,6426
13680,FOUND,1,1157,12157,1,6427
27085,FOUND,1,11722,20691,1,6428
16425,FOUND,1,3803,12157,1,6429
12883,FOUND,1,386,12157,1,6430
26178,NOT_FOUND,0,,,1,6431
16518,FOUND,1,3878,12157,1,6432
13263,FOUND,1,748,12157,1,6433
26234,NOT_FOUND,0,,,1,6434
13180,FOUND,1,672,12157,1,6435
45804,FOUND,1,24293,14446,1,6436
15658,FOUND,1,3040,12157,1,6437
27688,FOUND,1,12325,26410,1,6438
16380,FOUND,1,3758,12157,1,6439
59281,NOT_FOUND,0,,,1,6440
37390,FOUND,1,17286,21299,1,6441
37942,FOUND,1,17775,21736,1,6442
37957,FOUND,1,17790,21736,1,6443
17444,FOUND,1,4631,20524,1,6444
37364,FOUND,1,17260,21641,1,6445
14217,FOUND,1,1665,12157,1,6446
27291,FOUND,1,11928,20524,1,6447
43329,FOUND,1,22364,26577,1,6448
43325,FOUND,1,22360,26577,1,6449
43438,FOUND,1,22470,25245,1,6450
59332,NOT_FOUND,0,,,1,6451
35967,FOUND,1,16063,25882,1,6452
37990,FOUND,1,17823,25878,1,6453
13184,FOUND,1,676,12157,1,6454
27569,FOUND,1,12206,25874,1,6455
25925,FOUND,1,29133,25873,1,6456
27323,FOUND,1,11960,25874,1,6457
27389,FOUND,1,12026,25867,1,6458
27305,FOUND,1,11942,25867,1,6459
34469,FOUND,1,14579,26410,1,6460
43230,FOUND,1,22280,25186,1,6461
43321,FOUND,1,22356,26577,1,6462
43537,FOUND,1,22567,25235,1,6463
43335,FOUND,1,22370,26577,1,6464
43334,FOUND,1,22369,26577,1,6465
43234,FOUND,1,27346,25229,1,6466
43319,FOUND,1,22354,26577,1,6467
43186,FOUND,1,29082,25229,1,6468
32418,FOUND,1,29083,25232,1,6469
43229,FOUND,1,27343,25230,1,6470
43228,FOUND,1,22279,25230,1,6471
43233,FOUND,1,27345,25231,1,6472
43224,FOUND,1,22275,25231,1,6473
42524,FOUND,1,28028,25228,1,6474
32430,FOUND,1,13168,25225,1,6475
32436,FOUND,1,13174,25232,1,6476
45764,FOUND,1,24253,14424,1,6477
43504,FOUND,1,22536,25251,1,6478
27865,FOUND,1,12496,26410,1,6479
59259,NOT_FOUND,0,,,1,6481
43232,FOUND,1,27344,25188,1,6482
43545,FOUND,1,22575,25181,1,6483
43236,FOUND,1,27348,25188,1,6484
32427,FOUND,1,27590,25185,1,6485
42900,FOUND,1,21972,25452,1,6486
42979,FOUND,1,22050,25454,1,6487
44364,FOUND,1,23080,25551,1,6488
42976,FOUND,1,22047,25452,1,6489
42983,FOUND,1,22054,25454,1,6490
27745,FOUND,1,12380,20872,1,6491
15869,FOUND,1,3250,12157,1,6492
42646,FOUND,1,21753,12157,1,6493
13980,FOUND,1,1435,12157,1,6494
26591,FOUND,1,11233,20658,1,6495
45376,NOT_FOUND,0,,,1,6496
37872,FOUND,1,17706,21272,1,6497
13088,FOUND,1,582,12157,1,6498
17289,NOT_FOUND,0,,,1,6499
17667,NOT_FOUND,0,,,1,6500
44347,FOUND,1,23063,25549,1,6501
42428,FOUND,1,21594,25602,1,6502
59276,NOT_FOUND,0,,,1,6503
45766,FOUND,1,24255,14424,1,6504
45795,FOUND,1,24284,14426,1,6505
45767,FOUND,1,24256,14426,1,6506
14078,FOUND,1,1531,12157,1,6507
22625,FOUND,1,8570,12157,1,6508
22491,FOUND,1,8436,12157,1,6509
14170,FOUND,1,1623,12157,1,6510
46035,FOUND,1,24380,14494,1,6511
45859,FOUND,1,28087,14474,1,6512
32713,FOUND,1,13275,16976,1,6513
27815,FOUND,1,12448,26410,1,6514
25976,FOUND,1,10674,26410,1,6515
16901,NOT_FOUND,0,,,1,6516
38188,FOUND,1,18021,26410,1,6517
17079,NOT_FOUND,0,,,1,6518
25793,FOUND,1,10494,26410,1,6519
27834,FOUND,1,12466,26410,1,6520
26652,FOUND,1,11291,26410,1,6521
27836,FOUND,1,12468,26410,1,6522
27689,FOUND,1,12326,26410,1,6523
18420,FOUND,1,5474,11546,1,6524
13496,FOUND,1,974,12157,1,6525
37080,FOUND,1,16991,26410,1,6526
15956,FOUND,1,3336,12157,1,6527
45201,FOUND,1,23844,26410,1,6528
34192,FOUND,1,14331,17293,1,6529
45196,FOUND,1,23839,26410,1,6530
34245,FOUND,1,14384,17297,1,6531
31307,FOUND,1,12964,12445,1,6532
63137,FOUND,1,30192,26684,1,6533
47144,FOUND,1,25393,12157,1,6534
27732,FOUND,1,12369,26410,1,6535
38267,FOUND,1,18098,26410,1,6536
17510,NOT_FOUND,0,,,1,6537
27740,FOUND,1,27554,26410,1,6538
38212,FOUND,1,18044,26410,1,6539
38201,FOUND,1,18034,26410,1,6540
26329,FOUND,1,10974,12157,1,6541
38268,FOUND,1,18099,26410,1,6542
38262,FOUND,1,18094,26410,1,6543
27100,FOUND,1,11737,19729,1,6544
40298,FOUND,1,19880,14229,1,6545
23997,FOUND,1,9862,12157,1,6546
14515,FOUND,1,1960,12157,1,6547
14106,FOUND,1,1559,12157,1,6548
40275,FOUND,1,19857,14214,1,6549
42644,FOUND,1,21751,12157,1,6550
39895,FOUND,1,19484,14144,1,6551
40273,FOUND,1,19855,14212,1,6552
45632,FOUND,1,24164,14389,1,6553
13386,FOUND,1,865,12157,1,6554
39720,FOUND,1,27281,12772,1,6555
44146,FOUND,1,22918,23842,1,6556
18643,FOUND,1,5541,12157,1,6557
37727,FOUND,1,17569,21068,1,6558
37571,FOUND,1,17466,21684,1,6559
37477,FOUND,1,17373,20782,1,6560
34742,FOUND,1,14850,21142,1,6561
47106,FOUND,1,25355,12157,1,6562
34058,NOT_FOUND,0,,,1,6563
15633,FOUND,1,3015,12157,1,6564
27188,FOUND,1,11825,12157,1,6565
39902,FOUND,1,19491,14144,1,6566
60570,FOUND,1,28664,14631,1,6567
60551,FOUND,1,26775,14622,1,6568
60574,FOUND,1,28668,14622,1,6569
60571,FOUND,1,28665,14631,1,6570
60566,FOUND,1,28660,14629,1,6571
60568,FOUND,1,28662,14630,1,6572
60552,FOUND,1,26776,14623,1,6573
60553,FOUND,1,26777,14624,1,6574
60573,FOUND,1,28667,14632,1,6575
60562,FOUND,1,26786,14623,1,6576
60557,FOUND,1,26781,14624,1,6577
31310,FOUND,1,12967,12446,1,6578
63131,FOUND,1,30203,26684,1,6579
31309,FOUND,1,12966,12446,1,6580
63141,FOUND,1,30183,26684,1,6581
37136,FOUND,1,29151,26067,1,6582
31308,FOUND,1,12965,12445,1,6583
23510,FOUND,1,9395,12157,1,6584
45666,FOUND,1,24192,12157,1,6585
17969,FOUND,1,5041,12157,1,6586
22708,FOUND,1,8653,12157,1,6587
30769,FOUND,1,12685,12157,1,6588
47099,FOUND,1,25348,12157,1,6589
22655,FOUND,1,8600,12157,1,6590
28032,FOUND,1,12593,12157,1,6591
32844,FOUND,1,13291,17031,1,6592
32415,FOUND,1,13157,16975,1,6593
32714,FOUND,1,13276,17021,1,6594
33002,FOUND,1,13375,17064,1,6595
33017,FOUND,1,13390,17064,1,6596
33208,FOUND,1,28801,17129,1,6597
33211,FOUND,1,28804,16975,1,6598
33054,FOUND,1,13427,17097,1,6599
33126,FOUND,1,13499,17129,1,6600
39019,FOUND,1,18815,12157,1,6601
13234,FOUND,1,726,20259,1,6602
25855,FOUND,1,10556,20606,1,6603
12922,FOUND,1,423,12157,1,6604
44181,FOUND,1,22953,12157,1,6605
37962,FOUND,1,17795,21446,1,6606
27393,FOUND,1,12030,20775,1,6607
25806,FOUND,1,10507,20594,1,6608
42597,FOUND,1,21707,12157,1,6609
25935,FOUND,1,10633,20619,1,6610
14211,FOUND,1,1659,12157,1,6611
63028,FOUND,1,30116,26684,2,6612
44147,FOUND,1,22919,23842,1,6613
23416,FOUND,1,9303,12157,1,6614
34171,FOUND,1,14310,12157,1,6615
22640,FOUND,1,8585,12157,1,6616
23568,FOUND,1,9447,12157,1,6617
27067,FOUND,1,11704,12157,1,6618
23186,FOUND,1,9088,12157,1,6619
14392,FOUND,1,1837,20234,1,6620
13078,FOUND,1,572,12157,1,6621
20500,FOUND,1,6583,12157,1,6622
17627,FOUND,1,4799,20535,1,6623
13165,FOUND,1,657,12157,1,6624
15287,FOUND,1,2674,12157,1,6625
17698,FOUND,1,4852,20546,1,6626
17631,FOUND,1,4801,20541,1,6627
14605,FOUND,1,2049,12157,1,6628
37964,FOUND,1,17797,21328,1,6629
14409,FOUND,1,1854,12157,1,6631
15223,FOUND,1,2612,12157,1,6632
16035,FOUND,1,3415,12157,1,6633
44160,FOUND,1,22932,23849,1,6634
15184,FOUND,1,2579,12157,1,6635
34213,FOUND,1,14352,17307,1,6636
31264,FOUND,1,12921,12423,1,6637
34204,FOUND,1,14343,17304,1,6638
31254,FOUND,1,12911,12418,1,6639
34178,FOUND,1,14317,17289,1,6640
31253,FOUND,1,12910,12418,1,6641
34179,FOUND,1,14318,17290,1,6642
31272,FOUND,1,12929,12427,1,6643
34194,FOUND,1,14333,17299,1,6644
31263,FOUND,1,12920,12423,1,6645
34225,FOUND,1,14364,16907,1,6646
31269,FOUND,1,12926,12426,1,6647
34221,FOUND,1,14360,17310,1,6648
63035,FOUND,1,30104,26684,2,6649
44109,FOUND,1,22884,23829,1,6650
15924,FOUND,1,3304,12157,1,6651
17564,FOUND,1,4737,26094,1,6652
34927,FOUND,1,15026,26410,1,6653
37433,FOUND,1,17329,21167,1,6654
34821,FOUND,1,14921,21174,1,6655
45284,NOT_FOUND,0,,,1,6656
60549,FOUND,1,26773,24130,1,6657
12848,FOUND,1,353,12157,1,6658
26795,FOUND,1,11433,26156,1,6659
26790,FOUND,1,11428,26156,1,6660
16392,FOUND,1,3770,12157,1,6661
25981,FOUND,1,10679,26410,1,6662
23435,FOUND,1,9322,12157,1,6663
14925,FOUND,1,2347,12157,1,6664
15194,FOUND,1,2585,12157,1,6665
22526,FOUND,1,8471,12157,1,6666
26202,FOUND,1,10850,26410,1,6667
45282,NOT_FOUND,0,,,1,6668
14933,FOUND,1,2354,12157,1,6669
22349,FOUND,1,8297,12157,1,6670
17225,NOT_FOUND,0,,,1,6671
59336,FOUND,1,25994,22128,1,6672
59369,FOUND,1,26025,22129,1,6673
59288,FOUND,1,25961,22112,1,6674
59282,NOT_FOUND,0,,,1,6675
59358,FOUND,1,26015,22113,2,6676
59337,FOUND,1,25995,22132,1,6677
59326,FOUND,1,25987,22108,1,6678
59322,FOUND,1,25984,22126,1,6679
59334,FOUND,1,25992,22130,1,6680
59339,FOUND,1,25997,22132,1,6681
59331,NOT_FOUND,0,,,1,6682
59330,FOUND,1,25990,22130,1,6683
59329,FOUND,1,25989,22126,1,6684
59273,FOUND,1,25955,22108,1,6685
59363,FOUND,1,26020,22145,1,6686
59351,FOUND,1,26009,22139,1,6687
59364,FOUND,1,26021,22145,1,6688
59349,FOUND,1,26007,22137,1,6689
59303,FOUND,1,25972,22119,1,6690
59348,FOUND,1,26006,22137,1,6691
63187,FOUND,1,30267,26684,2,6692
63205,FOUND,1,30296,26684,1,6694
63185,FOUND,1,30264,26684,1,6695
63195,FOUND,1,30280,26684,2,6696
63186,FOUND,1,30266,26684,1,6698
63215,FOUND,1,30311,26684,2,6699
63178,FOUND,1,30253,26684,1,6701
63237,FOUND,1,30268,26684,2,6702
63179,FOUND,1,30254,26684,1,6704
45850,FOUND,1,24339,14469,1,6705
45756,FOUND,1,24245,14413,1,6706
45796,FOUND,1,24285,14421,1,6707
45760,FOUND,1,24249,14420,1,6708
45753,FOUND,1,24242,14414,1,6709
45752,FOUND,1,24241,14413,1,6710
45761,FOUND,1,24250,14421,1,6711
45783,FOUND,1,24272,14420,1,6712
45825,FOUND,1,24314,14414,1,6713
45757,FOUND,1,24246,14417,1,6714
45762,FOUND,1,24251,14422,1,6715
45758,FOUND,1,24247,14418,1,6716
31273,FOUND,1,12930,12428,1,6717
63063,FOUND,1,30151,26684,1,6718
23611,FOUND,1,9490,12157,1,6719
34691,FOUND,1,14799,21110,1,6720
44144,FOUND,1,22916,23841,1,6721
14874,FOUND,1,2300,26104,1,6722
27137,FOUND,1,11774,19920,1,6723
26249,FOUND,1,10894,12157,1,6724
41010,FOUND,1,27940,12157,1,6725
17075,FOUND,1,4360,20445,1,6726
23831,FOUND,1,9696,12157,1,6727
31274,FOUND,1,12931,12428,1,6728
45793,FOUND,1,24282,14445,1,6729
45786,FOUND,1,24275,14440,1,6730
45789,FOUND,1,24278,14440,1,6731
45754,FOUND,1,24243,14415,1,6732
45819,FOUND,1,24308,14415,1,6733
40376,FOUND,1,27904,14257,1,6734
41001,FOUND,1,27931,14257,1,6735
45738,FOUND,1,28569,14406,1,6736
45736,FOUND,1,28568,14405,1,6737
45711,FOUND,1,27390,14392,1,6738
42650,FOUND,1,21757,12157,1,6739
16241,FOUND,1,3619,12157,1,6740
13966,FOUND,1,1422,12157,1,6741
45718,FOUND,1,24221,14396,1,6742
14149,FOUND,1,1602,12157,1,6743
44613,FOUND,1,23307,23946,1,6744
26944,FOUND,1,11582,26103,1,6745
25986,FOUND,1,10684,26102,1,6746
15064,FOUND,1,2472,26112,1,6747
27647,FOUND,1,12284,26113,1,6748
45737,FOUND,1,28084,14402,1,6749
45722,FOUND,1,24225,14397,1,6750
45749,FOUND,1,24239,14396,1,6751
45723,FOUND,1,24226,14398,1,6752
45841,FOUND,1,24330,14453,1,6753
45689,NOT_FOUND,0,,,1,6754
26185,NOT_FOUND,0,,,1,6755
14659,FOUND,1,2101,12157,1,6756
13500,FOUND,1,978,12157,1,6757
30831,FOUND,1,12705,12157,1,6758
34053,NOT_FOUND,0,,,1,6759
27243,FOUND,1,11880,12157,1,6760
13571,FOUND,1,1048,12157,1,6761
46510,FOUND,1,24778,12157,1,6762
23572,FOUND,1,9451,12157,1,6763
46567,FOUND,1,24835,12157,1,6764
16707,FOUND,1,4036,26148,1,6765
46900,FOUND,1,25150,12157,1,6766
23457,FOUND,1,9344,12157,1,6767
36150,FOUND,1,16246,21533,1,6768
13696,FOUND,1,1173,12157,1,6769
14400,FOUND,1,1845,12157,1,6770
13286,FOUND,1,771,12157,1,6771
46592,FOUND,1,24860,12157,1,6772
27167,FOUND,1,11804,20714,1,6773
46611,FOUND,1,24879,12157,1,6774
17479,FOUND,1,4662,12157,1,6775
46807,FOUND,1,25064,12157,1,6776
36028,FOUND,1,16124,21508,1,6777
46545,FOUND,1,24813,12157,1,6778
45625,FOUND,1,24157,12157,1,6779
47031,FOUND,1,25281,12157,1,6780
27208,FOUND,1,11845,20722,1,6781
46482,FOUND,1,24750,12157,1,6782
16476,FOUND,1,3854,12157,1,6783
46923,FOUND,1,25173,12157,1,6784
19631,FOUND,1,5878,12157,1,6785
41012,FOUND,1,27942,12157,1,6786
39632,FOUND,1,19289,14099,1,6787
39641,FOUND,1,27262,14099,1,6788
39539,NOT_FOUND,0,,,2,6789
45361,NOT_FOUND,0,,,1,6791
38311,FOUND,1,18141,21774,1,6792
38490,FOUND,1,18316,21826,1,6793
38301,FOUND,1,18131,21769,1,6794
38308,FOUND,1,18138,21773,1,6795
39386,FOUND,1,19074,14035,1,6796
39390,FOUND,1,19077,14037,1,6797
39351,FOUND,1,19039,14010,1,6798
39350,FOUND,1,19038,14010,1,6799
39413,FOUND,1,19100,14048,1,6800
39495,FOUND,1,19174,14072,1,6801
39397,FOUND,1,19084,14029,1,6802
39907,FOUND,1,19496,14150,1,6803
40037,FOUND,1,19620,14123,1,6804
40365,FOUND,1,27896,14249,1,6805
40360,FOUND,1,27311,14249,1,6806
31871,NOT_FOUND,0,,,1,6807
40537,NOT_FOUND,0,,,2,6808
40560,FOUND,1,27791,14334,1,6810
40526,FOUND,1,20052,14321,1,6811
40503,NOT_FOUND,0,,,2,6812
40543,NOT_FOUND,0,,,2,6814
38333,FOUND,1,18163,21786,1,6815
22567,FOUND,1,8512,12157,1,6816
38332,FOUND,1,18162,21778,1,6817
38331,FOUND,1,18161,21786,1,6818
26219,FOUND,1,10867,12157,1,6819
38319,FOUND,1,18149,21779,1,6820
38487,FOUND,1,18313,21824,1,6821
14174,FOUND,1,1627,12157,1,6822
60257,FOUND,1,26625,14617,1,6824
60267,FOUND,1,26635,14617,1,6825
60259,FOUND,1,26627,14618,1,6826
60258,FOUND,1,26626,14618,1,6827
14280,FOUND,1,1726,12157,1,6828
63270,FOUND,1,30363,26684,2,6829
14948,FOUND,1,2368,12157,1,6830
26288,FOUND,1,10933,12157,1,6831
14520,FOUND,1,1965,12157,1,6832
26862,FOUND,1,11500,12157,1,6833
25937,FOUND,1,10635,20632,1,6834
38493,FOUND,1,18319,21827,1,6835
13066,FOUND,1,560,12157,1,6836
38330,FOUND,1,18160,21784,1,6837
26184,NOT_FOUND,0,,,1,6838
61628,NOT_FOUND,0,,,1,6839
46144,FOUND,1,24471,13159,1,6840
46352,FOUND,1,24653,13236,1,6841
61611,NOT_FOUND,0,,,1,6842
61603,NOT_FOUND,0,,,1,6843
59609,FOUND,1,26209,26665,1,6844
59608,FOUND,1,26208,10468,1,6845
46240,FOUND,1,24552,13178,1,6846
61631,NOT_FOUND,0,,,1,6847
61599,NOT_FOUND,0,,,1,6848
61633,NOT_FOUND,0,,,1,6849
61757,NOT_FOUND,0,,,1,6850
27725,FOUND,1,12362,20424,1,6851
15599,FOUND,1,2981,12157,1,6852
17556,FOUND,1,4729,20471,1,6853
17010,FOUND,1,4300,20424,1,6854
27077,FOUND,1,11714,20687,1,6855
27253,FOUND,1,11890,20710,1,6856
15220,FOUND,1,2609,20343,1,6857
17889,FOUND,1,4981,20343,1,6858
27136,FOUND,1,11773,20710,1,6859
16181,FOUND,1,3559,12157,1,6860
16665,FOUND,1,3998,20378,1,6861
17670,NOT_FOUND,0,,,1,6862
23513,FOUND,1,9398,12157,1,6863
23414,FOUND,1,9301,12157,1,6864
34739,FOUND,1,14847,21139,1,6865
38994,FOUND,1,18799,12157,1,6866
23622,FOUND,1,28522,13594,1,6867
22580,FOUND,1,8525,12157,1,6868
34809,FOUND,1,14909,21139,1,6869
22743,FOUND,1,27714,12157,1,6870
34724,FOUND,1,14832,21128,1,6871
17189,FOUND,1,4445,12157,1,6872
27021,FOUND,1,11659,20580,1,6873
17842,FOUND,1,4939,20559,1,6874
20330,FOUND,1,6433,20557,1,6875
63066,FOUND,1,30154,26684,1,6876
31275,FOUND,1,12932,12429,1,6877
63058,FOUND,1,30139,26684,1,6878
31276,FOUND,1,12933,12429,1,6879
63060,FOUND,1,30143,26684,1,6880
31270,FOUND,1,12927,12426,1,6881
63059,FOUND,1,30141,26684,1,6882
31271,FOUND,1,12928,12427,1,6883
63061,FOUND,1,30145,26684,1,6884
15908,FOUND,1,3288,12157,1,6885
45148,FOUND,1,23795,13149,1,6886
63053,FOUND,1,30129,26684,1,6887
39469,FOUND,1,19152,12699,1,6888
61154,FOUND,1,29487,26535,1,6889
39475,FOUND,1,19157,12703,1,6890
46355,FOUND,1,24656,13238,1,6891
33435,FOUND,1,28308,22453,1,6892
46365,FOUND,1,24666,13243,1,6893
32959,NOT_FOUND,0,,,1,6894
27997,FOUND,1,12558,12157,1,6895
26605,FOUND,1,11247,20245,1,6896
22658,FOUND,1,8603,12157,1,6897
37406,FOUND,1,17302,21649,1,6898
27172,FOUND,1,11809,12157,1,6899
38067,FOUND,1,17900,21745,1,6900
23374,FOUND,1,9268,12157,1,6901
45848,FOUND,1,24337,14468,1,6902
37795,FOUND,1,17629,26410,1,6903
14331,FOUND,1,1776,12157,1,6904
16457,FOUND,1,3835,12157,1,6905
17994,FOUND,1,5066,19776,1,6906
40230,FOUND,1,19812,22485,1,6907
46356,FOUND,1,24657,13238,1,6908
40321,FOUND,1,19902,22483,1,6909
46366,FOUND,1,24667,13243,1,6910
40081,FOUND,1,19664,12917,1,6911
61186,FOUND,1,29515,26546,1,6912
39946,FOUND,1,19533,12749,1,6913
61397,FOUND,1,29595,26553,1,6914
42686,FOUND,1,21790,22583,1,6915
61156,FOUND,1,29489,26536,1,6916
40053,FOUND,1,19636,22482,1,6917
61112,FOUND,1,29434,26510,1,6918
40335,FOUND,1,19916,12950,1,6919
20387,FOUND,1,6478,12157,1,6921
38352,FOUND,1,18182,21789,1,6922
37338,FOUND,1,17235,20398,1,6923
22534,FOUND,1,8479,12157,1,6924
22722,FOUND,1,8667,12157,1,6925
63027,FOUND,1,30119,26684,1,6926
45306,NOT_FOUND,0,,,1,6927
45810,FOUND,1,24299,14450,1,6928
46029,FOUND,1,24376,14490,1,6929
46032,FOUND,1,24379,14491,1,6930
46656,FOUND,1,24923,14519,1,6931
46979,FOUND,1,25229,14519,1,6932
46672,FOUND,1,24938,14531,1,6933
46031,FOUND,1,24378,14492,1,6934
38483,FOUND,1,18309,21823,1,6935
38384,FOUND,1,18214,21788,1,6936
38104,FOUND,1,17937,21513,1,6937
38338,FOUND,1,18168,21788,1,6938
38385,FOUND,1,18215,21806,1,6939
34511,FOUND,1,14620,21019,1,6940
38303,FOUND,1,18133,21516,1,6941
14298,FOUND,1,1744,12157,1,6942
46024,FOUND,1,24371,14487,1,6943
46984,FOUND,1,25234,14489,1,6944
46678,FOUND,1,24943,14534,1,6945
46659,FOUND,1,24926,14522,1,6946
46982,FOUND,1,25232,14547,1,6947
31251,FOUND,1,12908,13648,1,6948
61109,FOUND,1,29429,26510,1,6949
40198,FOUND,1,19780,22485,1,6950
61193,FOUND,1,29524,26552,1,6951
40325,FOUND,1,19906,12948,1,6952
61184,FOUND,1,29514,26546,1,6953
39740,FOUND,1,28323,12779,1,6954
61179,FOUND,1,29506,26541,1,6955
40070,FOUND,1,19653,12914,1,6956
61155,FOUND,1,29488,26536,1,6957
41493,FOUND,1,20830,22510,1,6958
61202,FOUND,1,29477,26532,1,6959
42678,FOUND,1,21784,22579,1,6960
61189,FOUND,1,29518,26548,1,6961
15593,FOUND,1,2975,12157,1,6962
45814,FOUND,1,24303,14450,1,6963
36025,FOUND,1,16121,20646,1,6964
36023,FOUND,1,16119,21499,1,6965
45265,NOT_FOUND,0,,,1,6966
38339,FOUND,1,18169,21782,1,6967
15113,FOUND,1,2513,20334,1,6968
27245,FOUND,1,11882,20733,1,6969
15228,FOUND,1,2617,12157,1,6970
36211,FOUND,1,16307,26409,1,6971
36129,FOUND,1,16225,26409,1,6972
31873,NOT_FOUND,0,,,1,6973
16220,FOUND,1,3598,12157,1,6974
14746,FOUND,1,2178,20285,1,6975
16900,FOUND,1,4212,20405,1,6976
63218,FOUND,1,30316,26684,2,6977
61766,NOT_FOUND,0,,,2,6979
63188,FOUND,1,30269,26684,2,6981
63174,FOUND,1,30247,26684,2,6983
63208,FOUND,1,30300,26684,2,6985
63206,FOUND,1,30297,26684,1,6987
63239,FOUND,1,30263,26684,1,6988
63177,FOUND,1,30252,26684,2,6989
63184,FOUND,1,30262,26684,2,6991
63180,FOUND,1,30256,26684,2,6993
27023,FOUND,1,11661,26249,1,6995
13428,FOUND,1,906,12157,1,6996
16730,FOUND,1,4057,12157,1,6997
12758,FOUND,1,266,12157,1,6998
15279,FOUND,1,2666,12157,1,6999
26731,FOUND,1,11369,12157,1,7000
26812,FOUND,1,11450,12157,1,7001
27030,FOUND,1,11668,26248,1,7002
37358,FOUND,1,17254,26191,1,7003
17993,FOUND,1,5065,12157,1,7004
13202,FOUND,1,694,12157,1,7005
13283,FOUND,1,768,12157,1,7006
37319,FOUND,1,17216,26250,1,7007
37318,FOUND,1,17215,26204,1,7008
37359,FOUND,1,17255,26200,1,7009
23711,FOUND,1,9588,12157,1,7010
13551,FOUND,1,1028,12157,1,7011
37348,FOUND,1,17244,26201,1,7012
30900,FOUND,1,12774,26410,1,7013
14107,FOUND,1,1560,12157,1,7014
16292,FOUND,1,3670,12157,1,7015
13918,FOUND,1,1375,12157,1,7016
17974,FOUND,1,5046,12157,1,7017
23867,FOUND,1,9732,12157,1,7018
37371,FOUND,1,17267,26198,1,7019
23952,FOUND,1,9817,12157,1,7020
18202,FOUND,1,5269,12157,1,7021
13210,FOUND,1,702,12157,1,7022
23151,FOUND,1,9055,12157,1,7023
27169,FOUND,1,11806,12157,1,7024
37229,FOUND,1,17132,26001,1,7025
17660,FOUND,1,4825,12157,1,7026
14610,FOUND,1,2054,12157,1,7027
63024,FOUND,1,30120,26684,1,7028
15610,FOUND,1,2992,12157,1,7029
13431,FOUND,1,909,12157,1,7030
30767,FOUND,1,12683,12157,1,7031
16424,FOUND,1,3802,12157,1,7032
28052,FOUND,1,12613,12157,1,7033
35950,FOUND,1,16046,25978,1,7034
23910,FOUND,1,9775,12157,1,7035
13190,FOUND,1,682,12157,1,7036
15292,FOUND,1,2679,12157,1,7037
16227,FOUND,1,3605,12157,1,7038
14818,FOUND,1,2247,12157,1,7039
16370,FOUND,1,3748,12157,1,7040
13215,FOUND,1,707,12157,1,7041
26642,FOUND,1,11282,12157,1,7042
22756,FOUND,1,8699,12157,1,7043
45661,FOUND,1,24190,12157,1,7044
26375,FOUND,1,11019,12157,1,7045
15138,FOUND,1,2533,12157,1,7046
26600,FOUND,1,11242,12157,1,7047
12815,FOUND,1,321,12157,1,7048
15473,FOUND,1,2857,12157,1,7049
12801,FOUND,1,307,12157,1,7050
15615,FOUND,1,2997,12157,1,7051
23129,FOUND,1,9036,12157,1,7052
13062,FOUND,1,556,12157,1,7053
14771,FOUND,1,2203,12157,1,7054
37881,FOUND,1,17715,26215,1,7055
11813,FOUND,1,59,12157,1,7056
37309,FOUND,1,17206,26190,1,7057
15588,FOUND,1,2970,12157,1,7058
14754,FOUND,1,2186,12157,1,7059
37355,FOUND,1,17251,26198,1,7060
26360,FOUND,1,11004,12157,1,7061
18189,FOUND,1,5256,12157,1,7062
14359,FOUND,1,1804,12157,1,7063
26264,FOUND,1,10909,12157,1,7064
27333,FOUND,1,11970,26172,1,7065
37324,FOUND,1,17221,26197,1,7066
13800,FOUND,1,1272,12157,1,7067
26027,FOUND,1,10724,26171,1,7068
26399,FOUND,1,11042,12157,1,7069
14489,FOUND,1,1934,12157,1,7070
22976,FOUND,1,8885,23122,1,7071
18078,FOUND,1,5147,22663,1,7072
18322,FOUND,1,5383,22740,1,7073
43701,FOUND,1,22717,22740,1,7074
21420,FOUND,1,7403,23519,1,7075
33639,FOUND,1,13866,26410,1,7076
20823,FOUND,1,6850,23412,1,7077
44410,FOUND,1,23124,23853,1,7078
43581,FOUND,1,22600,23428,1,7079
20818,FOUND,1,6846,23410,1,7080
20819,FOUND,1,6847,23406,1,7081
20348,FOUND,1,6443,23206,1,7082
40333,FOUND,1,19914,23478,1,7083
40204,FOUND,1,19786,23408,1,7084
40228,FOUND,1,19810,23736,1,7085
20813,FOUND,1,6841,23406,1,7086
43613,FOUND,1,22632,23770,1,7087
43589,FOUND,1,22608,23454,1,7088
20948,FOUND,1,6940,23462,1,7089
40201,FOUND,1,19783,23736,1,7090
33644,FOUND,1,13871,23639,1,7091
20947,FOUND,1,6939,23404,1,7092
20883,FOUND,1,6882,23432,1,7093
20814,FOUND,1,6842,23407,1,7094
43576,FOUND,1,22595,23445,1,7095
42470,FOUND,1,27999,17426,1,7096
16770,FOUND,1,4096,14668,1,7097
27816,FOUND,1,12449,26359,1,7098
34139,FOUND,1,14280,12157,1,7099
30770,FOUND,1,12686,12157,1,7100
27024,FOUND,1,11662,26308,1,7101
16017,FOUND,1,3397,12157,1,7102
12955,FOUND,1,455,12157,1,7103
36326,FOUND,1,16422,26358,1,7104
13922,FOUND,1,1379,12157,1,7105
14273,FOUND,1,1719,12157,1,7106
12778,FOUND,1,286,12157,1,7107
14647,FOUND,1,2089,12157,1,7108
26404,FOUND,1,11047,12157,1,7109
13102,FOUND,1,596,12157,1,7110
44131,FOUND,1,22903,12157,1,7111
63025,FOUND,1,30122,26684,2,7112
14334,FOUND,1,1779,12157,1,7113
16590,FOUND,1,3944,12157,1,7114
13595,FOUND,1,1072,12157,1,7115
30781,FOUND,1,12697,12157,1,7116
22528,FOUND,1,8473,12157,1,7117
15535,FOUND,1,2917,12157,1,7118
36325,FOUND,1,16421,26360,1,7119
16099,FOUND,1,3478,12157,1,7120
26161,NOT_FOUND,0,,,1,7121
13549,FOUND,1,1026,12157,1,7122
37325,FOUND,1,17222,26320,1,7123
12754,FOUND,1,262,12157,1,7124
15111,FOUND,1,2511,26317,1,7125
23861,FOUND,1,9726,12157,1,7126
18185,FOUND,1,5252,22722,1,7127
36347,FOUND,1,16443,24236,1,7128
17838,FOUND,1,4936,24235,1,7129
31894,FOUND,1,28958,24433,1,7130
21062,FOUND,1,7053,22696,1,7131
21066,FOUND,1,7057,23524,1,7132
21514,FOUND,1,7497,23107,1,7133
21454,FOUND,1,7437,23556,1,7134
19189,FOUND,1,5634,22845,1,7135
21083,FOUND,1,7074,23524,1,7136
21444,FOUND,1,7427,23558,1,7137
21434,FOUND,1,7417,23537,1,7138
21446,FOUND,1,7429,23564,1,7139
21483,FOUND,1,7466,23568,1,7140
18086,FOUND,1,5155,22671,1,7141
59440,FOUND,1,26084,24422,1,7142
59486,FOUND,1,27424,24425,1,7143
32981,NOT_FOUND,0,,,1,7144
59384,FOUND,1,26039,24419,1,7145
59381,FOUND,1,26036,24442,1,7146
45586,FOUND,1,24118,12157,1,7147
44504,FOUND,1,23200,24423,1,7148
33361,FOUND,1,28960,24439,1,7149
59436,FOUND,1,26080,24437,1,7150
33389,FOUND,1,27605,24438,1,7151
59477,FOUND,1,28952,24426,2,7152
21364,FOUND,1,7348,22952,1,7153
21461,FOUND,1,7444,22950,1,7154
21074,FOUND,1,7065,23528,1,7155
17724,FOUND,1,4875,24233,1,7156
17424,FOUND,1,4615,24235,1,7157
17457,FOUND,1,4640,24240,1,7158
26380,FOUND,1,11024,12157,1,7159
31906,FOUND,1,13121,24430,1,7160
31918,FOUND,1,28953,24429,1,7161
17358,FOUND,1,4569,24234,1,7162
23630,FOUND,1,9507,12157,1,7163
31917,FOUND,1,27584,24434,1,7164
33379,FOUND,1,27595,24431,1,7165
33380,FOUND,1,27596,24430,1,7166
36333,FOUND,1,16429,24225,1,7167
21439,FOUND,1,7422,23528,1,7168
23646,FOUND,1,9523,12157,1,7169
19383,FOUND,1,5776,22919,1,7170
21455,FOUND,1,7438,23560,1,7171
45659,FOUND,1,24189,12157,1,7172
36612,FOUND,1,16705,24237,1,7173
36611,FOUND,1,16704,24241,1,7174
30882,FOUND,1,12756,12157,1,7175
23654,FOUND,1,9531,12157,1,7176
17173,FOUND,1,4429,12157,1,7177
59380,FOUND,1,26035,24422,1,7178
59437,FOUND,1,26081,24427,1,7179
45072,FOUND,1,23731,12157,1,7180
31919,FOUND,1,28957,24432,1,7181
18320,FOUND,1,5381,22702,1,7182
21443,FOUND,1,7426,22705,1,7183
43724,FOUND,1,22739,22727,1,7184
21373,FOUND,1,7357,23549,1,7185
19758,FOUND,1,5964,23033,1,7186
36516,FOUND,1,16612,24233,1,7187
13366,FOUND,1,845,12157,1,7188
21633,FOUND,1,7615,23573,1,7189
19538,FOUND,1,5789,22823,1,7190
33386,FOUND,1,27602,24435,1,7191
44502,FOUND,1,23198,24426,1,7192
44503,FOUND,1,23199,24427,1,7193
33377,FOUND,1,28956,24432,1,7194
16364,FOUND,1,3742,12157,1,7195
31916,NOT_FOUND,0,,,1,7196
17215,FOUND,1,4465,24234,1,7197
31920,FOUND,1,28955,24431,1,7198
33387,FOUND,1,27603,24434,1,7199
33376,FOUND,1,28959,24433,1,7200
19918,FOUND,1,6103,22733,1,7201
43733,FOUND,1,22748,23458,1,7202
19925,FOUND,1,6110,22935,1,7203
19646,FOUND,1,5892,22703,1,7204
22010,FOUND,1,7978,23577,1,7206
19930,FOUND,1,6115,22953,1,7207
21622,FOUND,1,7604,23548,1,7208
19162,FOUND,1,5609,22826,1,7209
18935,FOUND,1,5579,22795,1,7210
21681,FOUND,1,7661,23576,1,7211
22009,FOUND,1,7977,22743,1,7212
21973,FOUND,1,7941,23577,1,7213
21977,FOUND,1,7945,23578,1,7214
19540,FOUND,1,5791,22926,1,7215
20484,FOUND,1,6568,23295,1,7216
18052,FOUND,1,5121,22639,1,7217
21360,FOUND,1,7344,23544,1,7218
21627,FOUND,1,7609,23574,1,7219
21014,FOUND,1,7006,23498,1,7220
20768,FOUND,1,6817,23391,1,7221
21380,FOUND,1,7364,23552,1,7222
21628,FOUND,1,7610,23576,1,7223
21580,FOUND,1,7562,23554,1,7224
21403,FOUND,1,7387,23295,1,7225
19692,FOUND,1,5932,22708,1,7226
20994,FOUND,1,6986,23488,1,7227
39148,FOUND,1,18905,23145,1,7228
20987,FOUND,1,6979,23486,1,7229
21011,FOUND,1,7003,23497,1,7230
21042,FOUND,1,7034,23497,1,7231
19861,FOUND,1,6047,22909,1,7232
18194,FOUND,1,5261,22728,1,7233
20984,FOUND,1,6976,23485,1,7234
19986,FOUND,1,6169,23122,1,7235
19875,FOUND,1,6061,23085,1,7236
20343,FOUND,1,27120,23123,1,7237
15244,FOUND,1,2633,12157,1,7238
20958,FOUND,1,6950,23394,1,7239
39150,FOUND,1,18907,23165,1,7240
39153,FOUND,1,18910,23730,1,7241
21043,FOUND,1,7035,23485,1,7242
19874,FOUND,1,6060,23078,1,7243
19835,FOUND,1,6025,23067,1,7244
21003,FOUND,1,6995,23492,1,7245
39151,FOUND,1,18908,23492,1,7246
19375,FOUND,1,5770,22916,1,7247
19987,FOUND,1,6170,23123,1,7248
44378,FOUND,1,23094,23853,1,7249
20815,FOUND,1,6843,23408,1,7250
21064,FOUND,1,7055,23522,1,7251
20817,FOUND,1,6845,23409,1,7252
43686,FOUND,1,22702,23518,1,7253
44871,FOUND,1,23559,24006,1,7254
19187,FOUND,1,5632,22844,1,7255
39154,FOUND,1,18911,23730,1,7256
18134,FOUND,1,5202,22694,1,7257
39155,FOUND,1,18912,23483,1,7258
20822,FOUND,1,6849,23411,1,7259
20081,FOUND,1,6229,23158,1,7260
20969,FOUND,1,6961,23477,1,7261
21058,FOUND,1,7049,23518,1,7262
21087,FOUND,1,7078,22844,1,7263
44411,FOUND,1,28880,23867,1,7264
18152,FOUND,1,5219,22687,1,7265
18925,FOUND,1,5570,22788,1,7266
19892,FOUND,1,6077,23096,1,7267
43612,FOUND,1,22631,23770,1,7268
18211,FOUND,1,5278,22734,1,7269
20374,FOUND,1,6468,22721,1,7270
20349,FOUND,1,6444,23238,1,7271
20094,FOUND,1,6236,23161,1,7272
18944,FOUND,1,27113,22750,1,7273
20820,FOUND,1,6848,23411,1,7274
20973,FOUND,1,6965,23444,1,7275
21085,FOUND,1,7076,23533,1,7276
18147,FOUND,1,5214,22721,1,7277
18144,FOUND,1,5212,22720,1,7278
43586,FOUND,1,22605,22720,1,7279
44879,FOUND,1,23567,23761,1,7280
43598,FOUND,1,22617,23016,1,7281
18077,FOUND,1,5146,22662,1,7282
19859,FOUND,1,6045,23076,1,7283
19854,FOUND,1,6041,22862,1,7284
19300,FOUND,1,5695,22862,1,7285
43715,FOUND,1,22730,23784,1,7286
19389,FOUND,1,5782,22910,1,7287
20199,FOUND,1,6320,23201,1,7288
18116,FOUND,1,5185,22700,1,7289
19985,FOUND,1,6168,23121,1,7290
18926,FOUND,1,5571,22662,1,7291
20970,FOUND,1,6962,23478,1,7292
21504,FOUND,1,7487,23566,1,7293
19373,FOUND,1,5768,22914,1,7294
44379,FOUND,1,23095,23854,1,7295
44872,FOUND,1,23560,22917,1,7296
19899,FOUND,1,6084,23076,1,7297
21104,FOUND,1,7093,23540,1,7298
21086,FOUND,1,7077,23517,1,7299
21052,FOUND,1,7043,23513,1,7300
18053,FOUND,1,5122,22640,1,7301
21417,FOUND,1,7400,23558,1,7302
20192,FOUND,1,6313,23121,1,7303
21080,FOUND,1,7071,23525,1,7304
44471,FOUND,1,23168,23898,1,7305
21465,FOUND,1,7448,23535,1,7306
21440,FOUND,1,7423,23562,1,7307
21448,FOUND,1,7431,23562,1,7308
42245,FOUND,1,21453,24879,1,7309
21453,FOUND,1,7436,22942,1,7310
21472,FOUND,1,7455,23540,1,7311
21488,FOUND,1,7471,23565,1,7312
42138,FOUND,1,21370,24876,1,7313
17019,FOUND,1,4308,24243,1,7314
21459,FOUND,1,7442,23565,1,7315
12947,FOUND,1,447,12157,1,7316
36122,FOUND,1,16218,24913,1,7317
13974,FOUND,1,1429,12157,1,7318
43734,FOUND,1,22749,23639,1,7319
21088,FOUND,1,7079,23534,1,7320
17038,FOUND,1,4325,24223,1,7321
18087,FOUND,1,5156,22672,1,7322
44723,FOUND,1,23413,23987,1,7323
17352,FOUND,1,4564,24225,1,7324
21386,FOUND,1,7370,23064,1,7325
19147,FOUND,1,5594,22813,1,7326
21606,FOUND,1,7588,23573,1,7327
17456,FOUND,1,4639,24242,1,7328
21055,FOUND,1,7046,23515,1,7329
17732,FOUND,1,4881,24226,1,7330
42250,FOUND,1,21455,24875,1,7331
42252,FOUND,1,21456,24875,1,7332
36365,FOUND,1,16461,24911,1,7333
17141,FOUND,1,4402,24229,1,7334
17326,FOUND,1,4550,24226,1,7335
42247,FOUND,1,27972,24878,1,7336
27813,FOUND,1,12446,24224,1,7337
13230,FOUND,1,722,12157,1,7338
36508,FOUND,1,16604,24247,1,7339
21473,FOUND,1,7456,23568,1,7340
21435,FOUND,1,7418,23561,1,7341
21477,FOUND,1,7460,23561,1,7342
21445,FOUND,1,7428,23563,1,7343
21466,FOUND,1,7449,23113,1,7344
44386,FOUND,1,23102,23447,1,7345
19699,FOUND,1,5937,23016,1,7346
19929,FOUND,1,6114,22678,1,7347
42130,FOUND,1,21362,24877,1,7348
43591,FOUND,1,22610,23761,1,7349
21408,FOUND,1,7392,23556,1,7350
21449,FOUND,1,7432,23563,1,7351
42137,FOUND,1,21369,24876,1,7352
21506,FOUND,1,7489,23564,1,7353
16643,FOUND,1,3979,24243,1,7354
19158,FOUND,1,5605,22823,1,7355
44710,FOUND,1,23400,23970,1,7356
21474,FOUND,1,7457,23569,1,7357
21452,FOUND,1,7435,22657,1,7358
21616,FOUND,1,7598,22928,1,7359
18054,FOUND,1,5123,22641,1,7360
20648,FOUND,1,6726,23347,1,7361
21978,FOUND,1,7946,23347,1,7362
22011,FOUND,1,7979,23578,1,7363
19326,FOUND,1,5721,22680,1,7364
19848,FOUND,1,6035,22923,1,7365
19166,FOUND,1,5613,22830,1,7366
18124,FOUND,1,5192,22707,1,7367
21395,FOUND,1,7379,23554,1,7368
19336,FOUND,1,5731,22659,1,7369
18074,FOUND,1,5143,22659,1,7370
18188,FOUND,1,5255,22724,1,7371
18125,FOUND,1,5193,22708,1,7372
21607,FOUND,1,7589,23574,1,7373
21591,FOUND,1,7573,23546,1,7374
19872,FOUND,1,6058,23084,1,7375
21679,FOUND,1,7659,22966,1,7376
19145,FOUND,1,5592,22707,1,7377
21077,FOUND,1,7068,23530,1,7378
19660,FOUND,1,5900,22990,1,7379
21447,FOUND,1,7430,23084,1,7380
18196,FOUND,1,5263,22641,1,7381
19863,FOUND,1,6049,23032,1,7382
19537,FOUND,1,5788,22813,1,7383
19327,FOUND,1,5722,22653,1,7384
22012,FOUND,1,7980,22830,1,7385
18932,FOUND,1,5576,22792,1,7386
18055,FOUND,1,5124,22642,1,7387
18068,FOUND,1,5137,22654,1,7388
18142,FOUND,1,5210,22718,1,7389
18081,FOUND,1,5150,22666,1,7390
19321,FOUND,1,5716,22874,1,7391
21463,FOUND,1,7446,23566,1,7392
18064,FOUND,1,5133,22650,1,7393
18067,FOUND,1,5136,22653,1,7394
19180,FOUND,1,5626,22840,1,7395
19895,FOUND,1,6080,22884,1,7396
19927,FOUND,1,6112,23113,1,7397
18075,FOUND,1,5144,22660,1,7398
19841,FOUND,1,6029,22973,1,7399
21602,FOUND,1,7584,22888,1,7400
21073,FOUND,1,7064,23523,1,7401
19335,FOUND,1,5730,22884,1,7402
21630,FOUND,1,7612,23549,1,7403
60130,FOUND,1,26548,24038,1,7404
18122,FOUND,1,5190,22705,1,7405
19342,FOUND,1,5737,22888,1,7406
21424,FOUND,1,7407,23536,1,7407
43723,FOUND,1,22738,23786,1,7408
21072,FOUND,1,7063,22686,1,7409
18214,FOUND,1,5281,22735,1,7410
21061,FOUND,1,7052,23014,1,7411
21109,FOUND,1,7098,23541,1,7412
43725,FOUND,1,22740,23786,1,7413
18137,FOUND,1,5205,22715,1,7414
21053,FOUND,1,7044,23514,1,7415
21092,FOUND,1,7083,23536,1,7416
40336,FOUND,1,19917,12950,1,7417
61185,FOUND,1,29495,26516,1,7418
40074,FOUND,1,19657,12915,1,7419
61195,FOUND,1,29526,26553,1,7420
40091,FOUND,1,19674,12915,1,7421
61722,NOT_FOUND,0,,,1,7422
40060,FOUND,1,19643,22482,1,7423
61113,FOUND,1,29440,26516,1,7424
39623,FOUND,1,27256,12753,1,7425
61405,FOUND,1,29728,26643,1,7426
33448,FOUND,1,13691,22458,1,7427
61748,FOUND,1,29972,26674,1,7428
46238,FOUND,1,28350,22620,1,7429
61199,FOUND,1,29528,26554,1,7430
41613,FOUND,1,20949,22532,1,7431
62025,FOUND,1,30068,26683,1,7432
42673,FOUND,1,21779,22574,1,7433
61151,FOUND,1,29485,26534,1,7434
42668,FOUND,1,21774,22455,1,7435
61173,FOUND,1,29505,26541,1,7436
33444,FOUND,1,13687,22457,1,7437
44044,FOUND,1,22842,23819,1,7438
61107,FOUND,1,29425,26509,1,7439
63013,FOUND,1,30094,26684,1,7440
42665,FOUND,1,21771,22572,1,7441
61085,FOUND,1,29415,26501,1,7442
42671,FOUND,1,21777,22575,1,7443
61070,FOUND,1,29400,26491,1,7444
42675,FOUND,1,21781,22575,1,7445
61108,FOUND,1,29427,26509,1,7446
41802,FOUND,1,21133,22559,1,7447
61723,NOT_FOUND,0,,,1,7448
42691,FOUND,1,27698,22577,1,7449
61400,FOUND,1,29723,26641,1,7450
41469,FOUND,1,20807,22507,1,7451
61165,FOUND,1,29498,26538,1,7452
41769,FOUND,1,21104,22553,1,7453
38969,FOUND,1,18776,13953,1,7454
38973,FOUND,1,18780,13953,1,7455
38972,FOUND,1,18779,13951,1,7456
38967,FOUND,1,18774,13951,1,7457
61164,FOUND,1,29497,26538,1,7458
41805,FOUND,1,28335,22559,1,7459
61398,FOUND,1,29721,26640,1,7460
42684,FOUND,1,21789,22576,1,7461
61080,FOUND,1,29407,26499,1,7462
41646,FOUND,1,20982,22547,1,7463
60656,FOUND,1,26840,26665,1,7464
41471,FOUND,1,20809,22509,1,7465
61084,FOUND,1,29411,26501,1,7466
46124,FOUND,1,24451,22615,1,7467
61727,FOUND,1,29950,26645,1,7468
41475,FOUND,1,20813,22507,1,7469
61072,FOUND,1,29358,26459,1,7470
41476,FOUND,1,20814,22508,1,7471
45141,FOUND,1,23788,13145,1,7472
39187,FOUND,1,18940,13976,1,7473
39297,FOUND,1,19005,13976,1,7474
39342,FOUND,1,19032,13968,1,7475
39346,FOUND,1,19034,13971,1,7476
61754,FOUND,1,29979,26680,1,7477
40976,FOUND,1,20339,22495,1,7478
47390,FOUND,1,25498,13301,1,7479
40088,FOUND,1,19671,12888,1,7480
47404,FOUND,1,25511,13306,1,7481
39615,FOUND,1,27252,12746,1,7482
61665,NOT_FOUND,0,,,1,7483
40984,FOUND,1,20347,22499,1,7484
61654,NOT_FOUND,0,,,1,7485
39625,FOUND,1,28318,12680,1,7486
61636,NOT_FOUND,0,,,1,7487
40982,FOUND,1,20345,22499,1,7488
60653,FOUND,1,26837,24388,1,7489
33443,FOUND,1,13686,22458,1,7490
61700,FOUND,1,29959,26667,1,7491
40978,FOUND,1,20341,22496,1,7492
44605,FOUND,1,23299,23940,1,7493
61626,NOT_FOUND,0,,,1,7494
40041,FOUND,1,19624,22476,1,7495
61736,NOT_FOUND,0,,,1,7496
39622,FOUND,1,27255,12752,1,7497
61702,FOUND,1,29961,26668,1,7498
40085,FOUND,1,19668,12748,1,7499
61704,FOUND,1,29965,26669,1,7500
40061,FOUND,1,19644,22476,1,7501
61703,FOUND,1,29962,26668,1,7502
33453,FOUND,1,13696,22463,1,7503
61699,FOUND,1,29958,26666,1,7504
33433,FOUND,1,13677,22451,1,7505
61206,FOUND,1,29533,26556,1,7506
39617,FOUND,1,19285,12748,1,7507
61697,FOUND,1,29955,26664,1,7508
33437,FOUND,1,13680,22451,1,7509
44487,FOUND,1,23183,23902,1,7510
39185,FOUND,1,18939,13974,1,7511
39194,FOUND,1,18946,13978,1,7512
39199,FOUND,1,18951,13982,1,7513
39176,FOUND,1,18932,13966,1,7514
39189,FOUND,1,18942,13966,1,7515
61743,NOT_FOUND,0,,,1,7516
39448,FOUND,1,19135,12683,1,7517
61732,NOT_FOUND,0,,,1,7518
40096,FOUND,1,19679,12917,1,7519
61731,NOT_FOUND,0,,,1,7520
46237,FOUND,1,24551,22619,1,7521
61746,FOUND,1,29970,26672,1,7522
39445,FOUND,1,19132,12680,1,7523
61750,FOUND,1,29976,26675,1,7524
40192,FOUND,1,19774,22483,1,7525
47398,FOUND,1,25505,13304,1,7526
40194,FOUND,1,19776,12904,1,7527
60851,FOUND,1,26999,13405,1,7528
40057,FOUND,1,19640,12909,1,7529
44069,FOUND,1,22867,23830,1,7530
44070,FOUND,1,22868,23823,1,7531
20891,FOUND,1,6889,23437,1,7532
60850,FOUND,1,26998,13405,1,7533
40338,FOUND,1,19919,12949,1,7534
61031,NOT_FOUND,0,,,1,7535
61612,NOT_FOUND,0,,,1,7536
20345,FOUND,1,6441,23237,1,7537
43716,FOUND,1,22731,23437,1,7538
20918,FOUND,1,6916,23449,1,7539
20133,FOUND,1,6263,23175,1,7540
20957,FOUND,1,6949,23460,1,7541
20930,FOUND,1,6928,23179,1,7542
20912,FOUND,1,6910,23446,1,7543
20182,FOUND,1,6303,23192,1,7544
20006,FOUND,1,6184,23132,1,7545
20978,FOUND,1,6970,23476,1,7546
21023,FOUND,1,7015,23501,1,7547
43714,FOUND,1,22729,23501,1,7548
20812,FOUND,1,6840,23192,1,7549
20119,FOUND,1,6249,22841,1,7550
20962,FOUND,1,6954,23471,1,7551
20929,FOUND,1,6927,23457,1,7552
20926,FOUND,1,6924,23454,1,7553
20083,FOUND,1,6231,23160,1,7554
19183,FOUND,1,5628,22841,1,7555
44869,FOUND,1,23557,23432,1,7556
44878,FOUND,1,23566,23480,1,7557
20963,FOUND,1,6955,23472,1,7558
20925,FOUND,1,6923,23446,1,7559
20949,FOUND,1,6941,23457,1,7560
21180,FOUND,1,7168,23453,1,7561
20921,FOUND,1,6919,23452,1,7562
20935,FOUND,1,6933,23455,1,7563
43590,FOUND,1,22609,23405,1,7564
20886,FOUND,1,6884,23433,1,7565
23542,FOUND,1,9427,23587,1,7566
17951,FOUND,1,5033,22629,1,7567
20810,FOUND,1,6838,23405,1,7568
20016,FOUND,1,6188,23136,1,7569
20913,FOUND,1,6911,23148,1,7570
20262,FOUND,1,6372,23160,1,7571
17955,FOUND,1,5037,22633,1,7572
43553,FOUND,1,28873,23456,1,7573
20075,FOUND,1,6223,23141,1,7574
20916,FOUND,1,6914,23448,1,7575
43563,FOUND,1,22587,23149,1,7576
21044,FOUND,1,7036,23505,1,7577
17669,FOUND,1,4830,24206,1,7578
21028,FOUND,1,7020,23504,1,7579
21032,FOUND,1,7024,23505,1,7580
20972,FOUND,1,6964,23480,1,7581
14340,FOUND,1,1785,12157,1,7582
17403,FOUND,1,4597,24205,1,7583
26880,FOUND,1,11518,12157,1,7584
22565,FOUND,1,8510,12157,1,7585
44138,FOUND,1,22910,23838,1,7586
26355,FOUND,1,10999,12157,1,7587
43595,FOUND,1,22614,23504,1,7588
17367,FOUND,1,4576,24209,1,7589
20981,FOUND,1,6973,23472,1,7590
36525,FOUND,1,16621,24208,1,7591
36503,FOUND,1,16599,24205,1,7592
36526,FOUND,1,16622,24214,1,7593
43673,FOUND,1,22691,23758,1,7594
44873,FOUND,1,23561,23463,1,7595
14492,FOUND,1,1937,12157,1,7596
36492,FOUND,1,16588,24208,1,7597
36488,FOUND,1,16584,24209,1,7598
17401,FOUND,1,4596,24215,1,7599
36490,FOUND,1,16586,24214,1,7600
36524,FOUND,1,16620,24213,1,7601
13370,FOUND,1,849,12157,1,7602
18062,FOUND,1,5131,22648,1,7603
16625,FOUND,1,27098,24218,1,7604
17885,FOUND,1,4977,24217,1,7605
17692,FOUND,1,4846,24218,1,7606
19382,NOT_FOUND,0,,,1,7607
27764,FOUND,1,12398,24217,1,7608
17162,FOUND,1,4420,24219,1,7609
36509,FOUND,1,16605,24213,1,7610
20711,FOUND,1,6772,23366,1,7611
14338,FOUND,1,1783,12157,1,7612
18319,FOUND,1,5380,22674,1,7613
39146,FOUND,1,18903,23362,1,7614
19346,FOUND,1,5741,22759,1,7615
20718,FOUND,1,6775,26410,1,7616
33671,FOUND,1,13898,23366,1,7617
20688,NOT_FOUND,0,,,1,7618
20983,FOUND,1,6975,23420,1,7619
20684,FOUND,1,6753,23356,1,7620
18413,FOUND,1,5467,22759,1,7621
20729,NOT_FOUND,0,,,1,7622
20946,FOUND,1,27582,23459,1,7623
20141,FOUND,1,6270,23178,1,7624
20919,FOUND,1,6917,23450,1,7625
20995,FOUND,1,6987,23489,1,7626
20145,FOUND,1,6273,23179,1,7627
19979,FOUND,1,6162,22906,1,7628
20321,FOUND,1,6426,23230,1,7629
20920,FOUND,1,6918,23451,1,7630
43575,FOUND,1,22594,23759,1,7631
20790,NOT_FOUND,0,,,1,7632
44876,FOUND,1,23564,24006,1,7633
20922,FOUND,1,6920,23453,1,7634
20986,FOUND,1,6978,23450,1,7635
43718,FOUND,1,22733,23214,1,7636
20933,FOUND,1,6931,23451,1,7637
44657,FOUND,1,23349,23970,1,7638
44715,FOUND,1,23405,23988,1,7639
44714,FOUND,1,23404,23987,1,7640
44402,FOUND,1,23116,23717,1,7641
44719,FOUND,1,23409,23986,1,7642
44566,FOUND,1,23260,23927,1,7643
44800,FOUND,1,23489,24005,1,7644
44806,FOUND,1,23495,24005,1,7645
20171,FOUND,1,6292,23175,1,7646
20932,FOUND,1,6930,23459,1,7647
20888,FOUND,1,6886,23434,1,7648
20895,FOUND,1,6893,23439,1,7649
20896,FOUND,1,6894,23440,1,7650
19320,FOUND,1,5715,22688,1,7651
19323,FOUND,1,5718,22876,1,7652
60113,FOUND,1,26536,24030,1,7653
20674,FOUND,1,6749,23355,1,7654
26262,FOUND,1,10907,12157,1,7655
44570,FOUND,1,23264,23925,1,7656
20841,FOUND,1,28706,23420,1,7657
60114,FOUND,1,26537,24030,1,7658
44799,FOUND,1,23488,24004,1,7659
44709,FOUND,1,23399,23984,1,7660
60127,FOUND,1,26545,24038,1,7661
23876,FOUND,1,9741,12157,1,7662
13502,FOUND,1,980,12157,1,7663
20974,FOUND,1,6966,26410,1,7664
27818,FOUND,1,12451,24273,1,7665
17557,FOUND,1,4730,24277,1,7666
16920,FOUND,1,4231,24261,1,7667
17078,FOUND,1,4363,24277,1,7668
14695,FOUND,1,2135,24258,1,7669
27738,FOUND,1,28903,24280,1,7670
22481,FOUND,1,8426,12157,1,7671
15218,FOUND,1,2608,24275,1,7672
13349,FOUND,1,828,12157,1,7673
36335,FOUND,1,16431,24255,1,7674
13614,FOUND,1,1091,12157,1,7675
17595,FOUND,1,4767,12157,1,7676
17866,FOUND,1,4961,24273,1,7677
26323,FOUND,1,10968,12157,1,7678
44606,FOUND,1,23300,23919,1,7679
43601,FOUND,1,22620,23762,1,7680
23928,FOUND,1,9793,12157,1,7681
44805,FOUND,1,23494,24004,1,7682
44576,FOUND,1,23270,23874,1,7683
44434,FOUND,1,23134,23874,1,7684
44574,FOUND,1,23268,23927,1,7685
44579,FOUND,1,23273,23910,1,7686
20333,NOT_FOUND,0,,,1,7687
20923,FOUND,1,6921,23449,1,7688
20893,FOUND,1,6891,26410,1,7689
44565,FOUND,1,23259,23721,1,7690
44744,FOUND,1,23434,23713,1,7691
45312,NOT_FOUND,0,,,1,7692
22554,FOUND,1,8499,12157,1,7693
44137,FOUND,1,22909,23838,1,7694
44870,FOUND,1,23558,23784,1,7695
20233,FOUND,1,6350,23178,1,7696
12840,FOUND,1,345,12157,1,7697
27796,FOUND,1,12429,24281,1,7698
17011,FOUND,1,4301,24261,1,7699
17017,FOUND,1,4306,24279,1,7700
36463,FOUND,1,16559,24282,1,7701
44936,FOUND,1,23617,25677,1,7702
17560,FOUND,1,4733,24262,1,7703
14433,FOUND,1,1878,12157,1,7704
44166,FOUND,1,22938,23849,1,7705
36444,FOUND,1,16540,24282,1,7706
26216,FOUND,1,10864,12157,1,7707
16155,FOUND,1,3534,12157,1,7708
12906,FOUND,1,409,12157,1,7709
15492,FOUND,1,2875,12157,1,7710
12860,FOUND,1,365,12157,1,7711
16140,FOUND,1,3519,12157,1,7712
20727,NOT_FOUND,0,,,1,7713
20160,FOUND,1,6285,23137,1,7714
20692,FOUND,1,6758,22796,1,7715
18936,FOUND,1,5580,22796,1,7716
43603,FOUND,1,22622,23762,1,7717
44132,FOUND,1,22904,12157,1,7718
19168,FOUND,1,5615,22831,1,7719
43616,FOUND,1,22635,23771,1,7720
14252,FOUND,1,1699,12157,1,7721
17511,FOUND,1,4690,12157,1,7722
13600,FOUND,1,1077,12157,1,7723
32956,NOT_FOUND,0,,,1,7724
26356,FOUND,1,11000,12157,1,7725
13176,FOUND,1,668,12157,1,7726
12878,FOUND,1,381,12157,1,7727
39105,FOUND,1,18864,24168,1,7728
13307,FOUND,1,792,12157,1,7729
42357,FOUND,1,21552,25656,1,7730
44912,FOUND,1,23593,25678,1,7731
30870,FOUND,1,12744,12157,1,7732
12763,FOUND,1,271,12157,1,7733
15102,FOUND,1,2503,24250,1,7734
36499,FOUND,1,16595,24170,1,7735
13212,FOUND,1,704,12157,1,7736
12728,FOUND,1,236,12157,1,7737
16323,FOUND,1,3701,12157,1,7738
36511,FOUND,1,16607,24168,1,7739
12895,FOUND,1,398,12157,1,7740
16363,FOUND,1,3741,12157,1,7741
12897,FOUND,1,400,12157,1,7742
13304,FOUND,1,789,12157,1,7743
16773,FOUND,1,4098,24175,1,7744
16282,FOUND,1,3660,12157,1,7745
34484,FOUND,1,14594,24146,1,7746
42359,FOUND,1,21553,25658,1,7747
16365,FOUND,1,3743,12157,1,7748
16633,FOUND,1,3970,24175,1,7749
38266,FOUND,1,18097,24145,1,7750
16477,FOUND,1,3855,12157,1,7751
42356,FOUND,1,21551,25658,1,7752
42349,FOUND,1,21544,25656,1,7753
45061,FOUND,1,23721,25678,1,7754
44910,FOUND,1,23591,25676,1,7755
42354,FOUND,1,21549,25657,1,7756
42374,FOUND,1,21565,25652,1,7757
44939,FOUND,1,23620,25683,1,7758
42348,FOUND,1,21543,25655,1,7759
42352,FOUND,1,21547,25657,1,7760
44942,FOUND,1,23623,25683,1,7761
44952,FOUND,1,29119,25680,1,7762
42347,FOUND,1,21542,25655,1,7763
42372,FOUND,1,21563,25653,1,7764
42373,FOUND,1,21564,25652,1,7765
26327,FOUND,1,10972,12157,1,7766
42381,FOUND,1,29115,25654,1,7767
42375,FOUND,1,21566,25654,1,7768
19931,FOUND,1,6116,23114,1,7769
44938,FOUND,1,23619,25682,1,7770
42379,FOUND,1,27979,25653,1,7771
20991,FOUND,1,6983,23487,1,7772
21040,FOUND,1,7032,23477,1,7773
19302,FOUND,1,5697,22728,1,7774
21026,FOUND,1,7018,23503,1,7775
21009,FOUND,1,7001,23496,1,7776
20181,FOUND,1,6302,23143,1,7777
20073,FOUND,1,6221,22833,1,7778
20844,FOUND,1,6868,23413,1,7779
20778,FOUND,1,6826,23401,1,7780
19862,FOUND,1,6048,23078,1,7781
19170,FOUND,1,5617,22833,1,7782
21030,FOUND,1,7022,23487,1,7783
20824,FOUND,1,6851,23413,1,7784
21027,FOUND,1,7019,23114,1,7785
21000,FOUND,1,6992,22916,1,7786
23539,FOUND,1,9424,23443,1,7787
20144,FOUND,1,6272,23169,1,7788
19176,FOUND,1,5623,22838,1,7789
23533,FOUND,1,9418,23474,1,7790
20111,FOUND,1,6243,23158,1,7791
19334,FOUND,1,5729,22883,1,7792
21021,FOUND,1,7013,23421,1,7793
30852,FOUND,1,12726,12157,1,7794
39671,FOUND,1,29093,25307,1,7795
45108,FOUND,1,23756,25429,1,7796
39689,FOUND,1,19330,25308,1,7797
39680,FOUND,1,19321,25302,1,7798
43294,FOUND,1,22330,25363,1,7799
43455,FOUND,1,22487,25288,1,7800
39672,FOUND,1,19313,25302,1,7801
39709,FOUND,1,19342,25301,1,7802
39719,FOUND,1,19346,25300,1,7803
43496,FOUND,1,22528,25284,1,7804
39998,FOUND,1,19584,25301,1,7805
39683,FOUND,1,19324,25304,1,7806
39682,FOUND,1,19323,26410,1,7807
39670,FOUND,1,19312,25306,1,7808
13524,FOUND,1,1002,12157,1,7809
26415,FOUND,1,11058,12157,1,7810
30575,FOUND,1,12657,23379,1,7811
39152,FOUND,1,18909,23503,1,7812
26358,FOUND,1,11002,12157,1,7813
25854,FOUND,1,10555,24189,1,7814
27299,FOUND,1,11936,24193,1,7815
13125,FOUND,1,619,12157,1,7816
36661,FOUND,1,16754,24203,1,7817
27255,FOUND,1,11892,24194,1,7818
13258,FOUND,1,743,12157,1,7819
36662,FOUND,1,16755,24200,1,7820
45674,FOUND,1,24198,12157,1,7821
22709,FOUND,1,8654,12157,1,7822
27794,FOUND,1,12427,24198,1,7823
36367,FOUND,1,16463,24203,1,7824
36518,FOUND,1,16614,24201,1,7825
36668,FOUND,1,16761,24202,1,7826
26190,NOT_FOUND,0,,,1,7827
27802,FOUND,1,12435,24198,1,7828
13932,FOUND,1,1389,12157,1,7829
43498,FOUND,1,22530,25322,1,7830
39679,FOUND,1,19320,25309,1,7831
43452,FOUND,1,22484,25280,1,7832
36663,FOUND,1,16756,24202,1,7833
27790,FOUND,1,28902,24207,1,7834
15835,FOUND,1,3216,24204,1,7835
17406,FOUND,1,4600,24204,1,7836
17353,FOUND,1,4565,24206,1,7837
26730,FOUND,1,11368,12157,1,7838
39697,FOUND,1,19336,25312,1,7839
26183,NOT_FOUND,0,,,1,7840
39721,FOUND,1,19347,25316,1,7841
39668,FOUND,1,19310,25304,1,7842
43441,FOUND,1,22473,25291,1,7843
43495,FOUND,1,22527,25284,1,7844
15060,FOUND,1,2468,12157,1,7845
43450,FOUND,1,22482,25291,1,7846
44063,FOUND,1,22861,23829,1,7847
44152,FOUND,1,22924,23845,1,7848
43606,FOUND,1,22625,23766,1,7849
44724,FOUND,1,23414,23991,1,7850
44145,FOUND,1,22917,23840,1,7851
44586,FOUND,1,23280,23934,1,7852
60521,FOUND,1,26749,24121,1,7853
44615,FOUND,1,23309,23946,1,7854
14168,FOUND,1,1621,12157,1,7855
44549,FOUND,1,23243,23919,1,7856
44554,FOUND,1,23248,23920,1,7857
44552,FOUND,1,23246,23918,1,7858
44040,FOUND,1,22838,23815,1,7859
44618,FOUND,1,23312,23949,1,7860
44558,FOUND,1,23252,23920,1,7861
61032,NOT_FOUND,0,,,1,7862
39620,FOUND,1,28317,12751,1,7863
61030,NOT_FOUND,0,,,1,7864
61604,NOT_FOUND,0,,,1,7865
46316,FOUND,1,24623,13220,1,7866
61602,NOT_FOUND,0,,,1,7867
46293,FOUND,1,24600,13208,1,7868
40334,FOUND,1,19915,12942,1,7869
45846,FOUND,1,24335,14466,1,7870
46304,FOUND,1,24611,13214,1,7871
41787,FOUND,1,21119,22553,1,7872
60961,FOUND,1,27074,13325,1,7873
46232,FOUND,1,24547,22618,1,7874
61734,NOT_FOUND,0,,,1,7875
33454,FOUND,1,13697,22464,1,7876
61745,FOUND,1,29974,26676,1,7877
41645,FOUND,1,20981,22512,1,7878
42834,FOUND,1,21923,25497,1,7879
42685,FOUND,1,27695,22582,1,7880
61401,FOUND,1,29724,26641,1,7881
46125,FOUND,1,24452,22616,1,7882
61068,FOUND,1,29393,26490,1,7883
41791,FOUND,1,21123,22509,1,7884
61404,FOUND,1,29727,26643,1,7885
39097,FOUND,1,18856,21767,1,7886
30880,FOUND,1,12754,12157,1,7887
34034,FOUND,1,14202,20894,1,7888
45811,FOUND,1,24300,14433,1,7889
41473,FOUND,1,20811,22511,1,7890
61061,FOUND,1,29386,26487,1,7891
46231,FOUND,1,24546,22511,1,7892
61751,FOUND,1,29977,26678,1,7893
33445,FOUND,1,13688,22459,1,7894
61064,FOUND,1,29389,26488,1,7895
42679,FOUND,1,21785,22579,1,7896
61062,FOUND,1,29387,26487,1,7897
33449,FOUND,1,13692,22459,1,7898
61698,FOUND,1,29957,26666,1,7899
33446,FOUND,1,13689,22460,1,7900
61696,FOUND,1,29954,26664,1,7901
42664,FOUND,1,21770,22572,1,7902
61705,FOUND,1,29966,26669,1,7903
40991,FOUND,1,20354,22497,1,7904
61709,NOT_FOUND,0,,,1,7905
41803,FOUND,1,21134,22558,1,7906
45826,FOUND,1,24315,14453,1,7907
61701,FOUND,1,29960,26667,1,7908
40981,FOUND,1,20344,22498,1,7909
61708,NOT_FOUND,0,,,1,7910
41615,FOUND,1,20951,22534,1,7911
61735,NOT_FOUND,0,,,1,7912
42676,FOUND,1,21782,22543,1,7913
61707,FOUND,1,29968,26670,1,7914
60189,FOUND,1,26563,13332,1,7915
39482,FOUND,1,19162,12708,1,7916
60188,FOUND,1,26562,13332,1,7917
60853,FOUND,1,28386,13406,1,7918
60179,FOUND,1,28377,13329,1,7919
46302,FOUND,1,24609,13213,1,7920
60181,FOUND,1,28379,13313,1,7921
46292,FOUND,1,24599,13208,1,7922
60180,FOUND,1,28378,13326,1,7923
12803,FOUND,1,309,12157,1,7924
46318,FOUND,1,24625,13221,1,7925
60157,FOUND,1,29257,13318,1,7926
46311,FOUND,1,24618,13217,1,7927
60164,FOUND,1,28363,13318,1,7928
46317,FOUND,1,24624,13220,1,7929
60186,FOUND,1,26560,13331,1,7930
60870,FOUND,1,27014,12376,1,7931
60197,FOUND,1,26571,13336,1,7932
60716,FOUND,1,26900,13395,1,7933
60204,FOUND,1,28185,13340,1,7934
60852,FOUND,1,28385,13406,1,7935
60207,FOUND,1,26578,13341,1,7936
60869,FOUND,1,27013,13407,1,7937
63057,FOUND,1,30137,26684,1,7938
34741,FOUND,1,14849,21141,1,7939
17743,FOUND,1,4890,20538,1,7940
17566,FOUND,1,4739,20538,1,7941
26038,FOUND,1,10735,20620,1,7942
25838,FOUND,1,10539,20600,1,7943
45823,FOUND,1,24312,14452,1,7944
60211,FOUND,1,26582,13343,1,7945
46310,FOUND,1,24617,13217,1,7946
60182,FOUND,1,28380,13327,1,7947
46312,FOUND,1,24619,13218,1,7948
60206,FOUND,1,26577,13341,1,7949
46309,FOUND,1,24616,13216,1,7950
60208,FOUND,1,26579,13342,1,7951
46308,FOUND,1,24615,13216,1,7952
60216,FOUND,1,26587,13346,1,7953
27682,FOUND,1,12319,20865,1,7954
27736,FOUND,1,12373,20870,1,7955
27830,FOUND,1,12462,20870,1,7956
15254,FOUND,1,2642,12157,1,7957
27803,FOUND,1,12436,20878,1,7958
27842,FOUND,1,12474,20575,1,7959
23652,FOUND,1,9529,12157,1,7960
17357,FOUND,1,4568,20504,1,7961
45834,FOUND,1,24323,14398,1,7962
46313,FOUND,1,24620,13218,1,7963
60210,FOUND,1,26581,13343,1,7964
46315,FOUND,1,24622,13219,1,7965
60209,FOUND,1,26580,13342,1,7966
60847,FOUND,1,26995,13403,1,7967
60222,FOUND,1,26593,13179,1,7968
60848,FOUND,1,26996,13404,1,7969
60154,FOUND,1,29254,13317,1,7970
46303,FOUND,1,24610,13213,1,7971
40026,FOUND,1,19610,12742,1,7972
46300,FOUND,1,24607,13212,1,7973
40337,FOUND,1,19918,12697,1,7974
16899,FOUND,1,4211,20404,1,7975
27820,FOUND,1,12453,20404,1,7976
16137,FOUND,1,3516,12157,1,7977
22669,FOUND,1,8614,12157,1,7978
16600,FOUND,1,3947,20365,1,7979
45778,FOUND,1,24267,14435,1,7980
60717,FOUND,1,26901,13394,1,7981
39612,FOUND,1,27249,12744,1,7982
46297,FOUND,1,24604,13210,1,7983
40211,FOUND,1,19793,12899,1,7984
46296,FOUND,1,24603,13210,1,7985
40212,FOUND,1,19794,12935,1,7986
46280,FOUND,1,24587,13202,1,7987
40045,FOUND,1,19628,12899,1,7988
46306,FOUND,1,24613,13215,1,7989
39478,FOUND,1,19160,12705,1,7990
60849,FOUND,1,26997,13404,1,7991
60268,FOUND,1,28188,13309,1,7992
60980,FOUND,1,29338,26411,1,7993
61593,NOT_FOUND,0,,,1,7994
46288,FOUND,1,24595,13206,1,7995
40332,FOUND,1,19913,12947,1,7996
12929,FOUND,1,429,20255,1,7997
60711,FOUND,1,26895,13392,1,7998
40324,FOUND,1,19905,12947,1,7999
60714,FOUND,1,26898,13393,1,8000
40103,FOUND,1,19686,12922,1,8001
60712,FOUND,1,26896,13392,1,8002
31035,FOUND,1,12894,12413,1,8003
46307,FOUND,1,24614,13215,1,8004
31037,FOUND,1,12896,12414,1,8005
60948,FOUND,1,29293,26432,1,8006
38801,FOUND,1,18610,12657,1,8007
39481,FOUND,1,19161,12707,1,8008
38800,FOUND,1,18609,12657,1,8009
60951,FOUND,1,27066,13415,1,8010
33227,FOUND,1,13551,12548,1,8011
61034,NOT_FOUND,0,,,1,8012
33228,FOUND,1,13552,12549,1,8013
60960,FOUND,1,27073,13325,1,8014
33229,FOUND,1,13553,12550,1,8015
60954,FOUND,1,27067,13417,1,8016
45774,FOUND,1,24263,14431,1,8017
33230,FOUND,1,13554,12551,1,8018
60957,FOUND,1,29576,13311,1,8019
33232,FOUND,1,13556,12553,1,8020
60950,FOUND,1,27065,13417,1,8021
38794,FOUND,1,18603,12652,1,8022
46286,FOUND,1,24593,13205,1,8023
38804,FOUND,1,18611,12659,1,8024
46285,FOUND,1,24592,13204,1,8025
38795,FOUND,1,18604,12652,1,8026
46301,FOUND,1,24608,13212,1,8027
38799,FOUND,1,18608,12656,1,8028
60946,FOUND,1,27063,13415,1,8029
33255,FOUND,1,13579,12566,1,8030
46284,FOUND,1,24591,13204,1,8031
33233,FOUND,1,13557,12553,1,8032
46291,FOUND,1,24598,13207,1,8033
31733,FOUND,1,13108,12525,1,8034
46290,FOUND,1,24597,13207,1,8035
33256,FOUND,1,13580,12566,1,8036
46287,FOUND,1,24594,13205,1,8037
33260,FOUND,1,13584,12568,1,8038
46305,FOUND,1,24612,13214,1,8039
38796,FOUND,1,18605,12653,1,8040
46281,FOUND,1,24588,13202,1,8041
45145,FOUND,1,23792,13147,1,8042
63051,FOUND,1,30123,26684,1,8043
31261,FOUND,1,12918,12422,1,8044
63052,FOUND,1,30126,26684,1,8045
37099,FOUND,1,17010,26410,1,8046
20882,FOUND,1,6881,23431,1,8047
37103,FOUND,1,17014,26410,1,8048
20931,FOUND,1,6929,23458,1,8049
37117,FOUND,1,17028,26410,1,8050
18014,FOUND,1,5083,20243,1,8051
14691,FOUND,1,2131,12157,1,8052
38076,FOUND,1,17909,21619,1,8053
27405,FOUND,1,12042,20778,1,8054
16980,FOUND,1,27105,20420,1,8055
17140,FOUND,1,4401,20463,1,8056
39584,FOUND,1,19258,12716,1,8057
61993,FOUND,1,29783,26645,1,8058
39575,FOUND,1,19249,12721,1,8059
62002,FOUND,1,29792,26645,1,8060
40011,FOUND,1,19596,12739,1,8061
62001,FOUND,1,29791,26645,1,8062
40106,FOUND,1,19689,12923,1,8063
62000,FOUND,1,29790,26645,1,8064
39460,FOUND,1,19147,12690,1,8065
61946,FOUND,1,29736,26645,1,8066
37866,FOUND,1,17700,20351,1,8067
26573,FOUND,1,11215,12157,1,8068
13171,FOUND,1,663,12157,1,8069
36009,FOUND,1,16105,20668,1,8070
15816,FOUND,1,3198,20351,1,8071
15182,FOUND,1,2577,12157,1,8072
15654,FOUND,1,3036,12157,1,8073
45847,FOUND,1,24336,14467,1,8074
39605,FOUND,1,19279,12739,1,8075
62003,FOUND,1,29793,26645,1,8076
12961,FOUND,1,459,12374,1,8077
61990,FOUND,1,29780,26645,1,8078
40025,FOUND,1,19609,12891,1,8079
61966,FOUND,1,29756,26651,1,8080
40089,FOUND,1,19672,12890,1,8081
61971,FOUND,1,29761,26653,1,8082
40112,FOUND,1,19695,12925,1,8083
61962,FOUND,1,29752,26648,1,8084
61954,FOUND,1,29744,26645,1,8085
39614,FOUND,1,27251,12745,1,8086
61953,FOUND,1,29743,26645,1,8087
40092,FOUND,1,19675,12920,1,8088
13253,FOUND,1,738,12157,1,8089
35010,FOUND,1,15109,21280,1,8090
14696,FOUND,1,2136,12157,1,8091
37334,FOUND,1,17231,21638,1,8092
45779,FOUND,1,24268,14435,1,8093
61989,FOUND,1,29779,26645,1,8094
40024,FOUND,1,19608,12890,1,8095
61961,FOUND,1,29751,26647,1,8096
39611,FOUND,1,28316,12743,1,8097
61956,FOUND,1,29746,26645,1,8098
40018,FOUND,1,19603,12886,1,8099
61980,FOUND,1,29770,26645,1,8100
40101,FOUND,1,19684,12747,1,8101
61963,FOUND,1,29753,26645,1,8102
40327,FOUND,1,19908,22484,1,8103
61964,FOUND,1,29754,26649,1,8104
40193,FOUND,1,19775,22484,1,8105
61982,FOUND,1,29772,26645,1,8106
40107,FOUND,1,19690,12743,1,8107
61976,FOUND,1,29766,26656,1,8108
40115,FOUND,1,19698,12926,1,8109
61960,FOUND,1,29750,26646,1,8110
37873,FOUND,1,17707,20274,1,8111
63010,FOUND,1,30087,26684,1,8112
42683,FOUND,1,28337,22581,1,8113
61983,FOUND,1,29773,26657,1,8114
40986,FOUND,1,20349,22500,1,8115
61959,FOUND,1,29749,26645,1,8116
33447,FOUND,1,13690,22456,1,8117
61958,FOUND,1,29748,26645,1,8118
40988,FOUND,1,20351,22501,1,8119
61948,FOUND,1,29738,26645,1,8120
33440,FOUND,1,13683,22452,1,8121
40987,FOUND,1,20350,22501,1,8122
63197,FOUND,1,30283,26684,1,8123
40990,FOUND,1,20353,22502,1,8124
63198,FOUND,1,30284,26684,1,8125
40191,FOUND,1,19773,22479,1,8126
63233,FOUND,1,30279,26684,1,8127
40047,FOUND,1,19630,22479,1,8128
63222,FOUND,1,30309,26684,1,8129
40989,FOUND,1,20352,22502,1,8130
26261,FOUND,1,10906,12157,1,8131
63245,FOUND,1,30246,26684,1,8132
63304,FOUND,1,30340,26684,1,8133
63234,FOUND,1,30275,26684,1,8134
60237,FOUND,1,26608,13356,1,8135
63221,FOUND,1,30312,26684,1,8136
60229,FOUND,1,26600,13352,1,8137
17514,FOUND,1,4693,24162,1,8138
60230,FOUND,1,26601,13352,1,8139
22371,FOUND,1,8317,16445,1,8140
60283,FOUND,1,28201,13363,1,8141
14770,FOUND,1,2202,12157,1,8142
31340,FOUND,1,12975,12451,1,8143
47536,FOUND,1,25626,11768,1,8144
31311,FOUND,1,27557,12396,1,8145
47537,FOUND,1,25627,11754,1,8146
31728,FOUND,1,13103,12523,1,8147
47498,FOUND,1,25588,11804,1,8148
31009,FOUND,1,12868,12401,1,8149
47452,FOUND,1,25550,11787,1,8150
31003,FOUND,1,12862,12398,1,8151
47454,FOUND,1,28409,11787,1,8152
15207,FOUND,1,2597,12157,1,8153
27009,FOUND,1,11647,20671,1,8154
31324,FOUND,1,12968,12393,1,8155
47386,FOUND,1,25494,11754,1,8156
31010,FOUND,1,12869,12401,1,8157
47491,FOUND,1,25581,11801,1,8158
30996,FOUND,1,12855,12393,1,8159
47526,FOUND,1,25616,11817,1,8160
31001,FOUND,1,12860,12396,1,8161
47523,FOUND,1,25613,11809,1,8162
30994,FOUND,1,12853,12392,1,8163
47501,FOUND,1,25591,11805,1,8164
31338,FOUND,1,12973,12458,1,8165
47493,FOUND,1,25583,11800,1,8166
31024,FOUND,1,12883,12409,1,8167
47495,FOUND,1,25585,11799,1,8168
31724,FOUND,1,13099,12417,1,8169
47489,FOUND,1,25579,11801,1,8170
31326,FOUND,1,28272,12409,1,8171
47383,FOUND,1,25491,21862,1,8172
31000,FOUND,1,12859,12395,1,8173
47500,FOUND,1,25590,11804,1,8174
31570,FOUND,1,28296,12502,1,8175
47507,FOUND,1,25597,11809,1,8176
31729,FOUND,1,13104,12523,1,8177
47420,FOUND,1,25519,11768,1,8178
31319,FOUND,1,28266,12451,1,8179
47484,FOUND,1,25574,11797,1,8180
31723,FOUND,1,13098,12519,1,8181
47487,FOUND,1,25577,11799,1,8182
32377,FOUND,1,13123,12509,1,8183
47502,FOUND,1,25592,11805,1,8184
31545,FOUND,1,13057,12486,1,8185
47530,FOUND,1,25620,11817,1,8186
33264,FOUND,1,13588,12571,1,8187
47497,FOUND,1,25587,11797,1,8188
63109,FOUND,1,30242,26684,2,8189
31719,FOUND,1,13094,12517,1,8190
47385,FOUND,1,25493,11753,1,8191
31041,FOUND,1,12900,12416,1,8192
47388,FOUND,1,25496,11750,1,8193
31333,FOUND,1,28278,12456,1,8194
47381,FOUND,1,25489,11750,1,8195
33236,FOUND,1,13560,12555,1,8196
47616,FOUND,1,25689,21941,1,8197
33245,FOUND,1,13569,12557,1,8198
47424,FOUND,1,25523,21877,1,8199
31739,FOUND,1,13114,12516,1,8200
47646,FOUND,1,25719,21952,1,8201
33239,FOUND,1,13563,12555,1,8202
47423,FOUND,1,25522,21875,1,8203
27072,FOUND,1,11709,20269,1,8204
14419,FOUND,1,1864,20269,1,8205
26026,FOUND,1,10723,20642,1,8206
31883,NOT_FOUND,0,,,1,8207
27572,FOUND,1,12209,20832,1,8208
13306,FOUND,1,791,12157,1,8209
31717,FOUND,1,13092,12516,1,8210
47406,FOUND,1,25513,21866,1,8211
33224,FOUND,1,13548,12546,1,8212
47617,FOUND,1,25690,21942,1,8213
33223,FOUND,1,13547,12546,1,8214
47425,FOUND,1,25524,21877,1,8215
33231,FOUND,1,13555,12552,1,8216
47619,FOUND,1,25692,21936,1,8217
33243,FOUND,1,13567,12545,1,8218
47609,FOUND,1,25682,21936,1,8219
33250,FOUND,1,13574,12563,1,8220
47416,FOUND,1,28136,21873,1,8221
33249,FOUND,1,13573,12562,1,8222
47644,FOUND,1,25717,21952,1,8223
33268,FOUND,1,13592,12571,1,8224
47629,FOUND,1,25702,21945,1,8225
33222,FOUND,1,13546,12545,1,8226
47412,FOUND,1,28134,21870,1,8227
33352,FOUND,1,13676,12622,1,8228
47627,FOUND,1,25700,21941,1,8229
33251,FOUND,1,13575,12564,1,8230
47610,FOUND,1,25683,21934,1,8231
33234,FOUND,1,13558,12554,1,8232
47603,FOUND,1,25676,21932,1,8233
33237,FOUND,1,13561,12556,1,8234
47641,FOUND,1,25714,21951,1,8235
33263,FOUND,1,13587,12570,1,8236
47480,FOUND,1,25571,21887,1,8237
33246,FOUND,1,13570,12559,1,8238
47645,FOUND,1,25718,21951,1,8239
33238,FOUND,1,13562,12556,1,8240
47426,FOUND,1,25525,21873,1,8241
33242,FOUND,1,13566,12558,1,8242
47620,FOUND,1,25693,21944,1,8243
33254,FOUND,1,13578,12565,1,8244
47611,FOUND,1,25684,21937,1,8245
38798,FOUND,1,18607,12655,1,8246
47640,FOUND,1,25713,21942,1,8247
33257,FOUND,1,13581,12567,1,8248
47428,FOUND,1,25527,21878,1,8249
33287,FOUND,1,13611,12582,1,8250
47443,FOUND,1,25542,21888,1,8251
31034,FOUND,1,12893,12413,1,8252
47626,FOUND,1,25699,21938,1,8253
33276,FOUND,1,13600,12577,1,8254
45784,FOUND,1,24273,14431,1,8255
47564,FOUND,1,28417,21924,1,8256
33274,FOUND,1,13598,12576,1,8257
47573,FOUND,1,25647,21927,1,8258
33235,FOUND,1,13559,12554,1,8259
47633,FOUND,1,25706,21950,1,8260
33351,FOUND,1,13675,12622,1,8261
47556,FOUND,1,25635,21919,1,8262
33277,FOUND,1,13601,12577,1,8263
47557,FOUND,1,25636,21920,1,8264
33240,FOUND,1,13564,12557,1,8265
47555,FOUND,1,25634,21918,1,8266
33350,FOUND,1,13674,12621,1,8267
47559,FOUND,1,25637,21918,1,8268
33275,FOUND,1,13599,12576,1,8269
47571,FOUND,1,28418,21925,1,8270
31036,FOUND,1,12895,12414,1,8271
47577,FOUND,1,25651,21927,1,8272
31336,FOUND,1,12971,12456,1,8273
47613,FOUND,1,25686,21938,1,8274
33270,FOUND,1,13594,12574,1,8275
42611,FOUND,1,21719,12157,1,8276
26668,FOUND,1,11307,12157,1,8277
26206,FOUND,1,10854,12157,1,8278
14316,FOUND,1,1761,12157,1,8279
34168,FOUND,1,14307,12157,1,8280
12859,FOUND,1,364,12157,1,8281
37812,FOUND,1,17646,21705,1,8282
37815,FOUND,1,17649,21698,1,8283
47562,FOUND,1,25640,21919,1,8284
31694,FOUND,1,13073,12502,1,8285
47597,FOUND,1,25670,21931,1,8286
31365,FOUND,1,12996,12472,1,8287
47566,FOUND,1,27417,21920,1,8288
31730,FOUND,1,13105,12524,1,8289
47618,FOUND,1,25691,21943,1,8290
32388,FOUND,1,13130,12530,1,8291
47635,FOUND,1,25708,21930,1,8292
31546,FOUND,1,13058,12487,1,8293
47583,FOUND,1,28419,21923,1,8294
34244,FOUND,1,14383,17113,1,8295
37121,FOUND,1,17032,26410,1,8296
15937,FOUND,1,3317,12157,1,8297
26299,FOUND,1,10944,12157,1,8298
14923,FOUND,1,2345,12157,1,8299
37926,FOUND,1,17759,20993,1,8300
37925,FOUND,1,17758,20986,1,8301
45812,FOUND,1,24301,14439,1,8302
46019,FOUND,1,24366,14484,1,8303
46016,FOUND,1,24363,14478,1,8304
46006,FOUND,1,24353,14478,1,8305
46013,FOUND,1,24360,14484,1,8306
46009,FOUND,1,24356,14481,1,8307
38995,FOUND,1,18800,12157,1,8308
63203,FOUND,1,30293,26684,1,8309
63182,FOUND,1,30259,26684,2,8310
63228,FOUND,1,30292,26684,1,8312
63210,FOUND,1,30303,26684,1,8313
63176,FOUND,1,30250,26684,1,8314
63201,FOUND,1,30289,26684,2,8315
63229,FOUND,1,30290,26684,2,8317
63232,FOUND,1,30282,26684,2,8319
63202,FOUND,1,30291,26684,2,8321
63226,FOUND,1,30298,26684,1,8323
63213,FOUND,1,30308,26684,1,8324
61768,NOT_FOUND,0,,,2,8325
61759,NOT_FOUND,0,,,2,8327
63204,FOUND,1,30294,26684,2,8329
63242,FOUND,1,30255,26684,2,8331
63241,FOUND,1,30257,26684,1,8333
63214,FOUND,1,30310,26684,1,8334
63243,FOUND,1,30251,26684,1,8335
32375,FOUND,1,27586,12530,1,8336
47578,FOUND,1,25652,21921,1,8337
31695,FOUND,1,13074,12509,1,8338
47558,FOUND,1,27415,21921,1,8339
31721,FOUND,1,13096,12518,1,8340
47643,FOUND,1,25716,21917,1,8341
31339,FOUND,1,12974,12458,1,8342
47565,FOUND,1,27416,21925,1,8343
31571,FOUND,1,28297,12503,1,8344
47638,FOUND,1,25711,21915,1,8345
33271,FOUND,1,13595,12574,1,8346
47598,FOUND,1,25671,21859,1,8347
31389,FOUND,1,13006,12485,1,8348
47554,FOUND,1,28416,21917,1,8349
31731,FOUND,1,13106,12524,1,8350
22607,FOUND,1,8552,12157,1,8351
22602,FOUND,1,8547,12157,1,8352
13621,FOUND,1,1098,12157,1,8353
23245,FOUND,1,9147,12157,1,8354
47596,FOUND,1,25669,21930,1,8355
39796,FOUND,1,19387,12801,1,8356
60953,FOUND,1,29295,26431,1,8357
41768,FOUND,1,21103,13030,1,8358
61033,NOT_FOUND,0,,,1,8359
43772,FOUND,1,28050,13132,1,8360
46299,FOUND,1,24606,13211,1,8361
43771,FOUND,1,28049,13132,1,8362
60959,FOUND,1,27072,13329,1,8363
40022,FOUND,1,28329,12888,1,8364
60955,FOUND,1,27068,13416,1,8365
39596,FOUND,1,19270,12733,1,8366
43777,FOUND,1,22789,13135,1,8367
22720,FOUND,1,8665,12157,1,8368
15879,FOUND,1,3259,12157,1,8369
22343,FOUND,1,8291,12157,1,8370
26588,FOUND,1,11230,12157,1,8371
12871,FOUND,1,374,12157,1,8372
39589,FOUND,1,19263,12670,1,8373
44117,FOUND,1,22890,13137,1,8374
39322,FOUND,1,27759,12670,1,8375
33439,FOUND,1,13682,22454,1,8376
40985,FOUND,1,20348,22500,1,8377
40009,FOUND,1,19594,12729,1,8378
42681,FOUND,1,21787,22578,1,8379
42677,FOUND,1,21783,22578,1,8380
39927,FOUND,1,19514,12718,1,8381
43181,FOUND,1,22237,12800,1,8382
61957,FOUND,1,29747,26645,1,8383
39591,FOUND,1,19265,12728,1,8384
60952,FOUND,1,29294,26432,1,8385
43778,FOUND,1,22790,13135,1,8386
46298,FOUND,1,24605,13211,1,8387
41847,FOUND,1,21174,13030,1,8388
60947,FOUND,1,29292,26431,1,8389
27988,FOUND,1,12552,12157,1,8390
39930,FOUND,1,19517,12851,1,8392
46294,FOUND,1,24601,13209,1,8393
39741,FOUND,1,19352,12780,1,8394
60958,FOUND,1,29577,13329,1,8395
40114,FOUND,1,19697,12926,1,8396
61952,FOUND,1,29742,26645,1,8397
40108,FOUND,1,19691,12924,1,8398
61947,FOUND,1,29737,26645,1,8399
39616,FOUND,1,19284,12747,1,8400
61944,FOUND,1,29734,26645,1,8401
39751,FOUND,1,27301,12786,1,8402
62006,FOUND,1,29796,26645,1,8403
39457,FOUND,1,19144,12690,1,8404
17416,FOUND,1,4609,20518,1,8405
17505,FOUND,1,4686,20518,1,8406
15586,FOUND,1,2968,12157,1,8407
14606,FOUND,1,2050,20270,1,8408
39325,FOUND,1,19024,12673,1,8409
39324,FOUND,1,27760,12672,1,8410
39597,FOUND,1,19271,12672,1,8411
14055,FOUND,1,1509,12157,1,8412
33329,FOUND,1,13653,12608,1,8413
20014,FOUND,1,6187,23135,1,8414
37116,FOUND,1,17027,26410,1,8415
17498,FOUND,1,4681,12157,1,8416
33337,FOUND,1,13661,12612,1,8417
22705,FOUND,1,8650,26410,1,8418
33279,FOUND,1,13603,12578,1,8419
16536,FOUND,1,3896,20363,1,8420
37115,FOUND,1,17026,26410,1,8421
47142,FOUND,1,25391,12157,1,8422
33335,FOUND,1,13659,12611,1,8423
16119,FOUND,1,3498,12157,1,8424
37551,FOUND,1,17446,21680,1,8425
37552,FOUND,1,17447,21680,1,8426
34819,FOUND,1,14919,21173,1,8427
39607,FOUND,1,19281,12677,1,8428
47422,FOUND,1,25521,11751,1,8429
41780,FOUND,1,21114,22554,1,8430
47499,FOUND,1,25589,11792,1,8431
40095,FOUND,1,19678,12921,1,8432
47410,FOUND,1,25517,21869,1,8433
43522,FOUND,1,22554,13128,1,8434
47532,FOUND,1,25622,11819,1,8435
39906,FOUND,1,19495,12841,1,8436
47534,FOUND,1,25624,11819,1,8437
39905,FOUND,1,19494,12840,1,8438
47444,FOUND,1,25543,21869,1,8439
39837,FOUND,1,19427,12827,1,8440
47466,FOUND,1,25558,21898,1,8441
39941,FOUND,1,19528,12858,1,8442
47488,FOUND,1,25578,11800,1,8443
41788,FOUND,1,21120,22555,1,8444
13738,FOUND,1,1215,12157,1,8445
26174,NOT_FOUND,0,,,1,8446
16948,NOT_FOUND,0,,,1,8447
27513,FOUND,1,12150,20807,1,8448
14426,FOUND,1,1871,12157,1,8449
44203,FOUND,1,22975,12157,1,8450
23379,FOUND,1,9272,12157,1,8451
45687,NOT_FOUND,0,,,1,8452
14250,FOUND,1,1697,12157,1,8453
44223,FOUND,1,22995,12157,1,8454
44173,FOUND,1,22945,12157,1,8455
14242,FOUND,1,1689,12157,1,8456
42641,FOUND,1,21748,12157,1,8457
61394,FOUND,1,29718,26637,1,8458
39839,FOUND,1,19429,12719,1,8459
61103,FOUND,1,29416,26503,1,8460
39520,FOUND,1,19196,12719,1,8461
61102,FOUND,1,29414,26503,1,8462
63194,FOUND,1,30278,26684,1,8463
47382,FOUND,1,25490,11751,1,8464
39808,FOUND,1,19399,12810,1,8465
47481,FOUND,1,28414,21898,1,8466
41611,FOUND,1,20947,22531,1,8467
47470,FOUND,1,25562,21881,1,8468
39760,FOUND,1,28326,12791,1,8469
47528,FOUND,1,25618,11816,1,8470
41776,FOUND,1,21111,22554,1,8471
47463,FOUND,1,27411,21886,1,8472
46851,FOUND,1,25106,13284,1,8473
40207,FOUND,1,19789,12934,1,8474
59606,FOUND,1,26206,22268,1,8475
61632,NOT_FOUND,0,,,1,8476
46163,FOUND,1,24490,13165,1,8477
46384,FOUND,1,28120,13173,1,8478
13387,FOUND,1,866,12157,1,8479
47136,FOUND,1,25385,12157,1,8480
23797,FOUND,1,9662,12157,1,8481
60345,FOUND,1,26681,13369,1,8482
60166,FOUND,1,28365,13319,1,8483
46254,FOUND,1,24562,13142,1,8484
46424,FOUND,1,24710,12645,1,8485
46517,FOUND,1,24785,13250,1,8486
46398,FOUND,1,24686,13258,1,8487
46162,FOUND,1,24489,13168,1,8488
46425,FOUND,1,24711,13249,1,8489
37184,FOUND,1,17091,12642,1,8490
60349,FOUND,1,26683,13371,1,8491
16055,FOUND,1,3435,12377,1,8492
37185,FOUND,1,17092,12643,1,8493
46218,FOUND,1,24541,13174,1,8494
60165,FOUND,1,28364,13322,1,8495
60435,FOUND,1,26698,13379,1,8496
60434,FOUND,1,26697,13379,1,8497
60436,FOUND,1,26699,13380,1,8498
46399,FOUND,1,28123,13258,1,8499
46381,FOUND,1,28119,13170,1,8500
46213,FOUND,1,24537,13169,1,8501
46379,FOUND,1,24672,13172,1,8502
46212,FOUND,1,24536,26410,1,8503
46255,FOUND,1,24563,13141,1,8504
46432,FOUND,1,24715,13275,1,8505
44122,FOUND,1,22895,13141,1,8506
60437,FOUND,1,26700,13380,1,8507
46219,FOUND,1,28349,13174,1,8508
60159,FOUND,1,28358,13319,1,8509
37500,FOUND,1,17396,21387,1,8510
27617,FOUND,1,12254,20844,1,8511
26876,FOUND,1,11514,12157,1,8512
38285,FOUND,1,18115,21765,1,8513
45635,FOUND,1,28076,12157,1,8514
17365,FOUND,1,4574,20506,1,8515
16084,FOUND,1,3463,12157,1,8516
26903,FOUND,1,11541,20663,1,8517
21186,NOT_FOUND,0,,,1,8518
27610,FOUND,1,12247,20840,1,8519
22714,FOUND,1,8659,12157,1,8520
46214,FOUND,1,24538,13170,1,8521
46380,FOUND,1,28118,13169,1,8522
46217,FOUND,1,28348,13173,1,8523
46386,FOUND,1,24676,13171,1,8524
46149,FOUND,1,24476,13162,1,8525
46387,FOUND,1,24677,13250,1,8526
60355,FOUND,1,26689,13376,1,8527
46429,FOUND,1,28124,13273,1,8528
46383,FOUND,1,24674,13248,1,8529
40001,FOUND,1,19587,12883,1,8530
39910,FOUND,1,19497,12842,1,8531
39853,FOUND,1,19443,12837,1,8532
39921,FOUND,1,19508,12846,1,8533
43560,FOUND,1,22584,12883,1,8534
39912,FOUND,1,19499,12846,1,8535
40002,FOUND,1,19588,12837,1,8536
39446,FOUND,1,19133,12681,1,8537
39949,FOUND,1,19536,12860,1,8538
39454,FOUND,1,19141,12687,1,8539
39919,FOUND,1,19506,12842,1,8540
39323,FOUND,1,19023,12671,1,8541
39918,FOUND,1,19505,12843,1,8542
39461,FOUND,1,19148,12681,1,8543
39841,FOUND,1,19431,12830,1,8544
43421,FOUND,1,22455,13127,1,8545
39854,FOUND,1,19444,12830,1,8546
39942,FOUND,1,19529,12736,1,8547
39572,FOUND,1,19246,12687,1,8548
43420,FOUND,1,22454,13127,1,8549
33305,FOUND,1,13629,12594,1,8550
33339,FOUND,1,13663,12613,1,8551
33324,FOUND,1,13648,12604,1,8552
38537,FOUND,1,18356,12647,1,8553
39828,FOUND,1,19419,12823,1,8554
47519,FOUND,1,25609,21908,1,8555
43171,FOUND,1,22227,12831,1,8556
47494,FOUND,1,25584,11803,1,8557
17389,FOUND,1,4586,20511,1,8558
43172,FOUND,1,22228,12831,1,8559
47606,FOUND,1,25679,21934,1,8560
40004,FOUND,1,19589,12831,1,8561
47539,FOUND,1,25628,21863,1,8562
39834,FOUND,1,19424,12764,1,8563
47461,FOUND,1,25555,11792,1,8564
39958,FOUND,1,19545,12866,1,8565
47384,FOUND,1,25492,21862,1,8566
39745,FOUND,1,28325,12783,1,8567
47431,FOUND,1,25530,21881,1,8568
17385,FOUND,1,4582,20284,1,8569
22552,FOUND,1,8497,12157,1,8570
47096,FOUND,1,25345,12157,1,8571
37736,FOUND,1,17577,21699,1,8572
37738,FOUND,1,17579,21700,1,8573
37875,FOUND,1,17709,21700,1,8574
44479,FOUND,1,23176,12157,1,8575
13972,FOUND,1,1428,12157,1,8576
63110,FOUND,1,30244,26684,1,8577
27902,FOUND,1,12527,20296,1,8578
45851,FOUND,1,24340,14455,1,8579
61637,NOT_FOUND,0,,,1,8580
61627,NOT_FOUND,0,,,1,8581
61749,FOUND,1,29973,26675,1,8582
60496,FOUND,1,26729,24350,1,8583
60475,FOUND,1,26710,13384,1,8584
61598,NOT_FOUND,0,,,1,8585
44212,FOUND,1,22984,12157,1,8586
34061,NOT_FOUND,0,,,1,8587
27138,FOUND,1,11775,20711,1,8588
12925,FOUND,1,426,12157,1,8589
14614,FOUND,1,2058,12157,1,8590
27168,FOUND,1,11805,12157,1,8591
34064,NOT_FOUND,0,,,1,8592
16136,FOUND,1,3515,12157,1,8593
60476,FOUND,1,26711,13385,1,8594
63265,FOUND,1,30356,26684,1,8595
60481,FOUND,1,26716,13388,1,8596
63262,FOUND,1,30353,26684,1,8597
40008,FOUND,1,19593,12851,1,8598
47513,FOUND,1,25603,21908,1,8599
39748,FOUND,1,27298,12776,1,8600
47490,FOUND,1,25580,21902,1,8601
39450,FOUND,1,19137,12684,1,8602
47538,FOUND,1,28415,21902,1,8603
39939,FOUND,1,19526,12849,1,8604
43174,FOUND,1,22230,13122,1,8605
39756,FOUND,1,27305,12787,1,8606
39904,FOUND,1,19493,12839,1,8607
39798,FOUND,1,19389,12795,1,8608
39996,FOUND,1,28327,12856,1,8609
63108,FOUND,1,30240,26684,1,8610
13106,FOUND,1,600,12157,1,8611
26304,FOUND,1,10949,12157,1,8612
32910,NOT_FOUND,0,,,1,8613
27342,FOUND,1,11979,20766,1,8614
12841,FOUND,1,346,12157,1,8615
36105,FOUND,1,16201,21529,1,8616
13274,FOUND,1,759,12157,1,8617
40315,FOUND,1,19896,14216,1,8618
39900,FOUND,1,19489,14149,1,8619
40314,FOUND,1,19895,14237,1,8620
40519,FOUND,1,20045,14237,1,8621
40256,FOUND,1,19838,14202,1,8622
40290,FOUND,1,19872,14223,1,8623
40278,FOUND,1,19860,14198,1,8624
40522,FOUND,1,20048,14320,1,8625
40244,FOUND,1,19826,14190,1,8626
40252,FOUND,1,19834,14198,1,8627
40238,FOUND,1,19820,14190,1,8628
40477,FOUND,1,20008,14202,1,8629
40479,FOUND,1,20010,14223,1,8630
40281,FOUND,1,19863,14216,1,8631
39382,FOUND,1,19070,14034,1,8632
41556,FOUND,1,20893,14375,1,8633
41573,FOUND,1,20910,14383,1,8634
39434,FOUND,1,19121,14049,1,8635
39408,FOUND,1,19095,14049,1,8636
39399,FOUND,1,19086,14044,1,8637
41584,FOUND,1,20921,14388,1,8638
39544,FOUND,1,19218,14044,1,8639
41583,FOUND,1,20920,14388,1,8640
41513,FOUND,1,20850,14353,1,8641
39363,FOUND,1,19051,14021,1,8642
39367,FOUND,1,19055,14021,1,8643
41568,FOUND,1,20905,14375,1,8644
41566,FOUND,1,20903,14381,1,8645
41546,FOUND,1,20883,14353,1,8646
39393,FOUND,1,19080,14040,1,8647
39526,FOUND,1,19202,14084,1,8648
39571,FOUND,1,19245,14084,1,8649
39924,FOUND,1,19511,12849,1,8650
43558,FOUND,1,28344,12787,1,8651
39963,FOUND,1,19550,12868,1,8652
39938,FOUND,1,19525,12856,1,8653
39742,FOUND,1,27295,12781,1,8654
43221,FOUND,1,27342,12801,1,8655
39989,FOUND,1,19576,12875,1,8656
43176,FOUND,1,22232,12772,1,8657
39977,FOUND,1,19564,12875,1,8658
39986,FOUND,1,19573,12879,1,8659
39988,FOUND,1,19575,12879,1,8660
43180,FOUND,1,22236,13125,1,8661
39983,FOUND,1,19570,12877,1,8662
43178,FOUND,1,22234,12877,1,8663
41792,FOUND,1,28334,22556,1,8664
39806,FOUND,1,19397,12808,1,8665
31547,FOUND,1,13059,12487,1,8666
18016,FOUND,1,5085,20579,1,8667
31720,FOUND,1,13095,12518,1,8668
32406,FOUND,1,13148,12541,1,8669
32390,FOUND,1,13132,12503,1,8670
32387,FOUND,1,13129,12531,1,8671
39467,FOUND,1,19150,12694,1,8672
40317,FOUND,1,19898,12943,1,8673
41754,FOUND,1,21090,12943,1,8674
39468,FOUND,1,19151,12698,1,8675
41762,FOUND,1,21098,13027,1,8676
39483,FOUND,1,19163,12705,1,8677
39510,FOUND,1,19188,12712,1,8678
41760,FOUND,1,21096,13027,1,8679
63105,FOUND,1,30235,26684,2,8680
45346,FOUND,1,23915,12157,1,8681
37557,FOUND,1,17452,21665,1,8682
37475,FOUND,1,17371,21665,1,8683
37553,FOUND,1,17448,21391,1,8684
13648,FOUND,1,1125,12157,1,8685
45268,NOT_FOUND,0,,,1,8686
14303,FOUND,1,1748,12157,1,8687
13055,FOUND,1,549,12157,1,8688
23184,FOUND,1,9086,12157,1,8689
26829,FOUND,1,11467,12157,1,8690
13107,FOUND,1,601,12157,1,8691
17003,FOUND,1,4293,12157,1,8692
39545,FOUND,1,19219,14040,1,8693
39489,FOUND,1,19168,14041,1,8694
41580,FOUND,1,20917,14386,1,8695
41550,FOUND,1,20887,14372,1,8696
41549,FOUND,1,20886,14372,1,8697
39569,FOUND,1,19243,14096,1,8698
39522,FOUND,1,19198,14054,1,8699
41574,FOUND,1,20911,14383,1,8700
44919,FOUND,1,23600,14379,1,8701
39417,FOUND,1,19104,14054,1,8702
39501,FOUND,1,19180,14077,1,8703
40121,FOUND,1,19704,14154,1,8704
39557,FOUND,1,19231,14096,1,8705
39377,FOUND,1,19065,14030,1,8706
39564,FOUND,1,19238,14093,1,8707
39553,FOUND,1,19227,14093,1,8708
39556,FOUND,1,19230,14077,1,8709
39560,FOUND,1,19234,14069,1,8710
39492,FOUND,1,19171,14069,1,8711
40181,FOUND,1,19763,14183,1,8712
39368,FOUND,1,19056,14023,1,8713
39433,FOUND,1,19120,14023,1,8714
41838,FOUND,1,21167,12702,1,8715
39474,FOUND,1,19156,12375,1,8716
41837,FOUND,1,21166,13028,1,8717
41612,FOUND,1,20948,12698,1,8718
46679,FOUND,1,24944,13273,1,8719
12962,FOUND,1,460,12375,1,8720
39476,FOUND,1,19158,12704,1,8721
41608,FOUND,1,28331,12704,1,8722
40320,FOUND,1,19901,12945,1,8723
23944,FOUND,1,9809,12157,1,8724
39609,FOUND,1,27686,12741,1,8725
13122,FOUND,1,616,12157,1,8726
23071,FOUND,1,8978,12157,1,8727
27107,FOUND,1,11744,20648,1,8728
15685,FOUND,1,3067,12157,1,8729
34214,FOUND,1,14353,17307,1,8730
40118,FOUND,1,19701,12921,1,8731
23150,FOUND,1,9054,12157,1,8732
61207,FOUND,1,29534,26557,1,8733
60151,FOUND,1,29251,13314,1,8734
61209,FOUND,1,29536,26558,1,8735
60158,FOUND,1,28183,13314,1,8736
63253,FOUND,1,30335,26684,1,8737
60153,FOUND,1,29253,13316,1,8738
61212,FOUND,1,29539,26559,1,8739
60168,FOUND,1,28367,13320,1,8740
61729,FOUND,1,29952,26645,1,8741
60169,FOUND,1,28368,13324,1,8742
61188,FOUND,1,29516,26547,1,8743
60156,FOUND,1,29256,13312,1,8744
61744,FOUND,1,29975,26678,1,8745
60177,FOUND,1,26557,13328,1,8746
61724,NOT_FOUND,0,,,1,8747
45360,NOT_FOUND,0,,,1,8749
37928,FOUND,1,17761,21696,1,8750
26462,FOUND,1,11105,20625,1,8751
60277,FOUND,1,28197,13361,1,8752
46364,FOUND,1,24665,13242,1,8753
60148,FOUND,1,29248,13311,1,8754
61395,FOUND,1,29719,26638,1,8755
60170,FOUND,1,28369,13325,1,8756
46361,FOUND,1,24662,13241,1,8757
40236,FOUND,1,19818,12942,1,8758
14086,FOUND,1,1539,12157,1,8759
38680,NOT_FOUND,0,,,1,8760
23701,FOUND,1,9578,12157,1,8761
23134,FOUND,1,9041,12157,1,8762
37960,FOUND,1,17793,21448,1,8763
34060,NOT_FOUND,0,,,1,8764
18021,FOUND,1,5090,20581,1,8765
17707,FOUND,1,4861,20457,1,8766
14294,FOUND,1,1740,12157,1,8767
36307,FOUND,1,16403,21560,1,8768
61725,FOUND,1,29948,26645,1,8769
45829,FOUND,1,24318,14455,1,8770
63102,FOUND,1,30228,26684,2,8771
35954,FOUND,1,16050,25882,1,8772
45676,NOT_FOUND,0,,,1,8773
37750,FOUND,1,17588,25739,1,8774
37774,FOUND,1,17611,25745,1,8775
37772,FOUND,1,17609,25741,1,8776
13081,FOUND,1,575,12157,1,8777
37770,FOUND,1,17607,25738,1,8778
15306,FOUND,1,2691,12157,1,8779
40131,FOUND,1,19714,14155,1,8780
40122,FOUND,1,19705,14155,1,8781
40133,FOUND,1,19716,14161,1,8782
39372,FOUND,1,19060,14014,1,8783
39548,FOUND,1,19222,14091,1,8784
39552,FOUND,1,19226,14030,1,8785
40125,FOUND,1,19708,14158,1,8786
39355,FOUND,1,19043,14014,1,8787
40166,FOUND,1,19749,14154,1,8788
40132,FOUND,1,19715,14161,1,8789
40306,FOUND,1,19888,14233,1,8790
40301,FOUND,1,19883,14230,1,8791
40292,FOUND,1,19874,14225,1,8792
40318,FOUND,1,19899,14239,1,8793
40303,FOUND,1,19885,14231,1,8794
45719,FOUND,1,24222,14390,1,8795
14288,FOUND,1,1734,12157,1,8796
40316,FOUND,1,19897,14238,1,8797
40299,FOUND,1,19881,14230,1,8798
40235,FOUND,1,19817,12941,1,8799
37779,FOUND,1,17616,25745,1,8800
37751,FOUND,1,17589,25739,1,8801
36094,FOUND,1,16190,26410,1,8802
45602,FOUND,1,24134,12157,1,8803
14988,NOT_FOUND,0,,,1,8804
27335,FOUND,1,11972,25727,1,8805
37246,FOUND,1,17145,25741,1,8806
37768,FOUND,1,17605,25740,1,8807
37723,FOUND,1,17566,25742,1,8808
37769,FOUND,1,17606,25740,1,8809
13134,FOUND,1,628,12157,1,8810
15416,FOUND,1,2800,12157,1,8811
37929,FOUND,1,17762,21732,1,8812
40277,FOUND,1,19859,14215,1,8813
39896,FOUND,1,19485,14145,1,8814
40293,FOUND,1,19875,14225,1,8815
40300,FOUND,1,19882,14231,1,8816
40259,FOUND,1,19841,14205,1,8817
40276,FOUND,1,19858,14208,1,8818
40515,FOUND,1,20041,14233,1,8819
39898,FOUND,1,19487,14147,1,8820
40263,FOUND,1,19845,14147,1,8821
40247,FOUND,1,19829,14193,1,8822
40258,FOUND,1,19840,14204,1,8823
40272,FOUND,1,19854,14206,1,8824
40305,FOUND,1,19887,14232,1,8825
26054,FOUND,1,10751,12157,1,8826
22513,FOUND,1,8458,12157,1,8827
22961,FOUND,1,8871,12157,1,8828
13745,FOUND,1,1222,12157,1,8829
15418,FOUND,1,2802,12157,1,8830
14473,FOUND,1,1918,12157,1,8831
37940,FOUND,1,17773,21710,1,8832
16146,FOUND,1,3525,12157,1,8833
27182,FOUND,1,11819,12157,1,8834
23424,FOUND,1,9311,12157,1,8835
26312,FOUND,1,10957,12157,1,8836
15595,FOUND,1,2977,12157,1,8837
16183,FOUND,1,3561,12157,1,8838
14564,FOUND,1,2009,12157,1,8839
46362,FOUND,1,24663,13241,1,8840
41779,FOUND,1,21113,12907,1,8841
46363,FOUND,1,24664,13242,1,8842
40329,FOUND,1,19910,12941,1,8843
61187,FOUND,1,29513,26545,1,8844
39314,FOUND,1,19018,12669,1,8846
61183,FOUND,1,29512,26545,1,8847
40033,FOUND,1,19616,12669,1,8848
61065,FOUND,1,29390,26489,1,8849
41624,FOUND,1,20960,13006,1,8850
61067,FOUND,1,29392,26490,1,8851
39466,FOUND,1,28313,12697,1,8852
61066,FOUND,1,29391,26489,1,8853
41771,FOUND,1,21106,13006,1,8854
61152,FOUND,1,29486,26535,1,8855
39621,FOUND,1,27254,12744,1,8856
61191,FOUND,1,29520,26549,1,8857
63106,FOUND,1,30237,26684,2,8858
13959,FOUND,1,1415,12157,1,8859
15519,FOUND,1,2901,12157,1,8860
23620,FOUND,1,9499,12157,1,8861
26868,FOUND,1,11506,12157,1,8862
16112,FOUND,1,3491,12157,1,8863
40216,FOUND,1,19798,12933,1,8864
61196,FOUND,1,29527,26553,1,8865
41623,FOUND,1,20959,13005,1,8866
61711,NOT_FOUND,0,,,1,8867
41778,FOUND,1,28333,13005,1,8868
61198,FOUND,1,29517,26547,1,8869
40234,FOUND,1,19816,12935,1,8870
61728,FOUND,1,29951,26645,1,8871
39464,FOUND,1,28312,12695,1,8872
61071,FOUND,1,29357,26459,1,8873
40323,FOUND,1,19904,12750,1,8874
61190,FOUND,1,29519,26548,1,8875
39619,FOUND,1,27253,12750,1,8876
61197,FOUND,1,29521,26549,1,8877
40206,FOUND,1,19788,12933,1,8878
61082,FOUND,1,29409,26499,1,8879
40105,FOUND,1,19688,12751,1,8880
61079,FOUND,1,29406,26498,1,8881
40195,FOUND,1,19777,12696,1,8882
61403,FOUND,1,29726,26642,1,8883
46854,FOUND,1,28355,13290,1,8884
61176,FOUND,1,29508,26543,1,8885
42862,FOUND,1,21935,13067,1,8886
61747,FOUND,1,29969,26671,1,8887
46345,FOUND,1,24652,13235,1,8888
61402,FOUND,1,29725,26642,1,8889
47315,FOUND,1,25429,13295,1,8890
61726,FOUND,1,29949,26645,1,8891
47318,FOUND,1,25432,13297,1,8892
61710,NOT_FOUND,0,,,1,8893
61613,NOT_FOUND,0,,,1,8894
61753,FOUND,1,29978,26679,1,8895
46853,FOUND,1,25107,13287,1,8896
61111,FOUND,1,29432,26512,1,8897
20952,FOUND,1,6944,23465,1,8898
61063,FOUND,1,29388,26488,1,8899
15579,FOUND,1,2961,12157,1,8900
45359,NOT_FOUND,0,,,1,8901
46842,FOUND,1,25097,13286,1,8902
61396,FOUND,1,29720,26639,1,8903
27671,FOUND,1,12308,20851,1,8904
27645,FOUND,1,12282,20851,1,8905
27032,FOUND,1,11670,20276,1,8906
14688,FOUND,1,2128,20276,1,8907
26340,FOUND,1,10985,20647,1,8908
14543,FOUND,1,1988,12157,1,8909
25883,FOUND,1,10584,20613,1,8910
25898,FOUND,1,10599,20613,1,8911
26418,FOUND,1,11061,12157,1,8912
14179,FOUND,1,1632,12157,1,8913
22746,FOUND,1,8689,12157,1,8914
15979,FOUND,1,3359,12157,1,8915
27651,FOUND,1,12288,20853,1,8916
22596,FOUND,1,8541,12157,1,8917
23060,FOUND,1,8967,12157,1,8918
15885,FOUND,1,3265,12157,1,8919
27583,FOUND,1,12220,20834,1,8920
36312,FOUND,1,16408,20834,1,8921
36311,FOUND,1,16407,20864,1,8922
27673,FOUND,1,12310,20864,1,8923
36310,FOUND,1,16406,21561,1,8924
22507,FOUND,1,8452,12157,1,8925
47319,FOUND,1,25433,13297,1,8926
45816,FOUND,1,24305,14452,1,8927
40283,FOUND,1,19865,14213,1,8928
40274,FOUND,1,19856,14213,1,8929
40260,FOUND,1,19842,14206,1,8930
40312,FOUND,1,19893,14234,1,8931
39899,FOUND,1,19488,14148,1,8932
40249,FOUND,1,19831,14197,1,8933
40261,FOUND,1,19843,14148,1,8934
40313,FOUND,1,19894,14205,1,8935
40239,FOUND,1,19821,14191,1,8936
40262,FOUND,1,19844,14207,1,8937
40251,FOUND,1,19833,14197,1,8938
40246,FOUND,1,19828,14191,1,8939
40265,FOUND,1,19847,14208,1,8940
40310,FOUND,1,19891,14236,1,8941
40311,FOUND,1,19892,14207,1,8942
40241,FOUND,1,19823,14193,1,8943
40308,FOUND,1,19889,14234,1,8944
40248,FOUND,1,19830,14196,1,8945
60654,FOUND,1,26838,9707,1,8946
46850,FOUND,1,25105,13286,1,8947
61110,FOUND,1,29431,26512,1,8948
61601,NOT_FOUND,0,,,1,8949
61730,FOUND,1,29953,26645,1,8950
47320,FOUND,1,25434,13298,1,8951
61073,FOUND,1,29359,26460,1,8952
46840,FOUND,1,25095,13285,1,8953
61649,NOT_FOUND,0,,,1,8954
60017,FOUND,1,26468,26410,1,8955
61648,NOT_FOUND,0,,,1,8956
27642,FOUND,1,12279,20850,1,8957
36313,FOUND,1,16409,20850,1,8958
27655,FOUND,1,12292,20855,1,8959
35957,FOUND,1,16053,21487,1,8960
35993,FOUND,1,16089,21498,1,8961
35994,FOUND,1,16090,21498,1,8962
40322,FOUND,1,19903,12946,1,8963
45839,FOUND,1,24328,14459,1,8964
47391,FOUND,1,29245,13301,1,8965
23656,FOUND,1,9533,12157,1,8966
23877,FOUND,1,9742,12157,1,8967
22545,FOUND,1,8490,12157,1,8968
25931,FOUND,1,29167,20629,1,8969
27563,FOUND,1,12200,20826,1,8970
17344,FOUND,1,4559,20500,1,8971
37560,FOUND,1,17455,21681,1,8972
37561,FOUND,1,17456,21681,1,8973
13728,FOUND,1,1205,12157,1,8974
17840,FOUND,1,4938,20558,1,8975
17844,FOUND,1,4941,20558,1,8976
14497,FOUND,1,1942,12157,1,8977
16354,FOUND,1,3732,12157,1,8978
23835,FOUND,1,9700,12157,1,8979
23870,FOUND,1,9735,12157,1,8980
17268,FOUND,1,4508,20489,1,8981
40507,FOUND,1,20033,14318,1,8982
36317,FOUND,1,16413,20489,1,8983
23986,FOUND,1,9851,12157,1,8984
25810,FOUND,1,10511,26410,1,8985
17662,FOUND,1,4826,26079,1,8986
15875,FOUND,1,3256,12157,1,8987
15947,FOUND,1,3327,12157,1,8988
37322,FOUND,1,17219,26245,1,8989
26409,FOUND,1,11052,12157,1,8990
26771,FOUND,1,11409,12157,1,8991
38345,FOUND,1,18175,21612,1,8992
38288,FOUND,1,18118,20896,1,8993
34051,FOUND,1,14213,20903,1,8994
36002,FOUND,1,16098,21500,1,8995
34038,FOUND,1,14206,20895,1,8996
15295,FOUND,1,2682,12157,1,8997
21450,FOUND,1,7433,22866,1,8998
16542,FOUND,1,3899,22621,1,9000
21379,FOUND,1,7363,23551,1,9001
18085,FOUND,1,5154,22670,1,9002
21470,FOUND,1,7453,22621,1,9003
19849,FOUND,1,6036,22655,1,9004
21084,FOUND,1,7075,23529,1,9005
21437,FOUND,1,7420,23551,1,9006
19762,FOUND,1,5967,23035,1,9007
21494,FOUND,1,7477,23035,1,9008
21113,FOUND,1,7102,22670,1,9009
21471,FOUND,1,7454,22788,1,9010
21059,FOUND,1,7050,23519,1,9011
21456,FOUND,1,7439,22800,1,9012
15725,FOUND,1,3107,12157,1,9013
28034,FOUND,1,12595,12157,1,9014
14394,FOUND,1,1839,12157,1,9015
30844,FOUND,1,12718,12157,1,9016
27750,FOUND,1,12385,26390,1,9017
17228,FOUND,1,4475,26388,1,9018
37955,FOUND,1,17788,26389,1,9019
32960,NOT_FOUND,0,,,1,9020
44209,FOUND,1,22981,12157,1,9021
17405,FOUND,1,4599,26369,1,9022
16108,FOUND,1,3487,12157,1,9023
38087,FOUND,1,17920,26373,1,9024
27795,FOUND,1,12428,26391,1,9025
27718,FOUND,1,12355,26372,1,9026
14305,FOUND,1,1750,12157,1,9027
27302,FOUND,1,11939,26389,1,9028
37956,FOUND,1,17789,26388,1,9029
13112,FOUND,1,606,12157,1,9030
12910,FOUND,1,413,12157,1,9031
18634,FOUND,1,5532,12157,1,9032
38978,FOUND,1,18785,12157,1,9033
13604,FOUND,1,1081,12157,1,9034
15283,FOUND,1,2670,12157,1,9035
13252,FOUND,1,737,12157,1,9036
23423,FOUND,1,9310,12157,1,9037
44222,FOUND,1,22994,12157,1,9038
13677,FOUND,1,1154,12157,1,9039
37404,FOUND,1,17300,26316,1,9040
14646,FOUND,1,2088,12157,1,9041
23054,FOUND,1,8961,12157,1,9042
13731,FOUND,1,1208,12157,1,9043
16294,FOUND,1,3672,12157,1,9044
27242,FOUND,1,11879,12157,1,9045
37402,FOUND,1,17298,26317,1,9046
34164,FOUND,1,14303,12157,1,9047
17512,FOUND,1,4691,26309,1,9048
27400,FOUND,1,12037,26277,1,9049
63096,FOUND,1,30216,26684,1,9050
13178,FOUND,1,670,12157,1,9051
15509,FOUND,1,2892,12157,1,9052
13596,FOUND,1,1073,12157,1,9053
13285,FOUND,1,770,12157,1,9054
15844,FOUND,1,3225,12157,1,9055
13868,FOUND,1,1325,12157,1,9056
17646,FOUND,1,4813,26082,1,9057
17911,FOUND,1,4997,26080,1,9058
25859,FOUND,1,10560,26075,1,9059
22725,FOUND,1,8670,12157,1,9060
13369,FOUND,1,848,12157,1,9061
17575,FOUND,1,4748,26083,1,9062
17585,FOUND,1,4758,26084,1,9063
17681,FOUND,1,4837,26081,1,9064
15103,FOUND,1,2504,26079,1,9065
17571,FOUND,1,4744,26082,1,9066
15120,FOUND,1,2518,26080,1,9067
26446,FOUND,1,11089,26078,1,9068
17587,FOUND,1,4760,26081,1,9069
25959,FOUND,1,10657,26078,1,9070
25971,FOUND,1,10669,26176,1,9071
12966,FOUND,1,29152,26076,1,9072
26272,FOUND,1,10917,12157,1,9073
26043,FOUND,1,10740,26172,1,9074
37125,FOUND,1,17036,21545,1,9075
35962,FOUND,1,16058,20339,1,9076
27359,FOUND,1,11996,20247,1,9077
23563,FOUND,1,9442,12157,1,9078
14750,FOUND,1,2182,12157,1,9079
31876,NOT_FOUND,0,,,1,9080
22664,FOUND,1,8609,12157,1,9081
14163,FOUND,1,1616,12157,1,9082
13681,FOUND,1,1158,12157,1,9083
39801,FOUND,1,19392,12803,1,9084
37313,FOUND,1,17210,21633,1,9085
38346,FOUND,1,18176,20903,1,9086
34037,FOUND,1,14205,20896,1,9087
38274,FOUND,1,18105,21537,1,9088
38296,FOUND,1,18126,21768,1,9089
38277,FOUND,1,18108,21761,1,9090
36030,FOUND,1,16126,21510,1,9091
26293,FOUND,1,10938,12157,1,9092
37127,FOUND,1,17038,21612,1,9093
38297,FOUND,1,18127,21768,1,9094
15857,FOUND,1,3238,12157,1,9095
18069,FOUND,1,5138,22655,1,9096
19153,FOUND,1,5600,22819,1,9097
21060,FOUND,1,7051,23520,1,9098
19156,FOUND,1,5603,22821,1,9099
21402,FOUND,1,7386,22821,1,9100
63219,FOUND,1,30317,26684,1,9101
19361,FOUND,1,5756,22852,1,9102
19853,FOUND,1,6040,22867,1,9103
19315,FOUND,1,5710,22735,1,9104
18942,FOUND,1,27111,22800,1,9105
21075,FOUND,1,7066,23529,1,9106
19697,FOUND,1,5935,23014,1,9107
26602,FOUND,1,11244,12157,1,9108
14730,FOUND,1,2165,26390,1,9109
26228,FOUND,1,10876,12157,1,9110
30835,FOUND,1,12709,12157,1,9111
27835,FOUND,1,12467,26392,1,9112
16859,FOUND,1,4175,20400,1,9113
14353,FOUND,1,1798,12157,1,9114
22494,FOUND,1,8439,12157,1,9115
23778,FOUND,1,9644,12157,1,9116
26192,NOT_FOUND,0,,,1,9117
17936,FOUND,1,5018,12157,1,9118
45844,FOUND,1,24333,14456,1,9119
45830,FOUND,1,24319,14456,1,9120
40271,FOUND,1,19853,14145,1,9121
39507,FOUND,1,28314,12710,1,9122
61285,FOUND,1,29597,26578,1,9123
39484,FOUND,1,27769,12709,1,9124
61651,NOT_FOUND,0,,,1,9125
39511,FOUND,1,19189,12713,1,9126
61652,NOT_FOUND,0,,,1,9127
47314,FOUND,1,25428,13295,1,9128
61592,NOT_FOUND,0,,,1,9129
60361,FOUND,1,27440,13378,1,9130
61660,NOT_FOUND,0,,,1,9131
60167,FOUND,1,28366,13323,1,9132
47394,FOUND,1,25501,13302,1,9133
60359,FOUND,1,29260,13378,1,9134
60347,FOUND,1,27437,13372,1,9135
47389,FOUND,1,25497,13300,1,9136
47395,FOUND,1,25502,13302,1,9137
60543,FOUND,1,28255,13389,1,9138
42761,FOUND,1,21857,25542,1,9139
15760,FOUND,1,3142,12157,1,9140
60575,FOUND,1,26790,26410,1,9141
45840,FOUND,1,24329,14464,1,9142
45845,FOUND,1,24334,14464,1,9143
45838,FOUND,1,24327,14463,1,9144
45832,FOUND,1,24321,14458,1,9145
45831,FOUND,1,24320,14457,1,9146
45827,FOUND,1,24316,14454,1,9147
45836,FOUND,1,24325,14461,1,9148
45856,FOUND,1,24345,14473,1,9149
45854,FOUND,1,24343,14471,1,9150
61718,NOT_FOUND,0,,,1,9151
46430,FOUND,1,28125,13274,1,9152
61721,NOT_FOUND,0,,,1,9153
60288,FOUND,1,28206,13366,1,9154
61288,FOUND,1,29600,26578,1,9155
46427,FOUND,1,24713,13272,1,9156
47402,FOUND,1,25509,13306,1,9157
60205,FOUND,1,26576,13340,1,9158
61717,NOT_FOUND,0,,,1,9159
60214,FOUND,1,26585,13345,1,9160
61287,FOUND,1,29599,26578,1,9161
60339,FOUND,1,26675,13368,1,9162
47482,FOUND,1,25572,13308,1,9163
60440,FOUND,1,26703,13382,1,9164
61719,NOT_FOUND,0,,,1,9165
46431,FOUND,1,27397,13274,1,9166
47401,FOUND,1,25508,13305,1,9167
60276,FOUND,1,28196,13360,1,9168
61720,NOT_FOUND,0,,,1,9169
60160,FOUND,1,28359,13316,1,9170
60713,FOUND,1,26897,13393,1,9171
60284,FOUND,1,28202,13364,1,9172
46282,FOUND,1,24589,13203,1,9173
60161,FOUND,1,28360,13320,1,9174
60846,FOUND,1,26994,26410,1,9175
46446,FOUND,1,27405,13281,1,9176
60709,FOUND,1,26893,13391,1,9177
60274,FOUND,1,28194,13359,1,9178
46314,FOUND,1,24621,13219,1,9179
60285,FOUND,1,28203,13364,1,9180
63093,FOUND,1,30210,26684,1,9181
46015,FOUND,1,24362,14480,1,9182
60949,FOUND,1,27064,13416,1,9183
63297,FOUND,1,30358,26684,1,9184
46283,FOUND,1,24590,13203,1,9185
60220,FOUND,1,26591,13348,1,9186
46295,FOUND,1,24602,13209,1,9187
60221,FOUND,1,26592,13348,1,9188
46289,FOUND,1,24596,13206,1,9189
60219,FOUND,1,26590,13347,1,9190
60710,FOUND,1,26894,13391,1,9191
60218,FOUND,1,26589,13347,1,9192
60644,FOUND,1,26830,26410,1,9193
41470,FOUND,1,20808,22508,1,9194
63107,FOUND,1,30238,26684,1,9195
23515,FOUND,1,9400,12157,1,9196
46042,FOUND,1,27393,14497,1,9197
46004,FOUND,1,24351,14476,1,9198
12806,FOUND,1,312,12157,1,9199
14586,FOUND,1,2031,12157,1,9200
46008,FOUND,1,24355,14480,1,9201
61240,FOUND,1,29567,26573,1,9202
46123,FOUND,1,24450,22615,1,9203
61238,FOUND,1,29565,26572,1,9204
41790,FOUND,1,21122,22551,1,9205
61791,NOT_FOUND,0,,,1,9206
41606,FOUND,1,20943,22529,1,9207
61780,NOT_FOUND,0,,,1,9208
33434,FOUND,1,13678,22452,1,9209
61219,FOUND,1,29546,26563,1,9210
40219,FOUND,1,19801,22487,1,9211
60646,FOUND,1,26832,26410,1,9212
46030,FOUND,1,24377,14491,1,9213
13042,FOUND,1,536,12157,1,9214
46007,FOUND,1,24354,14479,1,9215
46021,FOUND,1,24368,14476,1,9216
46018,FOUND,1,24365,14485,1,9217
46020,FOUND,1,24367,14486,1,9218
46014,FOUND,1,24361,14483,1,9219
46011,FOUND,1,24358,14482,1,9220
46010,FOUND,1,24357,14482,1,9221
46012,FOUND,1,24359,14483,1,9222
46022,FOUND,1,24369,14486,1,9223
46023,FOUND,1,24370,14485,1,9224
46017,FOUND,1,24364,14481,1,9225
41607,FOUND,1,20944,26410,1,9226
61255,FOUND,1,29611,26583,1,9227
42682,FOUND,1,21788,22581,1,9228
61239,FOUND,1,29566,26573,1,9229
41650,FOUND,1,20986,22550,1,9230
46127,FOUND,1,24454,22617,1,9231
61251,FOUND,1,29607,26581,1,9232
41610,FOUND,1,20946,22530,1,9233
61260,FOUND,1,29616,26585,1,9234
33451,FOUND,1,13694,22462,1,9235
61220,FOUND,1,29547,26563,1,9236
42674,FOUND,1,21780,22577,1,9237
61617,NOT_FOUND,0,,,1,9238
63104,FOUND,1,30232,26684,1,9239
60098,FOUND,1,26529,14612,1,9240
46981,FOUND,1,25231,14546,1,9241
46675,FOUND,1,24941,14522,1,9242
46978,FOUND,1,25228,14534,1,9243
46027,FOUND,1,24374,14489,1,9244
46980,FOUND,1,25230,14545,1,9245
33452,FOUND,1,13695,22460,1,9246
61253,FOUND,1,29609,26582,1,9247
42672,FOUND,1,21778,22576,1,9248
61268,FOUND,1,29624,26589,1,9249
61217,FOUND,1,29544,26562,1,9250
42669,FOUND,1,21775,22574,1,9251
61272,FOUND,1,29628,26591,1,9252
41637,FOUND,1,20973,22543,1,9253
61254,FOUND,1,29610,26582,1,9254
41759,FOUND,1,21095,22552,1,9255
61289,FOUND,1,29601,26578,1,9256
41497,FOUND,1,20834,22523,1,9257
61609,NOT_FOUND,0,,,1,9258
41800,FOUND,1,21131,22529,1,9259
61273,FOUND,1,29629,26592,1,9260
40973,FOUND,1,20336,22492,1,9261
61261,FOUND,1,29617,26586,1,9262
63103,FOUND,1,30230,26684,2,9263
59965,FOUND,1,26427,14598,1,9264
40232,FOUND,1,19814,22488,1,9265
61271,FOUND,1,29627,26591,1,9266
40224,FOUND,1,19806,22487,1,9267
61264,FOUND,1,29620,26587,1,9268
41617,FOUND,1,20953,22536,1,9269
61262,FOUND,1,29618,26586,1,9270
42688,FOUND,1,27696,22584,1,9271
61266,FOUND,1,29622,26588,1,9272
33441,FOUND,1,13684,22456,1,9273
63257,FOUND,1,30343,26684,1,9274
41801,FOUND,1,21132,22550,1,9275
61274,FOUND,1,29630,26592,1,9276
41799,FOUND,1,21130,22558,1,9277
61265,FOUND,1,29621,26588,1,9278
40223,FOUND,1,19805,22481,1,9279
61263,FOUND,1,29619,26587,1,9280
40222,FOUND,1,19804,22486,1,9281
62026,NOT_FOUND,0,,,1,9282
60090,FOUND,1,26521,14612,1,9283
40215,FOUND,1,19797,22486,1,9284
62032,NOT_FOUND,0,,,1,9285
40051,FOUND,1,19634,22481,1,9286
61775,NOT_FOUND,0,,,1,9287
19995,FOUND,1,6178,21831,1,9289
33450,FOUND,1,13693,22461,1,9290
60776,FOUND,1,26924,13396,1,9291
41839,FOUND,1,21168,22552,1,9292
61234,FOUND,1,29561,26570,1,9293
46233,FOUND,1,24548,22618,1,9294
61216,FOUND,1,29543,26561,1,9295
40062,FOUND,1,19645,22478,1,9296
61075,FOUND,1,29402,26494,1,9297
40218,FOUND,1,19800,22475,1,9298
61233,FOUND,1,29560,26570,1,9299
40049,FOUND,1,19632,22480,1,9300
61777,NOT_FOUND,0,,,1,9301
40050,FOUND,1,19633,22480,1,9302
61215,FOUND,1,29542,26561,1,9303
42670,FOUND,1,21776,22464,1,9304
61245,FOUND,1,29572,26576,1,9305
40038,FOUND,1,19621,22475,1,9306
60655,FOUND,1,26839,24405,1,9307
40046,FOUND,1,19629,22478,1,9308
61074,FOUND,1,29401,26492,1,9309
42666,FOUND,1,21772,22573,1,9310
61246,FOUND,1,29573,26576,1,9311
40044,FOUND,1,19627,22477,1,9312
61776,NOT_FOUND,0,,,1,9313
40233,FOUND,1,19815,22477,1,9314
61243,FOUND,1,29570,26575,1,9315
40082,FOUND,1,19665,12754,1,9316
62027,NOT_FOUND,0,,,1,9317
42680,FOUND,1,21786,22580,1,9318
61231,FOUND,1,29558,26569,1,9319
42667,FOUND,1,21773,22573,1,9320
61224,FOUND,1,29551,26565,1,9321
39626,FOUND,1,27257,12754,1,9322
61226,FOUND,1,29553,26566,1,9323
40093,FOUND,1,19676,12855,1,9324
47936,FOUND,1,25810,22029,1,9325
59427,FOUND,1,26071,22028,1,9326
63247,FOUND,1,30319,26684,1,9327
39249,FOUND,1,18997,22470,1,9328
63246,FOUND,1,30318,26684,1,9329
39449,FOUND,1,19136,12683,1,9330
61203,FOUND,1,29530,26555,1,9331
40111,FOUND,1,19694,12891,1,9332
63254,FOUND,1,30337,26684,1,9333
41494,FOUND,1,20831,22522,1,9334
63250,FOUND,1,30328,26684,1,9335
39618,FOUND,1,19286,12749,1,9336
63251,FOUND,1,30330,26684,1,9337
60155,FOUND,1,29255,13317,1,9338
63255,FOUND,1,30339,26684,1,9339
60163,FOUND,1,28362,13321,1,9340
63249,FOUND,1,30326,26684,1,9341
60146,FOUND,1,29246,13310,1,9342
63256,FOUND,1,30341,26684,1,9343
60147,FOUND,1,29247,13310,1,9344
63097,FOUND,1,30218,26684,1,9345
63248,FOUND,1,30323,26684,1,9346
60149,FOUND,1,29249,13312,1,9347
63252,FOUND,1,30333,26684,1,9348
60171,FOUND,1,28370,13325,1,9349
61222,FOUND,1,29549,26564,1,9350
60287,FOUND,1,28205,13365,1,9351
61211,FOUND,1,29538,26559,1,9352
60275,FOUND,1,28195,13360,1,9353
61210,FOUND,1,29537,26558,1,9354
60286,FOUND,1,28204,13365,1,9355
60781,FOUND,1,26929,13396,1,9356
60438,FOUND,1,26701,13381,1,9357
37071,FOUND,1,16982,26410,1,9358
34235,FOUND,1,14374,17136,1,9359
37074,FOUND,1,16985,26410,1,9360
37081,FOUND,1,16992,26410,1,9361
22763,FOUND,1,8706,12157,1,9362
60096,FOUND,1,26527,14611,1,9363
32973,NOT_FOUND,0,,,1,9364
17313,FOUND,1,4540,20495,1,9365
26805,FOUND,1,11443,20495,1,9366
45208,FOUND,1,23851,12157,1,9367
16036,FOUND,1,3416,12157,1,9368
26981,FOUND,1,11619,20667,1,9369
27827,FOUND,1,12459,20667,1,9370
22765,FOUND,1,8708,12157,1,9371
17030,FOUND,1,4319,20434,1,9372
27326,FOUND,1,11963,20434,1,9373
17008,FOUND,1,4298,20422,1,9374
12935,FOUND,1,435,12157,1,9375
27257,FOUND,1,11894,20739,1,9376
34151,FOUND,1,14292,12157,1,9377
22710,FOUND,1,8655,12157,1,9378
27234,FOUND,1,11871,20704,1,9379
27709,FOUND,1,12346,25775,1,9380
15200,FOUND,1,2590,12157,1,9381
27641,FOUND,1,12278,20849,1,9382
14006,FOUND,1,1461,12157,1,9383
27049,FOUND,1,11687,12157,1,9384
27556,FOUND,1,12193,20822,1,9385
13679,FOUND,1,1156,12157,1,9386
38004,FOUND,1,17837,20915,1,9387
16150,FOUND,1,3529,12157,1,9388
12858,FOUND,1,363,12157,1,9389
16154,FOUND,1,3533,12157,1,9390
26871,FOUND,1,11509,12157,1,9391
27092,FOUND,1,11729,12157,1,9392
38001,FOUND,1,17834,21070,1,9393
12948,FOUND,1,448,12157,1,9394
38002,FOUND,1,17835,20931,1,9395
14657,FOUND,1,2099,12157,1,9396
16483,FOUND,1,3861,12157,1,9397
18042,FOUND,1,5111,20586,1,9398
17722,FOUND,1,4874,20550,1,9399
17356,FOUND,1,4567,20503,1,9400
17812,FOUND,1,4924,20503,1,9401
18635,FOUND,1,5533,12157,1,9402
16253,FOUND,1,3631,12157,1,9403
12936,FOUND,1,436,12157,1,9404
18213,FOUND,1,5280,12157,1,9405
22471,FOUND,1,8416,12157,1,9406
31880,NOT_FOUND,0,,,1,9407
15561,FOUND,1,2943,12157,1,9408
45650,FOUND,1,24180,12157,1,9409
13094,FOUND,1,588,12157,1,9410
13029,FOUND,1,29128,19583,1,9411
23612,FOUND,1,9491,12157,1,9412
26024,FOUND,1,10721,25787,1,9413
13097,FOUND,1,591,12157,1,9414
14144,FOUND,1,1597,12157,1,9415
15931,FOUND,1,3311,12157,1,9416
13061,FOUND,1,555,12157,1,9417
15594,FOUND,1,2976,12157,1,9418
15245,FOUND,1,2634,12157,1,9419
37496,FOUND,1,17392,21243,1,9420
15743,FOUND,1,3125,12157,1,9421
15708,FOUND,1,3090,12157,1,9422
15978,FOUND,1,3358,12157,1,9423
15469,FOUND,1,2853,12157,1,9424
37566,FOUND,1,17461,21685,1,9425
20474,FOUND,1,6559,12157,1,9426
16207,FOUND,1,3585,12157,1,9427
14747,FOUND,1,2179,25814,1,9428
12887,FOUND,1,390,12157,1,9429
16498,FOUND,1,3874,20354,1,9430
45702,FOUND,1,24206,12157,1,9431
14411,FOUND,1,1856,12157,1,9432
13188,FOUND,1,680,12157,1,9433
37497,FOUND,1,17393,21670,1,9434
13684,FOUND,1,1161,12157,1,9435
18369,FOUND,1,5429,12157,1,9436
15663,FOUND,1,3045,12157,1,9437
23589,FOUND,1,9468,12157,1,9438
16008,FOUND,1,3388,12157,1,9439
14681,FOUND,1,2121,12157,1,9440
37479,FOUND,1,17375,21385,1,9441
36329,FOUND,1,16425,20565,1,9442
27717,FOUND,1,12354,20867,1,9443
36319,FOUND,1,16415,20869,1,9444
27731,FOUND,1,12368,20869,1,9445
44224,FOUND,1,22996,12157,1,9446
27654,FOUND,1,12291,20839,1,9447
37821,FOUND,1,17655,21710,1,9448
37934,FOUND,1,17767,21733,1,9449
37933,FOUND,1,17766,21733,1,9450
37820,FOUND,1,17654,20987,1,9451
16321,FOUND,1,3699,12157,1,9452
16315,FOUND,1,3693,12157,1,9453
17224,FOUND,1,4472,20480,1,9454
16330,FOUND,1,3708,12157,1,9455
15961,FOUND,1,3341,12157,1,9456
12896,FOUND,1,399,12157,1,9457
16519,FOUND,1,3879,12157,1,9458
15413,FOUND,1,2797,12157,1,9459
27330,FOUND,1,11967,25829,1,9460
14904,FOUND,1,2328,25828,1,9461
16981,FOUND,1,4278,25828,1,9462
15785,FOUND,1,3167,25827,1,9463
25926,FOUND,1,29132,25826,1,9464
16728,FOUND,1,4056,25833,1,9465
15055,FOUND,1,2463,12157,1,9466
22860,FOUND,1,8802,12157,1,9467
37971,FOUND,1,17804,21399,1,9468
16771,FOUND,1,4097,20391,1,9469
45373,NOT_FOUND,0,,,1,9470
17763,FOUND,1,4903,20552,1,9471
17922,FOUND,1,5005,20505,1,9472
17362,FOUND,1,4573,20505,1,9473
23165,FOUND,1,9067,12157,1,9474
26879,FOUND,1,11517,12157,1,9475
22503,FOUND,1,8448,12157,1,9476
23619,FOUND,1,9498,12157,1,9477
15841,FOUND,1,3222,12157,1,9478
32899,NOT_FOUND,0,,,1,9479
15039,FOUND,1,2448,20313,1,9480
18045,FOUND,1,5114,25805,1,9481
17393,FOUND,1,4590,25809,1,9482
20288,FOUND,1,6395,23225,1,9483
20313,FOUND,1,6418,23150,1,9484
20629,FOUND,1,6707,23339,1,9485
20643,FOUND,1,6721,23342,1,9486
19666,FOUND,1,5906,22994,1,9487
20286,FOUND,1,6393,23224,1,9488
20296,FOUND,1,6402,23151,1,9489
20624,FOUND,1,6702,23228,1,9490
20636,FOUND,1,6714,23344,1,9491
20174,FOUND,1,6295,23189,1,9492
20224,FOUND,1,6341,23209,1,9493
20626,FOUND,1,6704,23227,1,9494
20645,FOUND,1,6723,23229,1,9495
20243,FOUND,1,6360,22656,1,9496
20653,FOUND,1,6731,22934,1,9497
63100,FOUND,1,30224,26684,1,9498
19642,FOUND,1,5888,22987,1,9499
20282,FOUND,1,6390,23209,1,9500
20304,FOUND,1,6409,23228,1,9501
18070,FOUND,1,5139,22656,1,9502
20326,FOUND,1,6430,22994,1,9503
27387,FOUND,1,12024,20772,1,9504
22767,FOUND,1,8710,12157,1,9505
15605,FOUND,1,2987,12157,1,9506
34176,FOUND,1,14315,12157,1,9507
34734,FOUND,1,14842,21137,1,9508
30877,FOUND,1,12751,12157,1,9509
34726,FOUND,1,14834,21132,1,9510
23640,FOUND,1,9517,12157,1,9511
12802,FOUND,1,308,12157,1,9512
40506,FOUND,1,20032,14318,1,9513
13382,FOUND,1,861,12157,1,9514
32895,NOT_FOUND,0,,,1,9515
23153,FOUND,1,9057,12157,1,9516
19965,FOUND,1,6150,12157,1,9517
36024,FOUND,1,16120,21506,1,9518
17607,FOUND,1,4779,12157,1,9519
38326,FOUND,1,18156,21782,1,9520
38327,FOUND,1,18157,21783,1,9521
26877,FOUND,1,11515,12157,1,9522
39034,FOUND,1,18825,12157,1,9523
15930,FOUND,1,3310,12157,1,9524
19963,FOUND,1,6148,12157,1,9525
45383,NOT_FOUND,0,,,1,9526
26090,FOUND,1,10785,20646,1,9527
40514,FOUND,1,20040,14196,1,9528
16552,FOUND,1,3909,12157,1,9529
13114,FOUND,1,608,12157,1,9530
15587,FOUND,1,2969,12157,1,9531
23599,FOUND,1,9478,12157,1,9532
38382,FOUND,1,18212,21804,1,9533
37333,FOUND,1,17230,21506,1,9534
38378,FOUND,1,18208,21804,1,9535
38337,FOUND,1,18167,21783,1,9536
38990,FOUND,1,18797,12157,1,9537
22696,FOUND,1,8641,12157,1,9538
38379,FOUND,1,18209,21805,1,9539
34727,FOUND,1,14835,21103,1,9540
34749,FOUND,1,14857,21132,1,9541
27639,FOUND,1,12276,20848,1,9542
60765,NOT_FOUND,0,,,1,9543
22757,FOUND,1,8700,12157,1,9544
36743,FOUND,1,16787,26410,1,9545
36783,FOUND,1,16813,26410,1,9546
13216,FOUND,1,708,12157,1,9547
13312,FOUND,1,797,12157,1,9548
17980,FOUND,1,5052,12157,1,9549
22683,FOUND,1,8628,12157,1,9550
21610,FOUND,1,7592,23557,1,9551
19923,FOUND,1,6108,22986,1,9552
33826,FOUND,1,14050,22981,1,9553
33903,FOUND,1,14116,23698,1,9554
20327,FOUND,1,6431,23232,1,9555
20311,FOUND,1,6416,23229,1,9556
33885,FOUND,1,14102,23705,1,9557
20650,FOUND,1,6728,23053,1,9558
19647,FOUND,1,5893,22988,1,9559
33864,FOUND,1,14086,23702,1,9560
20324,FOUND,1,6428,23231,1,9561
20663,FOUND,1,6740,23350,1,9562
19177,FOUND,1,5624,22642,1,9563
33607,FOUND,1,13835,23350,1,9564
33840,FOUND,1,14063,23231,1,9565
60764,NOT_FOUND,0,,,1,9566
33891,FOUND,1,14108,22646,1,9567
27419,FOUND,1,12056,20784,1,9568
32929,NOT_FOUND,0,,,1,9569
23508,FOUND,1,9393,12157,1,9570
37182,FOUND,1,17089,12377,1,9571
61998,FOUND,1,29788,26645,1,9572
60344,FOUND,1,26680,13368,1,9573
61997,FOUND,1,29787,26645,1,9574
60215,FOUND,1,26586,13345,1,9575
47298,FOUND,1,28656,14594,1,9576
40414,FOUND,1,19949,12951,1,9577
47286,FOUND,1,28649,14587,1,9578
60350,FOUND,1,26684,13372,1,9579
47448,FOUND,1,25547,21892,1,9580
37187,FOUND,1,17094,12645,1,9581
47506,FOUND,1,25596,21905,1,9582
60352,FOUND,1,26686,13373,1,9583
47464,FOUND,1,25556,21894,1,9584
60342,FOUND,1,26678,13370,1,9585
47503,FOUND,1,25593,21890,1,9586
46443,FOUND,1,24720,13281,1,9587
63094,FOUND,1,30212,26684,1,9588
47511,FOUND,1,25601,21903,1,9589
46456,FOUND,1,27408,12643,1,9590
47516,FOUND,1,25606,21892,1,9591
33875,FOUND,1,14094,23706,1,9592
33853,FOUND,1,14075,23702,1,9593
33869,FOUND,1,27739,23707,1,9594
33867,FOUND,1,27738,23695,1,9595
13372,FOUND,1,851,12157,1,9596
23604,FOUND,1,9483,12157,1,9597
47129,FOUND,1,25378,12157,1,9598
26976,FOUND,1,11614,12157,1,9599
13137,FOUND,1,631,12157,1,9600
14519,FOUND,1,1964,12157,1,9601
14162,FOUND,1,1615,12157,1,9602
14058,FOUND,1,1512,12157,1,9603
23685,FOUND,1,9562,12157,1,9604
63101,FOUND,1,30226,26684,2,9605
25924,FOUND,1,10625,20627,1,9606
25964,FOUND,1,10662,20627,1,9607
15495,FOUND,1,2878,12157,1,9608
23514,FOUND,1,9399,12157,1,9609
36299,FOUND,1,16395,20515,1,9610
17409,FOUND,1,4603,20515,1,9611
45357,NOT_FOUND,0,,,1,9612
14160,FOUND,1,1613,12157,1,9613
17897,FOUND,1,4985,20569,1,9614
27832,FOUND,1,12464,20569,1,9615
60223,FOUND,1,26594,13349,1,9616
47512,FOUND,1,25602,26410,1,9617
60224,FOUND,1,26595,13349,1,9618
47453,FOUND,1,25551,21894,1,9619
60233,FOUND,1,26604,13354,1,9620
47446,FOUND,1,25545,21890,1,9621
60772,NOT_FOUND,0,,,1,9622
17915,FOUND,1,5001,20572,1,9623
60270,FOUND,1,28190,13357,1,9624
47429,FOUND,1,25528,21879,1,9625
46438,FOUND,1,27399,13280,1,9626
47504,FOUND,1,25594,21903,1,9627
43051,FOUND,1,22120,22592,1,9628
47517,FOUND,1,25607,21906,1,9629
41482,FOUND,1,20820,22517,1,9630
47467,FOUND,1,25559,21899,1,9631
43056,FOUND,1,22125,22517,1,9632
47527,FOUND,1,25617,21910,1,9633
43068,FOUND,1,22137,22603,1,9634
47430,FOUND,1,25529,21880,1,9635
40974,FOUND,1,20337,22493,1,9636
47521,FOUND,1,25611,21911,1,9637
40980,FOUND,1,20343,22497,1,9638
47520,FOUND,1,25610,21910,1,9639
43052,FOUND,1,22121,22593,1,9640
60746,NOT_FOUND,0,,,1,9641
36027,FOUND,1,16123,21507,1,9642
37368,FOUND,1,17264,21642,1,9643
47514,FOUND,1,25604,21909,1,9644
43050,FOUND,1,22119,22592,1,9645
47508,FOUND,1,25598,21906,1,9646
47531,FOUND,1,25621,21912,1,9647
43078,FOUND,1,22147,22593,1,9648
47379,FOUND,1,25487,21860,1,9649
43044,FOUND,1,22113,22588,1,9650
47525,FOUND,1,25615,21911,1,9651
43117,FOUND,1,22185,22602,1,9652
47522,FOUND,1,25612,21895,1,9653
43067,FOUND,1,22136,22603,1,9654
47377,FOUND,1,25485,21860,1,9655
41797,FOUND,1,21128,22545,1,9656
47421,FOUND,1,25520,21876,1,9657
40979,FOUND,1,20342,22494,1,9658
47437,FOUND,1,25536,21884,1,9659
60751,NOT_FOUND,0,,,1,9660
43120,FOUND,1,22188,22612,1,9661
47518,FOUND,1,25608,21904,1,9662
43075,FOUND,1,22144,22601,1,9663
47407,FOUND,1,25514,21867,1,9664
43049,FOUND,1,22118,22591,1,9665
47505,FOUND,1,25595,21904,1,9666
43048,FOUND,1,22117,22591,1,9667
47436,FOUND,1,25535,21884,1,9668
43066,FOUND,1,22135,22602,1,9669
47473,FOUND,1,25565,21899,1,9670
39792,FOUND,1,19383,12799,1,9671
47468,FOUND,1,25560,21900,1,9672
39987,FOUND,1,19574,12874,1,9673
47477,FOUND,1,28413,21901,1,9674
39787,FOUND,1,19378,12781,1,9675
47434,FOUND,1,25533,21866,1,9676
13957,FOUND,1,1413,12157,1,9677
27566,FOUND,1,12203,20828,1,9678
39786,FOUND,1,19377,12797,1,9679
47479,FOUND,1,25570,21900,1,9680
39752,FOUND,1,27302,12786,1,9681
47553,FOUND,1,25633,26410,1,9682
39733,FOUND,1,19349,12775,1,9683
47605,FOUND,1,25678,21853,1,9684
39785,FOUND,1,19376,12797,1,9685
47552,NOT_FOUND,0,,,1,9686
39794,FOUND,1,19385,12800,1,9687
47469,FOUND,1,25561,26410,1,9688
39972,FOUND,1,19559,12871,1,9689
47471,FOUND,1,25563,21867,1,9690
39795,FOUND,1,19386,12780,1,9691
47546,NOT_FOUND,0,,,1,9692
15722,FOUND,1,3104,12157,1,9693
14621,FOUND,1,2065,20272,1,9694
27214,FOUND,1,11851,20631,1,9695
27256,FOUND,1,11893,20555,1,9696
19975,FOUND,1,6159,20350,1,9697
39964,FOUND,1,19551,12869,1,9698
47600,FOUND,1,25673,26410,1,9699
39970,FOUND,1,19557,12869,1,9700
47563,FOUND,1,25641,26410,1,9701
39799,FOUND,1,19390,12779,1,9702
47549,NOT_FOUND,0,,,1,9703
43182,FOUND,1,22238,12799,1,9704
47585,FOUND,1,25658,26410,1,9705
39976,FOUND,1,19563,12874,1,9706
27111,FOUND,1,11748,20698,1,9708
42604,FOUND,1,21713,12157,1,9709
26341,FOUND,1,10986,20616,1,9710
14883,FOUND,1,2308,12157,1,9711
31855,NOT_FOUND,0,,,1,9712
16098,FOUND,1,3477,12157,1,9713
17133,FOUND,1,4397,20466,1,9714
34170,FOUND,1,14309,12157,1,9715
47579,FOUND,1,25653,26410,1,9716
39950,FOUND,1,19537,12760,1,9717
45465,FOUND,1,24001,25055,1,9718
43177,FOUND,1,22233,13124,1,9719
45484,FOUND,1,24020,25067,1,9720
43168,FOUND,1,22224,13119,1,9721
45464,FOUND,1,24000,25054,1,9722
39954,FOUND,1,19541,12864,1,9723
45483,FOUND,1,24019,25066,1,9724
39804,FOUND,1,19395,12806,1,9725
45486,FOUND,1,24022,25068,1,9726
39692,FOUND,1,19332,12760,1,9727
18205,FOUND,1,5272,12157,1,9728
37462,FOUND,1,17358,21660,1,9729
37464,FOUND,1,17360,21660,1,9730
30898,FOUND,1,12772,26410,1,9731
13707,FOUND,1,1184,12157,1,9732
31874,NOT_FOUND,0,,,1,9733
45455,FOUND,1,23991,25050,1,9734
39968,FOUND,1,19555,12865,1,9735
45471,FOUND,1,24007,25058,1,9736
43561,FOUND,1,22585,13130,1,9737
45467,FOUND,1,24003,25056,1,9738
39797,FOUND,1,19388,12802,1,9739
45473,FOUND,1,24009,25059,1,9740
39952,FOUND,1,19539,12862,1,9741
45476,FOUND,1,24012,25059,1,9742
39803,FOUND,1,19394,12805,1,9743
45459,FOUND,1,23995,25052,1,9744
39759,FOUND,1,19356,12790,1,9745
47294,FOUND,1,28654,14592,1,9746
39903,FOUND,1,19492,12838,1,9747
63095,FOUND,1,30214,26684,1,9748
60758,NOT_FOUND,0,,,1,9749
17778,FOUND,1,4916,20555,1,9750
27042,FOUND,1,11680,20539,1,9751
27321,FOUND,1,11958,20240,1,9752
47295,FOUND,1,28655,14593,1,9753
39956,FOUND,1,19543,12862,1,9754
47301,FOUND,1,28658,14593,1,9755
39815,FOUND,1,19406,12815,1,9756
47276,FOUND,1,28646,14583,1,9757
39990,FOUND,1,19577,12880,1,9758
47290,FOUND,1,25418,26410,1,9759
41795,FOUND,1,21126,22556,1,9760
47274,FOUND,1,28644,14584,1,9761
41804,FOUND,1,21135,22555,1,9762
47291,FOUND,1,28651,14589,1,9763
39980,FOUND,1,19567,12876,1,9764
47299,FOUND,1,28657,14594,1,9765
43173,FOUND,1,22229,13121,1,9766
47275,FOUND,1,28645,14585,1,9767
41614,FOUND,1,20950,22533,1,9768
17832,FOUND,1,4930,20556,1,9769
62023,FOUND,1,29813,26645,1,9770
43077,FOUND,1,22146,22606,1,9771
19832,FOUND,1,6022,23066,1,9772
43063,FOUND,1,22132,22522,1,9773
38460,FOUND,1,18286,21810,1,9774
33838,FOUND,1,14061,22465,1,9775
38470,FOUND,1,18296,21815,1,9776
41619,FOUND,1,20955,22533,1,9777
38466,FOUND,1,18292,21813,1,9778
41632,FOUND,1,20968,22523,1,9779
38463,FOUND,1,18289,21812,1,9780
42565,FOUND,1,21677,22571,1,9781
46544,FOUND,1,24812,12157,1,9782
40977,FOUND,1,20340,22496,1,9783
38458,FOUND,1,18284,21809,1,9784
41793,FOUND,1,21124,22557,1,9785
63091,FOUND,1,30206,26684,1,9786
15833,FOUND,1,3214,12157,1,9787
46548,FOUND,1,24816,12157,1,9788
41648,FOUND,1,20984,22548,1,9789
19791,FOUND,1,5981,22875,1,9790
41789,FOUND,1,21121,22549,1,9791
38456,FOUND,1,18282,21808,1,9792
41643,FOUND,1,20979,22546,1,9793
38459,FOUND,1,18285,21810,1,9794
43058,FOUND,1,22127,22598,1,9795
38457,FOUND,1,18283,21809,1,9796
41649,FOUND,1,20985,22549,1,9797
38467,FOUND,1,18293,21814,1,9798
40975,FOUND,1,20338,22494,1,9799
46682,FOUND,1,24947,13750,1,9800
43059,FOUND,1,22128,22599,1,9801
38455,FOUND,1,18281,21808,1,9802
40972,FOUND,1,20335,22491,1,9803
60754,NOT_FOUND,0,,,1,9804
60768,NOT_FOUND,0,,,1,9805
38477,FOUND,1,18303,21819,1,9806
41630,FOUND,1,20966,22539,1,9807
38468,FOUND,1,18294,21814,1,9808
41794,FOUND,1,21125,22557,1,9809
61967,FOUND,1,29757,26645,1,9810
40983,FOUND,1,20346,22498,1,9811
38454,FOUND,1,18280,26410,1,9812
61996,FOUND,1,29786,26645,1,9813
60152,FOUND,1,29252,13315,1,9814
61992,FOUND,1,29782,26645,1,9815
60289,FOUND,1,28207,13366,1,9816
61999,FOUND,1,29789,26645,1,9817
37180,FOUND,1,17087,12640,1,9818
38465,FOUND,1,18291,21813,1,9819
60715,FOUND,1,26899,13394,1,9820
63098,FOUND,1,30220,26684,1,9821
60766,NOT_FOUND,0,,,1,9822
27669,FOUND,1,12306,20863,1,9823
45680,NOT_FOUND,0,,,1,9824
44172,FOUND,1,22944,12157,1,9825
61994,FOUND,1,29784,26645,1,9826
60346,FOUND,1,26682,13371,1,9827
37065,FOUND,1,16976,26410,1,9828
37089,FOUND,1,17000,26410,1,9829
34201,FOUND,1,14340,17302,1,9830
34247,FOUND,1,14386,17314,1,9831
34187,FOUND,1,14326,17295,1,9832
34200,FOUND,1,14339,17298,1,9833
38806,FOUND,1,18613,12660,1,9834
37075,FOUND,1,16986,26410,1,9835
38805,FOUND,1,18612,12660,1,9836
37094,FOUND,1,17005,26410,1,9837
37076,FOUND,1,16987,26410,1,9838
34202,FOUND,1,14341,17303,1,9839
63092,FOUND,1,30208,26684,1,9840
60756,NOT_FOUND,0,,,1,9841
27114,FOUND,1,11751,20700,1,9842
27142,FOUND,1,11779,20700,1,9843
43151,FOUND,1,22209,17476,1,9844
23437,FOUND,1,9324,16732,1,9845
42453,FOUND,1,21619,14668,1,9846
43093,FOUND,1,22162,17459,1,9847
23381,FOUND,1,9274,16729,1,9848
42503,FOUND,1,21636,17452,1,9849
43150,FOUND,1,22208,17478,1,9850
13683,FOUND,1,1160,12157,1,9851
23706,FOUND,1,9583,12157,1,9852
15264,FOUND,1,2652,12157,1,9853
42495,FOUND,1,21635,17448,1,9854
63099,FOUND,1,30222,26684,2,9855
23819,FOUND,1,9684,12157,1,9856
23143,FOUND,1,29241,12157,1,9857
13117,FOUND,1,611,12157,1,9858
34731,FOUND,1,14839,21135,1,9859
14127,FOUND,1,1580,12157,1,9860
43091,FOUND,1,22160,17460,1,9861
45341,FOUND,1,23910,17820,1,9862
42575,FOUND,1,21686,17452,1,9863
42511,FOUND,1,21644,14740,1,9864
42467,FOUND,1,27996,17436,1,9865
45375,NOT_FOUND,0,,,1,9866
45182,FOUND,1,23828,26410,1,9867
42444,FOUND,1,21610,17419,1,9868
16372,FOUND,1,3750,12157,1,9869
11875,FOUND,1,92,12157,1,9870
13057,FOUND,1,551,12157,1,9871
13069,FOUND,1,563,12157,1,9872
34732,FOUND,1,14840,21136,1,9873
17318,FOUND,1,4543,20497,1,9874
23121,FOUND,1,9028,12157,1,9875
46202,FOUND,1,24526,12157,1,9876
37466,FOUND,1,17362,21662,1,9877
45181,FOUND,1,23827,17810,1,9878
42478,FOUND,1,28007,17440,1,9879
42466,FOUND,1,21632,17435,1,9880
42491,FOUND,1,28016,17435,1,9881
42451,FOUND,1,21617,17424,1,9882
42489,FOUND,1,28854,17421,1,9883
12746,FOUND,1,254,12157,1,9884
45165,FOUND,1,23811,17810,1,9885
22281,FOUND,1,8231,12157,1,9886
42463,FOUND,1,21629,17432,1,9887
43143,FOUND,1,22206,17479,1,9888
15141,FOUND,1,2536,12157,1,9889
17159,FOUND,1,4417,26395,1,9890
16699,FOUND,1,4029,26331,1,9891
16351,FOUND,1,3729,12157,1,9892
15209,FOUND,1,2599,12157,1,9893
31262,FOUND,1,12919,12422,1,9894
15919,FOUND,1,3299,12157,1,9895
27031,FOUND,1,11669,26324,1,9896
17177,FOUND,1,4433,12157,1,9897
27994,FOUND,1,12556,12157,1,9898
26856,FOUND,1,11494,26399,1,9899
27798,FOUND,1,12431,26394,1,9900
13410,FOUND,1,889,12157,1,9901
12770,FOUND,1,278,12157,1,9902
18006,FOUND,1,5076,26334,1,9903
16234,FOUND,1,3612,12157,1,9904
37954,FOUND,1,17787,26393,1,9905
23982,FOUND,1,9847,12157,1,9906
14105,FOUND,1,1558,12157,1,9907
32974,NOT_FOUND,0,,,1,9908
16244,FOUND,1,3622,12157,1,9909
16225,FOUND,1,3603,12157,1,9910
35077,FOUND,1,15176,26021,1,9911
15246,FOUND,1,2635,12157,1,9912
17048,FOUND,1,4335,26329,1,9913
31915,NOT_FOUND,0,,,1,9914
38300,FOUND,1,18130,21512,1,9915
38299,FOUND,1,18129,20901,1,9916
27177,FOUND,1,11814,12157,1,9917
23830,FOUND,1,9695,12157,1,9918
26601,FOUND,1,11243,20660,1,9919
23868,FOUND,1,9733,12157,1,9920
34036,FOUND,1,14204,20895,1,9921
38298,FOUND,1,18128,21510,1,9922
27094,FOUND,1,11731,12157,1,9923
23949,FOUND,1,9814,12157,1,9924
26822,FOUND,1,11460,12157,1,9925
35961,FOUND,1,16057,20660,1,9926
36032,FOUND,1,16128,21512,1,9927
34049,FOUND,1,14211,20901,1,9928
38281,FOUND,1,18111,21025,1,9929
13590,FOUND,1,1067,12157,1,9930
31861,NOT_FOUND,0,,,1,9931
37312,FOUND,1,17209,21204,1,9932
31857,NOT_FOUND,0,,,1,9933
20499,FOUND,1,6582,12157,1,9934
14118,FOUND,1,1571,12157,1,9935
27082,FOUND,1,11719,20690,1,9936
23822,FOUND,1,9687,12157,1,9937
38276,FOUND,1,18107,20902,1,9938
17937,FOUND,1,5019,12157,1,9939
16311,FOUND,1,3689,12157,1,9940
34575,FOUND,1,14683,26384,1,9941
16717,FOUND,1,4046,26386,1,9942
26741,FOUND,1,11379,12157,1,9943
14969,FOUND,1,2388,26385,1,9944
26872,FOUND,1,11510,26364,1,9945
38270,FOUND,1,18101,20900,1,9946
13256,FOUND,1,741,12157,1,9947
17438,FOUND,1,4625,26387,1,9948
27260,FOUND,1,11897,26386,1,9949
13515,FOUND,1,993,12157,1,9950
27751,FOUND,1,29165,26367,1,9951
37947,FOUND,1,17780,26385,1,9952
17386,FOUND,1,4583,26403,1,9953
17459,FOUND,1,4642,26398,1,9954
27268,FOUND,1,11905,26384,1,9955
27713,FOUND,1,12350,26367,1,9956
22760,FOUND,1,8703,12157,1,9957
27823,FOUND,1,12456,26402,1,9958
14658,FOUND,1,2100,12157,1,9959
26809,FOUND,1,11447,12157,1,9960
27404,FOUND,1,12041,26344,1,9961
26866,FOUND,1,11504,26398,1,9962
17152,FOUND,1,4410,26396,1,9963
24033,FOUND,1,9896,12157,1,9964
16094,FOUND,1,3473,12157,1,9965
18414,FOUND,1,5468,12157,1,9966
23836,FOUND,1,9701,12157,1,9967
23067,FOUND,1,8974,12157,1,9968
26471,FOUND,1,11114,12157,1,9969
23602,FOUND,1,9481,12157,1,9970
26079,FOUND,1,10774,26132,1,9971
12889,FOUND,1,392,12157,1,9972
17170,FOUND,1,4426,12157,1,9973
27022,FOUND,1,11660,26332,1,9974
14495,FOUND,1,1940,12157,1,9975
14545,FOUND,1,1990,12157,1,9976
12912,FOUND,1,415,12157,1,9977
34150,FOUND,1,14291,12157,1,9978
61763,NOT_FOUND,0,,,1,9979
27391,FOUND,1,12028,26287,1,9980
26828,FOUND,1,11466,12157,1,9981
16002,FOUND,1,3382,12157,1,9982
13617,FOUND,1,1094,12157,1,9983
23421,FOUND,1,9308,12157,1,9984
23116,FOUND,1,9023,12157,1,9985
27303,FOUND,1,11940,26282,1,9986
14110,FOUND,1,1563,12157,1,9987
45365,NOT_FOUND,0,,,1,9988
16436,FOUND,1,3814,12157,1,9989
27607,FOUND,1,12244,20838,1,9990
23779,FOUND,1,9645,12157,1,9991
32872,FOUND,1,13315,12157,1,9992
27460,FOUND,1,12097,20793,1,9993
37996,FOUND,1,17829,21566,1,9994
36020,FOUND,1,16116,20300,1,9995
18141,FOUND,1,5209,12157,1,9996
47095,FOUND,1,25344,12157,1,9997
13660,FOUND,1,1137,12157,1,9998
14880,FOUND,1,2305,12157,1,9999
27571,FOUND,1,12208,20831,1,10000
16606,FOUND,1,3949,20367,1,10001
22682,FOUND,1,8627,12157,1,10002
16485,FOUND,1,3863,12157,1,10003
27584,FOUND,1,12221,20793,1,10004
13667,FOUND,1,1144,12157,1,10005
26295,FOUND,1,10940,12157,1,10006
26286,FOUND,1,10931,12157,1,10007
27606,FOUND,1,12243,20837,1,10008
15780,FOUND,1,3162,12157,1,10009
27007,FOUND,1,11645,20670,1,10010
14619,FOUND,1,2063,12157,1,10011
22661,FOUND,1,8606,12157,1,10012
23378,FOUND,1,9271,12157,1,10013
27871,FOUND,1,12501,25708,1,10014
14509,FOUND,1,1954,12157,1,10015
16522,FOUND,1,3882,12157,1,10016
16159,FOUND,1,3538,12157,1,10017
17203,NOT_FOUND,0,,,1,10018
27831,FOUND,1,12463,25708,1,10019
27821,FOUND,1,12454,25708,1,10020
12152,FOUND,1,109,12157,1,10021
14452,FOUND,1,1897,12157,1,10022
14881,FOUND,1,2306,26406,1,10023
15008,FOUND,1,2424,12157,1,10024
26844,FOUND,1,11482,26406,1,10025
27817,FOUND,1,12450,25708,1,10026
13334,NOT_FOUND,0,,,1,10027
27828,FOUND,1,12460,26405,1,10028
17714,FOUND,1,4868,12157,1,10029
12950,FOUND,1,450,12157,1,10030
14562,FOUND,1,2007,12157,1,10031
26044,FOUND,1,10741,26369,1,10032
27029,FOUND,1,11667,26404,1,10033
16731,FOUND,1,4058,26404,1,10034
27716,FOUND,1,12353,26374,1,10035
14968,FOUND,1,2387,26371,1,10036
37945,FOUND,1,17778,26370,1,10037
28028,FOUND,1,12589,12157,1,10038
23130,FOUND,1,9037,12157,1,10039
13075,FOUND,1,569,12157,1,10040
17443,FOUND,1,4630,20523,1,10041
16755,FOUND,1,4081,20386,1,10042
12812,FOUND,1,318,12157,1,10043
14690,FOUND,1,2130,20277,1,10044
14905,FOUND,1,2329,20297,1,10045
13080,FOUND,1,574,12157,1,10046
27345,FOUND,1,11982,20275,1,10047
15019,FOUND,1,2432,20308,1,10048
34056,NOT_FOUND,0,,,1,10049
35978,FOUND,1,16074,20899,1,10050
27388,FOUND,1,12025,20773,1,10051
27332,FOUND,1,11969,20764,1,10052
34044,FOUND,1,14208,20898,1,10053
23784,FOUND,1,9650,12157,1,10054
16158,FOUND,1,3537,12157,1,10055
34046,FOUND,1,14210,20900,1,10056
23615,FOUND,1,9494,12157,1,10057
46203,FOUND,1,24527,12157,1,10058
37869,FOUND,1,17703,21383,1,10059
47124,FOUND,1,25373,12157,1,10060
27390,FOUND,1,12027,20774,1,10061
19632,FOUND,1,5879,12157,1,10062
16428,FOUND,1,3806,12157,1,10063
15604,FOUND,1,2986,12157,1,10064
13310,FOUND,1,795,12157,1,10065
60773,NOT_FOUND,0,,,1,10066
27746,FOUND,1,12381,26326,1,10067
16683,FOUND,1,4014,26363,1,10068
27027,FOUND,1,11665,26363,1,10069
37340,FOUND,1,17236,26321,1,10070
26912,FOUND,1,11550,26362,1,10071
15091,FOUND,1,2493,26314,1,10072
16447,FOUND,1,3825,12157,1,10073
13348,FOUND,1,827,12157,1,10074
23880,FOUND,1,9745,12157,1,10075
25984,FOUND,1,10682,26316,1,10076
16410,FOUND,1,3788,12157,1,10077
44177,FOUND,1,22949,12157,1,10078
26806,FOUND,1,11444,12157,1,10079
12957,FOUND,1,457,12157,1,10080
15625,FOUND,1,3007,12157,1,10081
16557,FOUND,1,3914,12157,1,10082
26493,FOUND,1,11136,26083,1,10083
13777,FOUND,1,27094,12157,1,10084
30775,FOUND,1,12691,12157,1,10085
27186,FOUND,1,11823,12157,1,10086
13229,FOUND,1,721,12157,1,10087
13958,FOUND,1,1414,12157,1,10088
25927,FOUND,1,10626,20405,1,10089
37361,FOUND,1,17257,21635,1,10090
42657,FOUND,1,21764,12157,1,10091
13395,FOUND,1,874,12157,1,10092
23078,FOUND,1,8985,12157,1,10093
33145,FOUND,1,13518,12157,1,10094
37330,FOUND,1,17227,21635,1,10095
14374,FOUND,1,1819,12157,1,10096
15842,FOUND,1,3223,12157,1,10097
13805,FOUND,1,1277,12157,1,10098
15766,FOUND,1,3148,12157,1,10099
37395,FOUND,1,17291,21641,1,10100
60755,NOT_FOUND,0,,,1,10101
37377,FOUND,1,17273,21643,1,10102
37350,FOUND,1,17246,21413,1,10103
13231,FOUND,1,723,12157,1,10104
37393,FOUND,1,17289,21643,1,10105
16471,FOUND,1,3849,12157,1,10106
16560,FOUND,1,3917,12157,1,10107
17300,NOT_FOUND,0,,,1,10108
38310,FOUND,1,18140,21771,1,10109
12958,FOUND,1,458,12157,1,10110
37316,FOUND,1,17213,21303,1,10111
37317,FOUND,1,17214,21634,1,10112
42637,FOUND,1,21744,12157,1,10113
26362,FOUND,1,11006,12157,1,10114
45606,FOUND,1,24138,12157,1,10115
15126,FOUND,1,2524,20338,1,10116
42640,FOUND,1,21747,12157,1,10117
23412,FOUND,1,9299,12157,1,10118
22542,FOUND,1,8487,12157,1,10119
15771,FOUND,1,3153,12157,1,10120
34155,FOUND,1,14296,12157,1,10121
17234,FOUND,1,4481,20484,1,10122
37870,FOUND,1,17704,21714,1,10123
23507,FOUND,1,9392,12157,1,10124
26244,FOUND,1,10889,12157,1,10125
37871,FOUND,1,17705,21377,1,10126
23945,FOUND,1,9810,12157,1,10127
22678,FOUND,1,8623,12157,1,10128
15971,FOUND,1,3351,12157,1,10129
26280,FOUND,1,10925,12157,1,10130
17944,FOUND,1,5026,12157,1,10131
15161,FOUND,1,2556,12157,1,10132
23453,FOUND,1,9340,16655,1,10133
23447,FOUND,1,9334,16728,1,10134
26173,NOT_FOUND,0,,,1,10136
43094,FOUND,1,28859,17460,1,10137
17910,FOUND,1,4996,14740,1,10138
23387,FOUND,1,9280,16729,1,10139
23305,FOUND,1,9203,16696,1,10140
23446,FOUND,1,9333,16732,1,10141
22436,FOUND,1,8381,16484,1,10142
22443,FOUND,1,8388,16488,1,10143
23263,FOUND,1,9165,16668,1,10144
22440,FOUND,1,8385,16486,1,10145
22438,FOUND,1,8383,16484,1,10146
22446,FOUND,1,8391,16486,1,10147
23380,FOUND,1,9273,16728,1,10148
21760,FOUND,1,7737,16116,1,10149
43006,FOUND,1,22077,13073,1,10150
16129,FOUND,1,3508,12157,1,10151
34065,NOT_FOUND,0,,,1,10152
27262,FOUND,1,11899,20396,1,10153
21415,FOUND,1,7399,16007,1,10154
21876,FOUND,1,7849,15993,1,10155
14093,FOUND,1,1546,12157,1,10156
45190,NOT_FOUND,0,,,1,10157
21146,FOUND,1,7135,15839,1,10158
21404,FOUND,1,7388,15999,1,10159
28021,FOUND,1,12582,12157,1,10160
23163,FOUND,1,9065,16480,1,10161
21487,FOUND,1,7470,15846,1,10162
21729,FOUND,1,7707,16162,1,10163
21558,FOUND,1,7540,16067,1,10164
21682,FOUND,1,7662,16129,1,10165
21524,FOUND,1,7507,16043,1,10166
21925,FOUND,1,7898,16266,1,10167
20318,FOUND,1,6423,15476,1,10168
60748,NOT_FOUND,0,,,1,10169
27146,FOUND,1,11783,20713,1,10170
46198,FOUND,1,24522,12157,1,10171
42513,FOUND,1,21646,17448,1,10172
45173,FOUND,1,23819,26410,1,10173
42498,FOUND,1,28019,17450,1,10174
20227,FOUND,1,6344,15412,1,10175
45184,FOUND,1,23829,26410,1,10176
20306,FOUND,1,6411,15480,1,10177
42502,FOUND,1,28021,17450,1,10178
42475,FOUND,1,28004,17440,1,10179
20307,FOUND,1,6412,15483,1,10180
21974,FOUND,1,7942,16234,1,10181
45607,FOUND,1,24139,12157,1,10182
42448,FOUND,1,21614,17419,1,10183
42446,FOUND,1,21612,17420,1,10184
22386,FOUND,1,8331,16458,1,10185
23303,FOUND,1,9201,16695,1,10186
60767,NOT_FOUND,0,,,1,10187
22401,FOUND,1,8346,16375,1,10188
16102,FOUND,1,3481,12157,1,10189
21509,FOUND,1,7492,16040,1,10190
21384,FOUND,1,7368,15986,1,10191
22128,FOUND,1,8091,14675,1,10192
21619,FOUND,1,7601,15964,1,10193
21554,FOUND,1,7536,16063,1,10194
21758,FOUND,1,7735,16070,1,10195
26674,FOUND,1,11313,12157,1,10196
45305,NOT_FOUND,0,,,1,10197
21664,FOUND,1,7644,16115,1,10198
21574,FOUND,1,7556,16076,1,10199
21967,FOUND,1,7935,15999,1,10200
23352,FOUND,1,9247,16475,1,10201
60753,NOT_FOUND,0,,,1,10202
23649,FOUND,1,9526,12157,1,10203
13605,FOUND,1,1082,12157,1,10204
21358,FOUND,1,7342,15964,1,10205
21665,FOUND,1,7645,16116,1,10206
21688,FOUND,1,7667,16134,1,10207
61762,NOT_FOUND,0,,,1,10208
19792,FOUND,1,5982,22802,1,10209
20275,FOUND,1,6384,23019,1,10210
19803,FOUND,1,5993,23047,1,10211
19789,FOUND,1,5979,23040,1,10212
19810,FOUND,1,6000,23052,1,10213
19829,FOUND,1,6019,23042,1,10214
19811,FOUND,1,6001,22701,1,10215
19818,FOUND,1,6008,23058,1,10216
19801,FOUND,1,5991,23046,1,10217
19800,FOUND,1,5990,22794,1,10218
60740,FOUND,1,26922,24351,1,10219
60741,FOUND,1,26923,24354,1,10220
60609,FOUND,1,26795,24373,1,10221
19816,FOUND,1,6006,23056,1,10222
60729,FOUND,1,26913,24354,1,10223
60732,FOUND,1,26916,24357,1,10224
60742,FOUND,1,28259,24355,1,10225
60652,FOUND,1,26836,24388,1,10226
60734,FOUND,1,26918,24356,1,10227
60739,FOUND,1,28258,24352,1,10228
60718,FOUND,1,26902,24355,1,10229
60733,FOUND,1,26917,24357,1,10230
60719,FOUND,1,26903,24356,1,10231
60684,FOUND,1,26868,24389,1,10232
60726,FOUND,1,26910,24361,1,10233
60618,FOUND,1,26804,24370,1,10234
60723,FOUND,1,26907,24365,1,10235
60606,FOUND,1,26792,24385,1,10236
60615,FOUND,1,26801,24385,1,10237
60605,FOUND,1,26791,24382,1,10238
19815,FOUND,1,6005,22810,1,10239
19796,FOUND,1,5986,22947,1,10240
19809,FOUND,1,5999,22650,1,10241
19827,FOUND,1,6017,22849,1,10242
19821,FOUND,1,6011,22836,1,10243
19825,FOUND,1,6015,23062,1,10244
19830,FOUND,1,6020,23064,1,10245
19804,FOUND,1,5994,23048,1,10246
19794,FOUND,1,5984,23043,1,10247
19797,FOUND,1,5987,23010,1,10248
19819,FOUND,1,6009,23059,1,10249
19834,FOUND,1,6024,22970,1,10250
19813,FOUND,1,6003,23054,1,10251
60762,NOT_FOUND,0,,,1,10252
19817,FOUND,1,6007,23057,1,10253
19798,FOUND,1,5988,23045,1,10254
19795,FOUND,1,5985,23044,1,10255
19802,FOUND,1,5992,23030,1,10256
20276,FOUND,1,27117,23036,1,10257
19823,FOUND,1,6013,23060,1,10258
19806,FOUND,1,5996,23049,1,10259
20281,FOUND,1,6389,23222,1,10260
19808,FOUND,1,5998,23051,1,10261
19814,FOUND,1,6004,23055,1,10262
20280,FOUND,1,6388,23218,1,10263
19793,FOUND,1,5983,23042,1,10264
20277,FOUND,1,6385,23221,1,10265
20279,FOUND,1,6387,23025,1,10266
19805,FOUND,1,5995,22842,1,10267
60761,NOT_FOUND,0,,,1,10268
19824,FOUND,1,6014,23061,1,10269
19828,FOUND,1,6018,23063,1,10270
19831,FOUND,1,6021,23065,1,10271
19826,FOUND,1,6016,23038,1,10272
19807,FOUND,1,5997,23050,1,10273
23742,FOUND,1,9608,16758,1,10274
23741,FOUND,1,9607,26410,1,10275
14084,FOUND,1,1537,12157,1,10276
23136,FOUND,1,9043,12157,1,10277
23740,FOUND,1,9606,16764,1,10278
23744,FOUND,1,9610,16764,1,10279
23735,FOUND,1,9601,16761,1,10280
23049,FOUND,1,8956,15075,1,10281
23736,FOUND,1,9602,16757,1,10282
23739,FOUND,1,9605,16761,1,10283
23737,FOUND,1,9603,16762,1,10284
60745,NOT_FOUND,0,,,1,10285
23743,FOUND,1,9609,16656,1,10286
46718,FOUND,1,24975,26410,1,10287
46773,FOUND,1,25030,12157,1,10288
14494,FOUND,1,1939,12157,1,10289
47027,FOUND,1,25277,12157,1,10290
46956,FOUND,1,25206,12157,1,10291
46861,FOUND,1,25111,12157,1,10292
46461,FOUND,1,24729,12157,1,10293
46725,FOUND,1,24982,12157,1,10294
46462,FOUND,1,24730,12157,1,10295
60757,NOT_FOUND,0,,,1,10296
46934,FOUND,1,25184,12157,1,10297
46478,FOUND,1,24746,12157,1,10298
46487,FOUND,1,24755,12157,1,10299
46889,FOUND,1,25139,12157,1,10300
47005,FOUND,1,25255,12157,1,10301
60759,NOT_FOUND,0,,,1,10302
60760,NOT_FOUND,0,,,1,10303
46821,FOUND,1,25078,12157,1,10304
46739,FOUND,1,24996,12157,1,10305
46811,FOUND,1,25068,12157,1,10306
46493,FOUND,1,24761,12157,1,10307
46862,FOUND,1,25112,12157,1,10308
47075,FOUND,1,25325,12157,1,10309
46878,FOUND,1,25128,12157,1,10310
46888,FOUND,1,25138,12157,1,10311
46933,FOUND,1,25183,12157,1,10312
46540,FOUND,1,24808,12157,1,10313
47076,FOUND,1,25326,12157,1,10314
47058,FOUND,1,25308,12157,1,10315
47092,FOUND,1,25342,12157,1,10316
46832,FOUND,1,25089,12157,1,10317
47078,FOUND,1,25328,12157,1,10318
46529,FOUND,1,24797,12157,1,10319
46866,FOUND,1,25116,12157,1,10320
47013,FOUND,1,25263,12157,1,10321
46488,FOUND,1,24756,12157,1,10322
46958,FOUND,1,25208,12157,1,10323
46962,FOUND,1,25212,12157,1,10324
46864,FOUND,1,25114,12157,1,10325
47008,FOUND,1,25258,12157,1,10326
46642,FOUND,1,24910,12157,1,10327
46930,FOUND,1,25180,12157,1,10328
46960,FOUND,1,25210,12157,1,10329
47062,FOUND,1,25312,12157,1,10330
46758,FOUND,1,25015,12157,1,10331
46863,FOUND,1,25113,12157,1,10332
46526,FOUND,1,24794,12157,1,10333
47085,FOUND,1,25335,12157,1,10334
46652,FOUND,1,24920,12157,1,10335
60747,NOT_FOUND,0,,,1,10336
60771,NOT_FOUND,0,,,1,10337
60750,NOT_FOUND,0,,,1,10338
60763,NOT_FOUND,0,,,1,10339
60769,NOT_FOUND,0,,,1,10340
46942,FOUND,1,25192,12157,1,10341
46571,FOUND,1,24839,12157,1,10342
26036,FOUND,1,10733,26137,1,10343
46777,FOUND,1,25034,12157,1,10344
25978,FOUND,1,10676,26129,1,10345
46537,FOUND,1,24805,12157,1,10346
16543,FOUND,1,3900,26071,1,10347
46603,FOUND,1,24871,12157,1,10348
26041,FOUND,1,10738,26135,1,10349
46575,FOUND,1,24843,12157,1,10350
17423,FOUND,1,4614,26075,1,10351
13675,FOUND,1,1152,12157,1,10352
14882,FOUND,1,2307,12157,1,10353
46543,FOUND,1,24811,12157,1,10354
26466,FOUND,1,11109,26072,1,10355
46639,FOUND,1,24907,12157,1,10356
17682,FOUND,1,4838,26074,1,10357
46637,FOUND,1,24905,12157,1,10358
25962,FOUND,1,10660,26133,1,10359
46874,FOUND,1,25124,12157,1,10360
30783,FOUND,1,12699,12157,1,10361
47039,FOUND,1,25289,12157,1,10362
27180,FOUND,1,11817,12157,1,10363
46450,FOUND,1,24723,12157,1,10364
15285,FOUND,1,2672,12157,1,10365
13238,FOUND,1,730,12157,1,10366
32962,NOT_FOUND,0,,,1,10367
46937,FOUND,1,25187,12157,1,10368
23638,FOUND,1,9515,13596,1,10369
46619,FOUND,1,24887,12157,1,10370
40509,FOUND,1,20035,14317,1,10371
26973,FOUND,1,11611,12157,1,10372
46614,FOUND,1,24882,12157,1,10373
27576,FOUND,1,12213,26134,1,10374
46555,FOUND,1,24823,12157,1,10375
30854,FOUND,1,12728,12157,1,10376
47077,FOUND,1,25327,12157,1,10377
16503,FOUND,1,3876,26137,1,10378
46640,FOUND,1,24908,12157,1,10379
17738,FOUND,1,4886,26070,1,10380
47011,FOUND,1,25261,12157,1,10381
17999,FOUND,1,5071,26069,1,10382
46604,FOUND,1,24872,12157,1,10383
18033,FOUND,1,5102,26136,1,10384
46564,FOUND,1,24832,12157,1,10385
23884,FOUND,1,9749,12157,1,10386
46591,FOUND,1,24859,12157,1,10387
26484,FOUND,1,11127,26069,1,10388
46542,FOUND,1,24810,12157,1,10389
17831,FOUND,1,4929,26068,1,10390
46620,FOUND,1,24888,12157,1,10391
26531,FOUND,1,11174,26410,1,10392
46589,FOUND,1,24857,12157,1,10393
23806,FOUND,1,9671,12157,1,10394
46534,FOUND,1,24802,12157,1,10395
18351,FOUND,1,5411,12157,1,10396
46569,FOUND,1,24837,12157,1,10397
13031,FOUND,1,525,12157,1,10398
46532,FOUND,1,24800,12157,1,10399
14430,FOUND,1,1875,12157,1,10400
46560,FOUND,1,24828,12157,1,10401
15945,FOUND,1,3325,12157,1,10402
18359,FOUND,1,5419,12157,1,10403
37748,FOUND,1,17586,21608,1,10404
46584,FOUND,1,24852,12157,1,10405
16142,FOUND,1,3521,12157,1,10406
46581,FOUND,1,24849,12157,1,10407
14253,FOUND,1,1700,12157,1,10408
46722,FOUND,1,24979,26410,1,10409
40558,FOUND,1,20079,14303,1,10410
46787,FOUND,1,25044,12157,1,10411
40552,FOUND,1,20074,14333,1,10412
46626,FOUND,1,24894,12157,1,10413
40435,FOUND,1,19970,14288,1,10414
47081,FOUND,1,25331,12157,1,10415
40439,FOUND,1,19974,14279,1,10416
46573,FOUND,1,24841,12157,1,10417
40523,FOUND,1,20049,14287,1,10418
46628,FOUND,1,24896,12157,1,10419
34441,FOUND,1,14551,26410,1,10420
40429,FOUND,1,19964,14284,1,10421
47069,FOUND,1,25319,12157,1,10422
40424,FOUND,1,19959,14284,1,10423
47034,FOUND,1,25284,12157,1,10424
40427,FOUND,1,19962,14286,1,10425
46572,FOUND,1,24840,12157,1,10426
40578,FOUND,1,20092,14286,1,10427
46471,FOUND,1,24739,12157,1,10428
40354,FOUND,1,27309,14247,1,10429
47065,FOUND,1,25315,12157,1,10430
40351,FOUND,1,19932,14240,1,10431
46641,FOUND,1,24909,12157,1,10432
39777,FOUND,1,19369,14121,1,10433
46740,FOUND,1,24997,12157,1,10434
40350,FOUND,1,19931,14246,1,10435
46771,FOUND,1,25028,12157,1,10436
35878,FOUND,1,15974,26410,1,10437
44187,FOUND,1,22959,12157,1,10438
46817,FOUND,1,25074,12157,1,10439
40352,FOUND,1,28555,14247,1,10440
46783,FOUND,1,25040,12157,1,10441
40366,FOUND,1,27897,14252,1,10442
46751,FOUND,1,25008,12157,1,10443
30784,FOUND,1,12700,12157,1,10444
46835,FOUND,1,25092,12157,1,10445
39651,FOUND,1,19303,14112,1,10446
46775,FOUND,1,25032,12157,1,10447
39772,FOUND,1,19364,14119,1,10448
14508,FOUND,1,1953,12157,1,10449
40343,FOUND,1,19924,14243,1,10450
47033,FOUND,1,25283,12157,1,10451
40353,FOUND,1,27308,14242,1,10452
46599,FOUND,1,24867,12157,1,10453
34438,FOUND,1,14548,26410,1,10454
40359,FOUND,1,19936,14151,1,10455
46627,FOUND,1,24895,12157,1,10456
40344,FOUND,1,19925,14243,1,10457
46649,FOUND,1,24917,12157,1,10458
39650,FOUND,1,19302,14111,1,10459
46594,FOUND,1,24862,12157,1,10460
39754,FOUND,1,19353,14118,1,10461
46593,FOUND,1,24861,12157,1,10462
39909,FOUND,1,28553,14122,1,10463
14493,FOUND,1,1938,12157,1,10464
40349,FOUND,1,19930,14246,1,10465
46995,FOUND,1,25245,12157,1,10466
14579,FOUND,1,2024,12157,1,10467
46561,FOUND,1,24829,12157,1,10468
39908,FOUND,1,28552,14151,1,10469
47044,FOUND,1,25294,12157,1,10470
34439,FOUND,1,14549,26410,1,10471
44176,FOUND,1,22948,12157,1,10472
46644,FOUND,1,24912,12157,1,10473
27284,FOUND,1,11921,13632,1,10474
46871,FOUND,1,25121,12157,1,10475
39773,FOUND,1,19365,14111,1,10476
46916,FOUND,1,25166,12157,1,10477
13827,FOUND,1,1284,12157,1,10478
46928,FOUND,1,25178,12157,1,10479
39779,FOUND,1,19371,14122,1,10480
46867,FOUND,1,25117,12157,1,10481
39392,FOUND,1,19079,14039,1,10482
47036,FOUND,1,25286,12157,1,10483
39649,FOUND,1,19301,14108,1,10484
46452,FOUND,1,24725,12157,1,10485
39645,FOUND,1,19298,14108,1,10486
46950,FOUND,1,25200,12157,1,10487
40520,FOUND,1,20046,14314,1,10488
15275,FOUND,1,2662,12157,2,10489
46831,FOUND,1,25088,12157,1,10490
40510,FOUND,1,20036,14316,1,10491
46876,FOUND,1,25126,12157,1,10492
40489,FOUND,1,20018,14313,1,10493
46617,FOUND,1,24885,12157,1,10494
40490,FOUND,1,20019,14314,1,10495
46745,FOUND,1,25002,12157,1,10496
40505,FOUND,1,20031,14312,1,10497
46778,FOUND,1,25035,12157,1,10498
40287,FOUND,1,19869,14221,1,10499
47004,FOUND,1,25254,12157,1,10500
40488,FOUND,1,20017,14312,1,10501
47023,FOUND,1,25273,12157,1,10502
40288,FOUND,1,19870,14221,1,10503
46915,FOUND,1,25165,12157,1,10504
40492,FOUND,1,20021,14313,1,10505
46990,FOUND,1,25240,12157,1,10506
38988,FOUND,1,18795,12157,1,10507
46754,FOUND,1,25011,12157,1,10508
28018,FOUND,1,12579,12157,1,10509
41540,FOUND,1,20877,14367,1,10510
46576,FOUND,1,24844,12157,1,10511
23575,FOUND,1,9454,12157,1,10512
46901,FOUND,1,25151,12157,1,10513
44178,FOUND,1,22950,12157,1,10514
46723,FOUND,1,24980,26410,1,10515
23154,FOUND,1,9058,12157,1,10516
46939,FOUND,1,25189,12157,1,10517
40521,FOUND,1,20047,14222,1,10518
46631,FOUND,1,24899,12157,1,10519
40532,FOUND,1,20058,14326,1,10520
46946,FOUND,1,25196,12157,1,10521
40533,FOUND,1,20059,14226,1,10522
46918,FOUND,1,25168,12157,1,10523
40294,FOUND,1,19876,14226,1,10524
46926,FOUND,1,25176,12157,1,10525
40289,FOUND,1,19871,14222,1,10526
47047,FOUND,1,25297,12157,1,10527
40528,FOUND,1,20054,14322,1,10528
46711,FOUND,1,24968,26410,1,10529
40476,FOUND,1,20007,14306,1,10530
46737,FOUND,1,24994,12157,1,10531
40529,FOUND,1,20055,14323,1,10532
46963,FOUND,1,25213,12157,1,10533
40540,FOUND,1,20065,14326,1,10534
46645,FOUND,1,24913,12157,1,10535
40525,FOUND,1,20051,14321,1,10536
46721,FOUND,1,24978,26410,1,10537
40530,FOUND,1,20056,14324,1,10538
46460,FOUND,1,24728,12157,1,10539
40534,FOUND,1,20060,14322,1,10540
46559,FOUND,1,24827,12157,1,10541
40538,FOUND,1,20063,14324,1,10542
46714,FOUND,1,24971,26410,1,10543
40527,FOUND,1,20053,14306,1,10544
46562,FOUND,1,24830,12157,1,10545
40536,FOUND,1,20062,14323,1,10546
46949,FOUND,1,25199,12157,1,10547
40531,FOUND,1,20057,14325,1,10548
46713,FOUND,1,24970,26410,1,10549
40483,FOUND,1,20014,14310,1,10550
46578,FOUND,1,24846,12157,1,10551
40496,FOUND,1,20025,14315,1,10552
46733,FOUND,1,24990,12157,1,10553
40541,NOT_FOUND,0,,,1,10554
46945,FOUND,1,25195,12157,1,10555
40535,FOUND,1,20061,14310,1,10556
46648,FOUND,1,24916,12157,1,10557
39300,FOUND,1,19008,14002,1,10558
46917,FOUND,1,25167,12157,1,10559
39336,FOUND,1,27761,14002,1,10560
46558,FOUND,1,24826,12157,1,10561
39345,FOUND,1,27763,14008,1,10562
46647,FOUND,1,24915,12157,1,10563
39215,FOUND,1,18966,13992,1,10564
46728,FOUND,1,24985,12157,1,10565
39205,FOUND,1,18956,13984,1,10566
47046,FOUND,1,25296,12157,1,10567
38942,FOUND,1,18749,13938,1,10568
34011,FOUND,1,14179,13661,1,10569
39338,FOUND,1,19029,14007,1,10570
39337,FOUND,1,27762,14007,1,10571
39343,FOUND,1,19033,14008,1,10572
35947,FOUND,1,16043,13670,1,10573
35948,FOUND,1,16044,13670,1,10574
38944,FOUND,1,18751,13662,1,10575
35949,FOUND,1,16045,13671,1,10576
34010,FOUND,1,14178,13660,1,10577
38389,FOUND,1,18219,13714,1,10578
34012,FOUND,1,14180,13662,1,10579
34013,FOUND,1,14181,13663,1,10580
37053,FOUND,1,16964,13704,1,10581
38106,FOUND,1,17939,13704,1,10582
38568,FOUND,1,18387,13793,1,10583
38941,FOUND,1,18748,13793,1,10584
38943,FOUND,1,18750,13897,1,10585
38816,FOUND,1,18623,13715,1,10586
38570,FOUND,1,18389,13794,1,10587
40431,FOUND,1,19966,14274,1,10588
40440,FOUND,1,19975,14292,1,10589
13970,FOUND,1,1426,12157,1,10590
34152,FOUND,1,14293,12157,1,10591
40568,FOUND,1,20083,14339,1,10592
40472,FOUND,1,20003,14303,1,10593
40405,FOUND,1,28561,14275,1,10594
40416,FOUND,1,19951,14280,1,10595
40550,FOUND,1,20072,14331,1,10596
40411,FOUND,1,19946,14280,1,10597
40436,FOUND,1,19971,14289,1,10598
40417,FOUND,1,19952,14275,1,10599
40430,FOUND,1,19965,14287,1,10600
40410,FOUND,1,19945,14279,1,10601
40444,FOUND,1,19979,14289,1,10602
40570,FOUND,1,20084,14338,1,10603
46501,FOUND,1,24769,12157,1,10604
40481,FOUND,1,20012,14308,1,10605
46954,FOUND,1,25204,12157,1,10606
13048,FOUND,1,542,12157,1,10607
46612,FOUND,1,24880,12157,1,10608
40267,FOUND,1,19849,14210,1,10609
46796,FOUND,1,25053,12157,1,10610
40493,FOUND,1,20022,14308,1,10611
46812,FOUND,1,25069,12157,1,10612
40498,FOUND,1,20026,14305,1,10613
46579,FOUND,1,24847,12157,1,10614
40486,FOUND,1,20015,14309,1,10615
46528,FOUND,1,24796,12157,1,10616
40482,FOUND,1,20013,14309,1,10617
60770,NOT_FOUND,0,,,1,10618
40474,FOUND,1,20005,14305,1,10619
60752,NOT_FOUND,0,,,1,10620
40253,FOUND,1,19835,14199,1,10621
46749,FOUND,1,25006,12157,1,10622
40501,FOUND,1,20028,14316,1,10623
47051,FOUND,1,25301,12157,1,10624
40500,FOUND,1,20027,14199,1,10625
46744,FOUND,1,25001,12157,1,10626
40285,FOUND,1,19867,14219,1,10627
46774,FOUND,1,25031,12157,1,10628
40504,FOUND,1,20030,14317,1,10629
47018,FOUND,1,25268,12157,1,10630
46616,FOUND,1,24884,12157,1,10631
40511,FOUND,1,20037,14219,1,10632
46944,FOUND,1,25194,12157,1,10633
38006,FOUND,1,17839,21741,1,10634
17493,FOUND,1,4676,12157,1,10635
38007,FOUND,1,17840,21600,1,10636
16420,FOUND,1,3798,12157,1,10637
17626,FOUND,1,4798,12157,1,10638
17492,FOUND,1,4675,12157,1,10639
26921,FOUND,1,11559,12157,1,10640
38008,FOUND,1,17841,20930,1,10641
18360,FOUND,1,5420,12157,1,10642
16470,FOUND,1,3848,12157,1,10643
26334,FOUND,1,10979,12157,1,10644
38003,FOUND,1,17836,21740,1,10645
22702,FOUND,1,8647,12157,1,10646
37126,FOUND,1,17037,21611,1,10647
22502,FOUND,1,8447,12157,1,10648
42620,FOUND,1,21727,12157,1,10649
37972,FOUND,1,17805,21389,1,10650
16190,FOUND,1,3568,12157,1,10651
13608,FOUND,1,1085,12157,1,10652
37471,FOUND,1,17367,21593,1,10653
13734,FOUND,1,1211,12157,1,10654
14459,FOUND,1,1904,12157,1,10655
38009,FOUND,1,17842,21591,1,10656
26374,FOUND,1,11018,12157,1,10657
37554,FOUND,1,17449,21392,1,10658
13357,FOUND,1,836,12157,1,10659
38354,FOUND,1,18184,21793,1,10660
38365,FOUND,1,18195,21798,1,10661
38359,FOUND,1,18189,21611,1,10662
38356,FOUND,1,18186,21762,1,10663
38278,FOUND,1,18109,21762,1,10664
37128,FOUND,1,17039,21610,1,10665
38367,FOUND,1,18197,21798,1,10666
15072,FOUND,1,2479,12157,1,10667
15071,FOUND,1,2478,12157,1,10668
17973,FOUND,1,5045,12157,1,10669
38353,FOUND,1,18183,21792,1,10670
45362,NOT_FOUND,0,,,1,10671
37124,FOUND,1,17035,21610,1,10672
38275,FOUND,1,18106,21760,1,10673
38364,FOUND,1,18194,21793,1,10674
38369,FOUND,1,18199,21792,1,10675
27723,FOUND,1,12360,20868,1,10676
38357,FOUND,1,18187,21760,1,10677
15560,FOUND,1,2942,12157,1,10678
16435,FOUND,1,3813,12157,1,10679
13471,FOUND,1,949,12157,1,10680
14694,FOUND,1,2134,12157,1,10681
26214,FOUND,1,10862,12157,1,10682
27135,FOUND,1,11772,19980,1,10683
13984,FOUND,1,1439,26163,1,10684
13393,FOUND,1,872,12157,1,10685
14496,FOUND,1,1941,12157,1,10686
13077,FOUND,1,571,12157,1,10687
11818,FOUND,1,64,12157,1,10688
36191,FOUND,1,16287,26166,1,10689
14059,FOUND,1,1513,12157,1,10690
14332,FOUND,1,1777,12157,1,10691
27267,FOUND,1,11904,26167,1,10692
25985,FOUND,1,10683,26167,1,10693
19969,FOUND,1,6154,26168,1,10694
23609,FOUND,1,9488,12157,1,10695
27408,FOUND,1,12045,26168,1,10696
23418,FOUND,1,9305,12157,1,10697
36195,FOUND,1,16291,26169,1,10698
27496,FOUND,1,12133,26169,1,10699
13993,FOUND,1,1448,26124,1,10700
13632,FOUND,1,1109,12157,1,10701
36219,FOUND,1,16315,26410,1,10702
12888,FOUND,1,391,12157,1,10703
35968,FOUND,1,16064,25894,1,10704
36014,FOUND,1,16110,25891,1,10705
30861,FOUND,1,12735,12157,1,10706
37992,FOUND,1,17825,25897,1,10707
36013,FOUND,1,16109,25894,1,10708
35964,FOUND,1,16060,25895,1,10709
27317,FOUND,1,11954,25905,1,10710
35952,FOUND,1,16048,25896,1,10711
37986,FOUND,1,17819,25898,1,10712
23917,FOUND,1,9782,12157,1,10713
37987,FOUND,1,17820,25900,1,10714
16706,FOUND,1,4035,12157,1,10715
37698,FOUND,1,17547,25899,1,10716
35956,FOUND,1,16052,25895,1,10717
27062,FOUND,1,11700,25901,1,10718
22668,FOUND,1,8613,12157,1,10719
25844,FOUND,1,10545,26090,1,10720
26412,FOUND,1,11055,12157,1,10721
37984,FOUND,1,17817,25899,1,10722
35953,FOUND,1,16049,25896,1,10723
38017,FOUND,1,17850,25903,1,10724
37991,FOUND,1,17824,25875,1,10725
27727,FOUND,1,12364,25903,1,10726
36016,FOUND,1,16112,25892,1,10727
36015,FOUND,1,16111,25892,1,10728
14445,FOUND,1,1890,12157,1,10729
16670,FOUND,1,4003,12157,1,10730
26222,FOUND,1,10870,12157,1,10731
36021,FOUND,1,16117,21503,1,10732
26923,FOUND,1,11561,12157,1,10733
38328,FOUND,1,18158,21784,1,10734
22606,FOUND,1,8551,12157,1,10735
16666,FOUND,1,3999,12157,1,10736
38323,FOUND,1,18153,21777,1,10737
26165,NOT_FOUND,0,,,1,10738
38321,FOUND,1,18151,21776,1,10739
14525,FOUND,1,1970,12157,1,10740
38334,FOUND,1,18164,21785,1,10741
14568,FOUND,1,2013,12157,1,10742
12836,FOUND,1,342,12157,1,10743
38324,FOUND,1,18154,21780,1,10744
30841,FOUND,1,12715,12157,1,10745
26769,FOUND,1,11407,12157,1,10746
36011,FOUND,1,16107,21503,1,10747
38317,FOUND,1,18147,21777,1,10748
38316,FOUND,1,18146,21776,1,10749
35756,FOUND,1,15852,26410,1,10750
13235,FOUND,1,727,12157,1,10751
13882,FOUND,1,1339,12157,1,10752
35716,FOUND,1,15812,26410,1,10753
36780,FOUND,1,16810,26410,1,10754
15221,FOUND,1,2610,12157,1,10755
15710,FOUND,1,3092,12157,1,10756
14483,FOUND,1,1928,12157,1,10757
35986,FOUND,1,16082,25939,1,10758
13205,FOUND,1,697,12157,1,10759
35955,FOUND,1,16051,25940,1,10760
23610,FOUND,1,9489,12157,1,10761
16583,FOUND,1,3938,12157,1,10762
16769,FOUND,1,4095,25947,1,10763
17907,FOUND,1,4993,25948,1,10764
27724,FOUND,1,12361,25948,1,10765
17895,FOUND,1,4983,25947,1,10766
27095,FOUND,1,11732,19767,1,10767
27097,FOUND,1,11734,19767,1,10768
27034,FOUND,1,11672,25952,1,10769
35987,FOUND,1,16083,25940,1,10770
23584,FOUND,1,9463,12157,1,10771
26575,FOUND,1,11217,12157,1,10772
16409,FOUND,1,3787,12157,1,10773
15672,FOUND,1,3054,12157,1,10774
35999,FOUND,1,16095,25937,1,10775
17697,FOUND,1,4851,12157,1,10776
17430,FOUND,1,4617,26121,1,10777
17504,FOUND,1,4685,26122,1,10778
27151,FOUND,1,11788,26123,1,10779
15206,FOUND,1,2596,12157,1,10780
25876,FOUND,1,10577,26119,1,10781
23080,FOUND,1,8987,12157,1,10782
14856,FOUND,1,2284,12157,1,10783
17569,FOUND,1,4742,26087,1,10784
26819,FOUND,1,11457,12157,1,10785
14772,FOUND,1,2204,12157,1,10786
17419,FOUND,1,4611,26090,1,10787
15043,FOUND,1,2452,26089,1,10788
17650,FOUND,1,4817,26088,1,10789
13508,FOUND,1,986,26088,1,10790
13087,FOUND,1,581,12157,1,10791
31875,NOT_FOUND,0,,,1,10792
15089,FOUND,1,2491,26091,1,10793
27762,FOUND,1,12396,26092,1,10794
28050,FOUND,1,12611,12157,1,10795
36073,FOUND,1,16169,26092,1,10796
17508,FOUND,1,4688,26093,1,10797
27422,FOUND,1,12059,26093,1,10798
26914,FOUND,1,11552,12157,1,10799
37421,FOUND,1,17317,21653,1,10800
14941,FOUND,1,2362,12157,1,10801
37410,FOUND,1,17306,21493,1,10802
17559,FOUND,1,4732,20537,1,10803
37651,FOUND,1,27192,26410,1,10804
36001,FOUND,1,16097,21362,1,10805
27041,FOUND,1,11679,12157,1,10806
30863,FOUND,1,12737,12157,1,10807
15442,FOUND,1,2826,12157,1,10808
23236,FOUND,1,9138,12157,1,10809
37420,FOUND,1,17316,21652,1,10810
37412,FOUND,1,17308,20537,1,10811
36006,FOUND,1,16102,21022,1,10812
22523,FOUND,1,8468,12157,1,10813
15247,FOUND,1,2636,12157,1,10814
23924,FOUND,1,9789,12157,1,10815
37409,FOUND,1,17305,21501,1,10816
36005,FOUND,1,16101,21502,1,10817
16396,FOUND,1,3774,12157,1,10818
34880,FOUND,1,14980,21206,1,10819
37411,FOUND,1,17307,21206,1,10820
36934,FOUND,1,16880,26410,1,10821
16733,FOUND,1,4060,25765,1,10822
13352,FOUND,1,831,12157,1,10823
13615,FOUND,1,1092,12157,1,10824
37799,FOUND,1,17633,26410,1,10825
36745,FOUND,1,16788,26410,1,10826
36818,FOUND,1,16821,26410,1,10827
37715,FOUND,1,27210,26410,1,10828
27906,FOUND,1,12531,26410,1,10829
36746,FOUND,1,16789,26410,1,10830
36781,FOUND,1,16811,26410,1,10831
37131,FOUND,1,17042,26410,1,10832
36938,FOUND,1,27716,26410,1,10833
14361,FOUND,1,1806,12157,1,10834
14342,FOUND,1,1787,12157,1,10835
22527,FOUND,1,8472,12157,1,10836
16413,FOUND,1,3791,12157,1,10837
26390,FOUND,1,11033,25704,1,10838
27152,FOUND,1,11789,26410,1,10839
37693,FOUND,1,17543,26410,1,10840
36777,FOUND,1,16808,26410,1,10841
36618,FOUND,1,16711,26410,1,10842
37663,FOUND,1,17525,26410,1,10843
36936,FOUND,1,27715,26410,1,10844
37609,FOUND,1,17498,26410,1,10845
27163,FOUND,1,11800,25705,1,10846
37605,FOUND,1,17497,26410,1,10847
26576,FOUND,1,11218,25701,1,10848
23174,FOUND,1,9076,12157,1,10849
12928,FOUND,1,428,25698,1,10850
16216,FOUND,1,3594,12157,1,10851
16434,FOUND,1,3812,12157,1,10852
36786,FOUND,1,16814,25744,1,10853
37247,FOUND,1,17146,25744,1,10854
17614,FOUND,1,4786,12157,1,10855
36935,FOUND,1,27177,26410,1,10856
36989,FOUND,1,16913,25743,1,10857
30763,FOUND,1,12679,12157,1,10858
36998,FOUND,1,16920,25743,1,10859
36933,FOUND,1,27176,26410,1,10860
37688,FOUND,1,17538,26410,1,10861
16024,FOUND,1,3404,12157,1,10862
14255,FOUND,1,1702,12157,1,10863
37775,FOUND,1,17612,25738,1,10864
16591,FOUND,1,3945,12157,1,10865
18215,FOUND,1,5282,12157,1,10866
14398,FOUND,1,1843,12157,1,10867
12850,FOUND,1,355,12157,1,10868
33861,FOUND,1,14083,23704,1,10869
33859,FOUND,1,14081,23703,1,10870
14742,FOUND,1,2174,12157,1,10871
13692,FOUND,1,1169,12157,1,10872
33876,FOUND,1,14095,23704,1,10873
33835,FOUND,1,14058,23700,1,10874
33887,FOUND,1,14104,23699,1,10875
16029,FOUND,1,3409,12157,1,10876
32950,NOT_FOUND,0,,,1,10877
33898,FOUND,1,14115,23210,1,10878
33831,FOUND,1,28820,23699,1,10879
13181,FOUND,1,673,12157,1,10880
13603,FOUND,1,1080,12157,1,10881
23637,FOUND,1,9514,12157,1,10882
19887,FOUND,1,6073,23093,1,10883
14134,FOUND,1,1587,12157,1,10884
20635,FOUND,1,6713,23343,1,10885
14953,FOUND,1,2372,26105,1,10886
17231,FOUND,1,4478,26108,1,10887
16478,FOUND,1,3856,12157,1,10888
14130,FOUND,1,1583,12157,1,10889
25878,FOUND,1,10579,26109,1,10890
16618,FOUND,1,3959,26110,1,10891
16626,FOUND,1,3965,26111,1,10892
26406,FOUND,1,11049,26111,1,10893
27231,FOUND,1,11868,26107,1,10894
15040,FOUND,1,2449,26107,1,10895
27241,FOUND,1,11878,26103,1,10896
27767,FOUND,1,12401,26114,1,10897
23625,FOUND,1,9502,12157,1,10898
27558,FOUND,1,12195,26112,1,10899
28048,FOUND,1,12609,12157,1,10900
15105,FOUND,1,2506,26114,1,10901
27754,FOUND,1,12388,26115,1,10902
27225,FOUND,1,11862,26116,1,10903
23985,FOUND,1,9850,12157,1,10904
15042,FOUND,1,2451,26095,1,10905
26522,FOUND,1,11165,26094,1,10906
15027,FOUND,1,2437,26095,1,10907
27252,FOUND,1,11889,26096,1,10908
27222,FOUND,1,11859,26096,1,10909
27192,FOUND,1,11829,26097,1,10910
27232,FOUND,1,11869,26098,1,10911
15104,FOUND,1,2505,26098,1,10912
22355,FOUND,1,8303,12157,1,10913
17998,FOUND,1,5070,26099,1,10914
16708,FOUND,1,4037,26149,1,10915
26793,FOUND,1,11431,26152,1,10916
26474,FOUND,1,11117,12157,1,10917
17166,FOUND,1,4422,26158,1,10918
27147,FOUND,1,11784,26159,1,10919
27308,FOUND,1,11945,26159,1,10920
26826,FOUND,1,11464,12157,1,10921
23570,FOUND,1,9449,12157,1,10922
26033,FOUND,1,10730,26160,1,10923
27577,FOUND,1,12214,26161,1,10924
38315,FOUND,1,18145,21770,1,10925
38371,FOUND,1,18201,21801,1,10926
38370,FOUND,1,18200,21800,1,10927
38375,FOUND,1,18205,21801,1,10928
38381,FOUND,1,18211,21800,1,10929
14278,FOUND,1,1724,12157,1,10930
13158,FOUND,1,650,12157,1,10931
38336,FOUND,1,18166,21787,1,10932
38373,FOUND,1,18203,21803,1,10933
27052,FOUND,1,11690,12157,1,10934
22723,FOUND,1,8668,12157,1,10935
38386,FOUND,1,18216,21802,1,10936
38372,FOUND,1,18202,21802,1,10937
38374,FOUND,1,18204,21803,1,10938
36042,FOUND,1,16138,26410,1,10939
16832,NOT_FOUND,0,,,1,10940
37362,FOUND,1,17258,26410,1,10941
35046,FOUND,1,15145,26410,1,10942
30864,FOUND,1,12738,12157,1,10943
37329,FOUND,1,17226,25880,1,10944
37327,FOUND,1,17224,25880,1,10945
36018,FOUND,1,16114,25881,1,10946
36017,FOUND,1,16113,25881,1,10947
23166,FOUND,1,9068,12157,1,10948
37988,FOUND,1,17821,25877,1,10949
15668,FOUND,1,3050,12157,1,10950
27304,FOUND,1,11941,25873,1,10951
16224,FOUND,1,3602,12157,1,10952
15972,FOUND,1,3352,12157,1,10953
13616,FOUND,1,1093,12157,1,10954
37472,FOUND,1,17368,25864,1,10955
13170,FOUND,1,662,12157,1,10956
30836,FOUND,1,12710,12157,1,10957
26579,FOUND,1,11221,12157,1,10958
12306,FOUND,1,113,12157,1,10959
37985,FOUND,1,17818,25876,1,10960
23195,FOUND,1,9097,12157,1,10961
12892,FOUND,1,395,12157,1,10962
13607,FOUND,1,1084,12157,1,10963
33892,FOUND,1,14109,23710,1,10964
27833,FOUND,1,12465,25915,1,10965
17086,FOUND,1,4369,25915,1,10966
17903,FOUND,1,4991,25914,1,10967
19628,FOUND,1,5875,12157,1,10968
17995,FOUND,1,5067,12157,1,10969
45649,FOUND,1,24179,12157,1,10970
17616,FOUND,1,4788,12157,1,10971
16176,FOUND,1,3554,12157,1,10972
35997,FOUND,1,16093,25918,1,10973
35998,FOUND,1,16094,25917,1,10974
41002,FOUND,1,27932,12157,1,10975
30862,FOUND,1,12736,12157,1,10976
35972,FOUND,1,16068,25921,1,10977
37386,FOUND,1,17282,25922,1,10978
37346,FOUND,1,17242,25923,1,10979
45363,NOT_FOUND,0,,,1,10980
45296,NOT_FOUND,0,,,1,10981
13204,FOUND,1,696,12157,1,10982
37345,FOUND,1,17241,25921,1,10983
35951,FOUND,1,16047,25920,1,10984
13510,FOUND,1,988,12157,1,10985
16671,FOUND,1,4004,12157,1,10986
16474,FOUND,1,3852,12157,1,10987
26242,FOUND,1,10887,12157,1,10988
30871,FOUND,1,12745,12157,1,10989
30780,FOUND,1,12696,12157,1,10990
35974,FOUND,1,16070,21492,1,10991
38480,FOUND,1,18306,21821,1,10992
36000,FOUND,1,16096,21284,1,10993
35985,FOUND,1,16081,21308,1,10994
38461,FOUND,1,18287,21811,1,10995
38469,FOUND,1,18295,21815,1,10996
35958,FOUND,1,16054,21488,1,10997
38476,FOUND,1,18302,21819,1,10998
22857,FOUND,1,8799,12157,1,10999
13092,FOUND,1,586,12157,1,11000
15243,FOUND,1,2632,12157,1,11001
37903,FOUND,1,17737,21432,1,11002
12894,FOUND,1,397,12157,1,11003
26263,FOUND,1,10908,12157,1,11004
35973,FOUND,1,16069,21492,1,11005
35960,FOUND,1,16056,21283,1,11006
35567,FOUND,1,15664,21432,1,11007
13362,FOUND,1,841,12157,1,11008
35959,FOUND,1,16055,21488,1,11009
13405,FOUND,1,884,12157,1,11010
32870,FOUND,1,13313,12157,1,11011
37388,FOUND,1,17284,25938,1,11012
23690,FOUND,1,9567,12157,1,11013
12147,FOUND,1,104,12157,1,11014
37373,FOUND,1,17269,25941,1,11015
22851,FOUND,1,8793,12157,1,11016
37387,FOUND,1,17283,25941,1,11017
16491,FOUND,1,3869,12157,1,11018
23665,FOUND,1,9542,12157,1,11019
17491,FOUND,1,4674,12157,1,11020
27899,FOUND,1,12524,25950,1,11021
23601,FOUND,1,9480,12157,1,11022
23629,FOUND,1,9506,12157,1,11023
17746,FOUND,1,4893,25952,1,11024
14302,FOUND,1,1747,25953,1,11025
12903,FOUND,1,406,25949,1,11026
27074,FOUND,1,11711,19769,1,11027
13129,FOUND,1,623,12157,1,11028
14282,FOUND,1,1728,12157,1,11029
15634,FOUND,1,3016,12157,1,11030
45271,NOT_FOUND,0,,,1,11031
14137,FOUND,1,1590,12157,1,11032
37912,FOUND,1,17746,26066,1,11033
13050,FOUND,1,544,12157,1,11034
37222,FOUND,1,17126,26067,1,11035
23709,FOUND,1,9586,12157,1,11036
33889,FOUND,1,14106,23711,1,11037
33832,FOUND,1,14055,23349,1,11038
33877,FOUND,1,14096,23708,1,11039
33823,FOUND,1,14047,23023,1,11040
15613,FOUND,1,2995,12157,1,11041
16030,FOUND,1,3410,12157,1,11042
26247,FOUND,1,10892,12157,1,11043
33880,FOUND,1,14099,23709,1,11044
19735,FOUND,1,5946,23023,1,11045
15490,FOUND,1,2873,12157,1,11046
33881,FOUND,1,14100,23710,1,11047
33897,FOUND,1,14114,23709,1,11048
33894,FOUND,1,14111,23093,1,11049
20664,FOUND,1,6741,23190,1,11050
12839,FOUND,1,344,12157,1,11051
12851,FOUND,1,356,12157,1,11052
35485,FOUND,1,15582,25859,1,11053
26403,FOUND,1,11046,12157,1,11054
15550,FOUND,1,2932,12157,1,11055
27298,FOUND,1,11935,25905,1,11056
44246,FOUND,1,23018,12157,1,11057
45211,FOUND,1,23854,12157,1,11058
27098,FOUND,1,11735,19726,1,11059
14421,FOUND,1,1866,25911,1,11060
27093,FOUND,1,11730,19728,1,11061
12869,FOUND,1,373,19728,1,11062
15522,FOUND,1,2904,25913,1,11063
27036,FOUND,1,11674,25911,1,11064
14261,FOUND,1,1708,25910,1,11065
16063,FOUND,1,3443,12157,1,11066
27018,FOUND,1,11656,12157,1,11067
41553,FOUND,1,20890,14374,1,11068
27076,FOUND,1,11713,19648,1,11069
14599,FOUND,1,2043,25833,1,11070
26283,FOUND,1,10928,12157,1,11071
22766,FOUND,1,8709,12157,1,11072
16427,FOUND,1,3805,12157,1,11073
26301,FOUND,1,10946,12157,1,11074
27792,FOUND,1,12425,25836,1,11075
36306,FOUND,1,16402,25837,1,11076
47126,FOUND,1,25375,12157,1,11077
27346,FOUND,1,11983,25835,1,11078
13403,FOUND,1,882,12157,1,11079
14248,FOUND,1,1695,12157,1,11080
45068,FOUND,1,23727,12157,1,11081
16093,FOUND,1,3472,12157,1,11082
27990,FOUND,1,12554,12157,1,11083
36315,FOUND,1,16411,25843,1,11084
36244,FOUND,1,16340,25846,1,11085
27714,FOUND,1,12351,25842,1,11086
36238,FOUND,1,16334,25841,1,11087
27328,FOUND,1,11965,25845,1,11088
36239,FOUND,1,16335,25845,2,11089
17026,FOUND,1,4315,25848,1,11091
26089,FOUND,1,10784,25849,1,11092
13110,FOUND,1,604,12157,1,11093
16937,FOUND,1,4245,25849,1,11094
26316,FOUND,1,10961,25699,1,11095
36941,FOUND,1,16883,26410,1,11096
37652,FOUND,1,27193,26410,1,11097
37764,FOUND,1,17602,25798,1,11098
37765,FOUND,1,17603,25798,1,11099
22286,FOUND,1,8236,12157,1,11100
14357,FOUND,1,1802,12157,1,11101
16529,FOUND,1,3889,25805,1,11102
13383,FOUND,1,862,12157,1,11103
16493,FOUND,1,3871,12157,1,11104
40175,FOUND,1,19757,14160,1,11105
13385,FOUND,1,864,12157,1,11106
27144,FOUND,1,11781,19624,1,11107
25939,FOUND,1,10637,25807,1,11108
17460,FOUND,1,4643,25806,1,11109
27760,FOUND,1,12394,25806,1,11110
26028,FOUND,1,10725,25807,1,11111
27125,FOUND,1,11762,19624,1,11112
13315,FOUND,1,800,12157,1,11113
14348,FOUND,1,1793,12157,1,11114
25977,FOUND,1,10675,25811,1,11115
17685,FOUND,1,4841,25810,1,11116
17437,FOUND,1,4624,25810,1,11117
16534,FOUND,1,3894,25811,1,11118
38377,FOUND,1,18207,21799,1,11119
13693,FOUND,1,1170,12157,1,11120
38335,FOUND,1,18165,21787,1,11121
38376,FOUND,1,18206,21797,1,11122
38361,FOUND,1,18191,21796,1,11123
38362,FOUND,1,18192,21797,1,11124
38360,FOUND,1,18190,21794,1,11125
27337,FOUND,1,11974,20765,1,11126
38358,FOUND,1,18188,21795,1,11127
38363,FOUND,1,18193,21795,1,11128
38340,FOUND,1,18170,21789,1,11129
20510,FOUND,1,6593,12157,1,11130
26284,FOUND,1,10929,12157,1,11131
36012,FOUND,1,16108,20364,1,11132
38368,FOUND,1,18198,21796,1,11133
38366,FOUND,1,18196,21799,1,11134
15081,FOUND,1,2485,20326,1,11135
22700,FOUND,1,8645,12157,1,11136
38355,FOUND,1,18185,21794,1,11137
15020,FOUND,1,2433,20309,1,11138
17925,FOUND,1,5007,20570,1,11139
17900,FOUND,1,4988,20570,1,11140
16469,FOUND,1,3847,20353,1,11141
15906,FOUND,1,3286,20353,1,11142
17896,FOUND,1,4984,20568,1,11143
26245,FOUND,1,10890,12157,1,11144
17561,FOUND,1,4734,20475,1,11145
32914,NOT_FOUND,0,,,1,11146
34055,NOT_FOUND,0,,,1,11147
17398,FOUND,1,4593,20513,1,11148
12772,FOUND,1,280,12157,1,11149
17442,FOUND,1,4629,20522,1,11150
45343,FOUND,1,23912,12157,1,11151
26032,FOUND,1,10729,20306,1,11152
15016,FOUND,1,2430,20306,1,11153
30876,FOUND,1,12750,12157,1,11154
12861,FOUND,1,366,20252,1,11155
25940,FOUND,1,10638,20626,1,11156
22517,FOUND,1,8462,12157,1,11157
25928,FOUND,1,10627,20628,1,11158
17538,FOUND,1,4712,20362,1,11159
16535,FOUND,1,3895,20362,1,11160
16526,FOUND,1,3886,20357,1,11161
17422,FOUND,1,4613,20357,1,11162
17148,FOUND,1,4407,20442,1,11163
37699,FOUND,1,17548,21694,1,11164
37923,FOUND,1,17756,20977,1,11165
26243,FOUND,1,10888,12157,1,11166
13299,FOUND,1,784,12157,1,11167
15461,FOUND,1,2845,12157,1,11168
15389,FOUND,1,2773,12157,1,11169
23864,FOUND,1,9729,12157,1,11170
13948,FOUND,1,1405,12157,1,11171
22741,FOUND,1,8686,12157,1,11172
37975,FOUND,1,17808,21728,1,11173
37909,FOUND,1,17743,21728,1,11174
37977,FOUND,1,17810,21739,1,11175
37976,FOUND,1,17809,21739,1,11176
37708,FOUND,1,17554,21695,1,11177
37978,FOUND,1,17811,21695,1,11178
37710,FOUND,1,17556,21697,1,11179
37711,FOUND,1,17557,21697,1,11180
14381,FOUND,1,1826,12157,1,11181
18368,FOUND,1,5428,12157,1,11182
37910,FOUND,1,17744,21726,1,11183
37905,FOUND,1,17739,21726,1,11184
15090,FOUND,1,2492,20330,1,11185
37907,FOUND,1,17741,20330,1,11186
37979,FOUND,1,17812,21727,1,11187
37908,FOUND,1,17742,21727,1,11188
38488,FOUND,1,18314,21825,1,11189
38491,FOUND,1,18317,21826,1,11190
39550,FOUND,1,19224,14092,1,11191
22495,FOUND,1,8440,12157,1,11192
38309,FOUND,1,18139,21773,1,11193
38486,FOUND,1,18312,21824,1,11194
38489,FOUND,1,18315,21825,1,11195
35990,FOUND,1,16086,21496,1,11196
14922,FOUND,1,2344,12157,1,11197
34885,FOUND,1,14985,21027,1,11198
38313,FOUND,1,18143,21775,1,11199
38302,FOUND,1,18132,21769,1,11200
38380,FOUND,1,18210,21805,1,11201
16549,FOUND,1,3906,20364,1,11202
38306,FOUND,1,18136,21772,1,11203
38312,FOUND,1,18142,21774,1,11204
37776,FOUND,1,17613,25759,1,11205
17324,FOUND,1,4548,25751,1,11206
17116,NOT_FOUND,0,,,1,11207
35261,FOUND,1,15358,26410,1,11208
36320,FOUND,1,16416,20885,1,11209
15133,FOUND,1,2528,12157,1,11210
27084,FOUND,1,11721,19570,1,11211
27020,FOUND,1,11658,25752,1,11212
16261,FOUND,1,3639,12157,1,11213
14490,FOUND,1,1935,12157,1,11214
16716,FOUND,1,4045,25724,1,11215
17330,FOUND,1,4551,25754,1,11216
14095,FOUND,1,1548,12157,1,11217
37129,FOUND,1,17040,25750,1,11218
18001,FOUND,1,5072,25724,1,11219
39774,FOUND,1,19366,12157,1,11220
27280,FOUND,1,11917,25756,1,11221
16408,FOUND,1,3786,12157,1,11222
35318,FOUND,1,15415,26410,1,11223
38260,FOUND,1,18092,26410,1,11224
27324,FOUND,1,11961,25752,1,11225
14054,FOUND,1,1508,12157,1,11226
26867,FOUND,1,11505,12157,1,11227
15208,FOUND,1,2598,12157,1,11228
15479,FOUND,1,2863,12157,1,11229
16185,FOUND,1,3563,12157,1,11230
14474,FOUND,1,1919,12157,1,11231
37818,FOUND,1,17652,21708,1,11232
14706,FOUND,1,2144,12157,1,11233
37935,FOUND,1,17768,21708,1,11234
16266,FOUND,1,3644,12157,1,11235
12150,FOUND,1,107,12157,1,11236
15632,FOUND,1,3014,12157,1,11237
23131,FOUND,1,9038,12157,1,11238
12846,FOUND,1,351,12157,1,11239
28019,FOUND,1,12580,12157,1,11240
15499,FOUND,1,2882,12157,1,11241
15419,FOUND,1,2803,12157,1,11242
23073,FOUND,1,8980,12157,1,11243
37490,FOUND,1,17386,21669,1,11244
37491,FOUND,1,17387,21669,1,11245
12865,NOT_FOUND,0,,,1,11246
14442,FOUND,1,1887,12157,1,11247
37492,FOUND,1,17388,21072,1,11248
37936,FOUND,1,17769,21230,1,11249
22636,FOUND,1,8581,12157,1,11250
37824,FOUND,1,17658,21402,1,11251
38329,FOUND,1,18159,21785,1,11252
38318,FOUND,1,18148,21778,1,11253
17446,FOUND,1,4633,12157,1,11254
26353,FOUND,1,10998,12157,1,11255
38484,FOUND,1,18310,21823,1,11256
38322,FOUND,1,18152,21780,1,11257
38492,FOUND,1,18318,21827,1,11258
38320,FOUND,1,18150,21779,1,11259
37997,FOUND,1,17830,20924,1,11260
34286,FOUND,1,29168,20924,1,11261
37998,FOUND,1,17831,20912,1,11262
37999,FOUND,1,17832,21388,1,11263
39373,FOUND,1,19061,14027,1,11264
14022,FOUND,1,1477,12157,1,11265
34066,NOT_FOUND,0,,,1,11266
45217,FOUND,1,23860,12157,1,11267
37437,FOUND,1,17333,21146,1,11268
22518,FOUND,1,8463,12157,1,11269
37541,FOUND,1,17436,21084,1,11270
37439,FOUND,1,17335,21656,1,11271
37438,FOUND,1,17334,21656,1,11272
37436,FOUND,1,17332,21218,1,11273
16156,FOUND,1,3535,12157,1,11274
37544,FOUND,1,17439,21036,1,11275
37545,FOUND,1,17440,21678,1,11276
37546,FOUND,1,17441,21678,1,11277
44184,FOUND,1,22956,12157,1,11278
44167,FOUND,1,22939,12157,1,11279
16144,FOUND,1,3523,12157,1,11280
15892,FOUND,1,3272,12157,1,11281
23923,FOUND,1,9788,12157,1,11282
16362,FOUND,1,3740,12157,1,11283
13877,FOUND,1,1334,12157,1,11284
37687,FOUND,1,17537,21693,1,11285
37816,FOUND,1,17650,21693,1,11286
14133,FOUND,1,1586,12157,1,11287
27748,FOUND,1,12383,20874,1,11288
45652,FOUND,1,24182,12157,1,11289
27660,FOUND,1,12297,20858,1,11290
13071,FOUND,1,565,12157,1,11291
14567,FOUND,1,2012,12157,1,11292
15666,FOUND,1,3048,12157,1,11293
30868,FOUND,1,12742,12157,1,11294
27743,FOUND,1,12378,20633,1,11295
25941,FOUND,1,10639,20633,1,11296
34166,FOUND,1,14305,12157,1,11297
26087,FOUND,1,10782,12157,1,11298
37817,FOUND,1,17651,20982,1,11299
15494,FOUND,1,2877,12157,1,11300
37924,FOUND,1,17757,20980,1,11301
37927,FOUND,1,17760,21707,1,11302
37814,FOUND,1,17648,21707,1,11303
37922,FOUND,1,17755,21694,1,11304
33865,FOUND,1,14087,23706,1,11305
33944,NOT_FOUND,0,,,1,11306
33941,NOT_FOUND,0,,,1,11307
33939,NOT_FOUND,0,,,1,11308
33943,NOT_FOUND,0,,,1,11309
20666,FOUND,1,6743,22737,1,11310
15597,FOUND,1,2979,12157,1,11311
20652,FOUND,1,6730,23339,1,11312
16378,FOUND,1,3756,12157,1,11313
33824,FOUND,1,14048,23695,1,11314
33827,FOUND,1,14051,23099,1,11315
41514,FOUND,1,20851,14354,1,11316
19881,FOUND,1,6067,23089,1,11317
20134,FOUND,1,6264,22643,1,11318
26770,FOUND,1,11408,12157,1,11319
20649,FOUND,1,6727,23089,1,11320
19897,FOUND,1,6082,23099,1,11321
33825,FOUND,1,14049,23632,1,11322
15744,FOUND,1,3126,12157,1,11323
20657,FOUND,1,6734,23349,1,11324
18222,FOUND,1,5289,22738,1,11325
20632,FOUND,1,6710,23342,1,11326
20328,FOUND,1,6432,23232,1,11327
19638,FOUND,1,5884,22815,1,11328
20248,FOUND,1,6364,23216,1,11329
20642,FOUND,1,6720,23225,1,11330
20660,FOUND,1,6737,23341,1,11331
40130,FOUND,1,19713,14160,1,11332
19663,FOUND,1,5903,22840,1,11333
19353,FOUND,1,5748,22897,1,11334
19662,FOUND,1,5902,22992,1,11335
19812,FOUND,1,6002,23053,1,11336
21671,FOUND,1,7651,22744,1,11337
18203,FOUND,1,5270,22733,1,11338
20303,FOUND,1,6408,23227,1,11339
20658,FOUND,1,6735,22897,1,11340
20496,FOUND,1,6579,23296,1,11341
20631,FOUND,1,6709,23341,1,11342
18120,FOUND,1,5188,22703,1,11343
22909,FOUND,1,8851,22806,1,11344
33870,FOUND,1,27740,23707,1,11345
23558,FOUND,1,9437,12157,1,11346
42660,FOUND,1,21767,12157,1,11347
34030,FOUND,1,14198,20890,1,11348
15925,FOUND,1,3305,12157,1,11349
32922,NOT_FOUND,0,,,1,11350
15929,FOUND,1,3309,12157,1,11351
22568,FOUND,1,8513,12157,1,11352
22615,FOUND,1,8560,12157,1,11353
13056,FOUND,1,550,12157,1,11354
32937,NOT_FOUND,0,,,1,11355
37895,FOUND,1,17729,26059,1,11356
14526,FOUND,1,1971,12157,1,11357
37135,FOUND,1,17046,26058,1,11358
37134,FOUND,1,17045,26057,1,11359
13976,FOUND,1,1431,12157,1,11360
13040,FOUND,1,534,12157,1,11361
16246,FOUND,1,3624,12157,1,11362
16765,FOUND,1,4091,12157,1,11363
23434,FOUND,1,9321,12157,1,11364
43767,FOUND,1,22782,12157,1,11365
45259,NOT_FOUND,0,,,1,11366
15476,FOUND,1,2860,12157,1,11367
22744,FOUND,1,27542,12157,1,11368
12944,FOUND,1,444,12157,1,11369
14744,FOUND,1,2176,12157,1,11370
15677,FOUND,1,3059,12157,1,11371
12855,FOUND,1,360,12157,1,11372
19767,FOUND,1,5971,23037,1,11373
33851,FOUND,1,14074,22992,1,11374
19880,FOUND,1,6066,23088,1,11375
19889,FOUND,1,6075,23095,1,11376
38989,FOUND,1,18796,12157,1,11377
20319,FOUND,1,6424,23226,1,11378
20291,FOUND,1,6398,23226,1,11379
18056,FOUND,1,5125,22643,1,11380
20644,FOUND,1,6722,23224,1,11381
27605,FOUND,1,12242,20836,1,11382
33852,FOUND,1,27737,23345,1,11383
20640,FOUND,1,6718,22987,1,11384
20665,FOUND,1,6742,23351,1,11385
20662,FOUND,1,6739,22726,1,11386
20273,FOUND,1,6382,22854,1,11387
33850,FOUND,1,14073,23037,1,11388
33906,FOUND,1,14118,23351,1,11389
33834,FOUND,1,14057,23696,1,11390
20630,FOUND,1,6708,23340,1,11391
20639,FOUND,1,6717,23345,1,11392
37786,FOUND,1,17623,26410,1,11393
12898,FOUND,1,401,12157,1,11394
37692,FOUND,1,17542,26410,1,11395
25323,FOUND,1,10040,12157,1,11396
14337,FOUND,1,1782,12157,1,11397
17887,FOUND,1,4979,25726,1,11398
14542,FOUND,1,1987,12157,1,11399
12773,FOUND,1,281,12157,1,11400
16237,FOUND,1,3615,12157,1,11401
17180,FOUND,1,4436,12157,1,11402
23617,FOUND,1,9496,12157,1,11403
15199,FOUND,1,2589,25763,1,11404
12919,FOUND,1,421,25762,1,11405
16101,FOUND,1,3480,12157,1,11406
13527,FOUND,1,1005,12157,1,11407
37608,FOUND,1,27179,26410,1,11408
14404,FOUND,1,1849,12157,1,11409
36931,FOUND,1,16879,26410,1,11410
16085,FOUND,1,3464,12157,1,11411
17649,FOUND,1,4816,25723,1,11412
15985,FOUND,1,3365,12157,1,11413
36883,FOUND,1,16852,26410,1,11414
13111,FOUND,1,605,12157,1,11415
27338,FOUND,1,11975,25728,1,11416
13426,FOUND,1,904,12157,1,11417
36980,FOUND,1,29127,25751,1,11418
16681,FOUND,1,4012,25725,1,11419
37726,FOUND,1,17568,26410,1,11420
36937,FOUND,1,16881,26410,1,11421
37691,FOUND,1,17541,25716,1,11422
38383,FOUND,1,18213,21806,1,11423
38351,FOUND,1,18181,21514,1,11424
38350,FOUND,1,18180,21781,1,11425
36019,FOUND,1,16115,21504,1,11426
38305,FOUND,1,18135,21771,1,11427
38307,FOUND,1,18137,21772,1,11428
35995,FOUND,1,16091,21499,1,11429
38325,FOUND,1,18155,21781,1,11430
28024,FOUND,1,12585,12157,1,11431
23502,FOUND,1,9387,12157,1,11432
22278,FOUND,1,8228,12157,1,11433
13682,FOUND,1,1159,12157,1,11434
27053,FOUND,1,11691,12157,1,11435
37965,FOUND,1,17798,21738,1,11436
15617,FOUND,1,2999,20349,1,11437
17659,FOUND,1,4824,12157,1,11438
26881,FOUND,1,11519,12157,1,11439
13237,FOUND,1,729,12157,1,11440
37968,FOUND,1,17801,21257,1,11441
16501,NOT_FOUND,0,,,1,11442
37969,FOUND,1,17802,20906,1,11443
16551,FOUND,1,3908,12157,1,11444
15563,FOUND,1,2945,12157,1,11445
13517,FOUND,1,995,12157,1,11446
16441,FOUND,1,3819,12157,1,11447
13124,FOUND,1,618,12157,1,11448
17603,FOUND,1,4775,12157,1,11449
30873,FOUND,1,12747,12157,1,11450
23505,FOUND,1,9390,12157,1,11451
13715,FOUND,1,1192,12157,1,11452
38005,FOUND,1,17838,21741,1,11453
17309,FOUND,1,4536,20494,1,11454
13936,FOUND,1,1393,12157,1,11455
15186,FOUND,1,2581,20342,1,11456
27726,FOUND,1,12363,20342,1,11457
27057,FOUND,1,11695,20682,1,11458
27202,FOUND,1,11839,20682,1,11459
26007,FOUND,1,10705,20636,1,11460
23700,FOUND,1,9577,12157,1,11461
22643,FOUND,1,8588,12157,1,11462
15683,FOUND,1,3065,12157,1,11463
23027,FOUND,1,27544,12157,1,11464
15471,FOUND,1,2855,12157,1,11465
13988,FOUND,1,1443,12157,1,11466
23914,FOUND,1,9779,12157,1,11467
14157,FOUND,1,1610,12157,1,11468
34160,FOUND,1,14299,12157,1,11469
44196,FOUND,1,22968,12157,1,11470
17549,FOUND,1,4722,25788,1,11471
23927,FOUND,1,9792,12157,1,11472
27265,FOUND,1,11902,25792,1,11473
17047,FOUND,1,4334,25788,1,11474
27615,FOUND,1,12252,26410,1,11475
16607,FOUND,1,3950,25793,1,11476
47146,FOUND,1,25395,12157,1,11477
34457,FOUND,1,14567,26410,1,11478
26367,FOUND,1,11011,12157,1,11479
16324,FOUND,1,3702,12157,1,11480
26002,FOUND,1,10700,25787,1,11481
27008,FOUND,1,11646,25790,1,11482
18022,FOUND,1,5091,25789,1,11483
22726,FOUND,1,8671,12157,1,11484
13119,FOUND,1,613,12157,1,11485
34486,FOUND,1,14596,26410,1,11486
34462,FOUND,1,14572,26410,1,11487
37498,FOUND,1,17394,21671,1,11488
37499,FOUND,1,17395,21671,1,11489
14792,FOUND,1,2224,12157,1,11490
13841,FOUND,1,1298,12157,1,11491
23063,FOUND,1,8970,12157,1,11492
27016,FOUND,1,11654,12157,1,11493
15720,FOUND,1,3102,12157,1,11494
14088,FOUND,1,1541,12157,1,11495
22642,FOUND,1,8587,12157,1,11496
45285,NOT_FOUND,0,,,1,11497
16092,FOUND,1,3471,12157,1,11498
12946,FOUND,1,446,12157,1,11499
37556,FOUND,1,17451,21601,1,11500
45634,FOUND,1,24166,12157,1,11501
14581,FOUND,1,2026,12157,1,11502
37434,FOUND,1,17330,21037,1,11503
15882,FOUND,1,3262,12157,1,11504
37435,FOUND,1,17331,21216,1,11505
12805,FOUND,1,311,12157,1,11506
37737,FOUND,1,17578,21699,1,11507
38677,NOT_FOUND,0,,,1,11508
13400,FOUND,1,879,12157,1,11509
15991,FOUND,1,3371,12157,1,11510
43768,FOUND,1,22783,12157,1,11511
45584,FOUND,1,28075,12157,1,11512
15717,FOUND,1,3099,12157,1,11513
37505,FOUND,1,17401,21673,1,11514
37502,FOUND,1,17398,21673,1,11515
37504,FOUND,1,17400,21674,1,11516
37503,FOUND,1,17399,21674,1,11517
37508,FOUND,1,17404,21675,1,11518
37506,FOUND,1,17402,21675,1,11519
37539,FOUND,1,29232,21676,1,11520
37507,FOUND,1,17403,21676,1,11521
37429,FOUND,1,17325,21655,1,11522
37427,FOUND,1,17323,21655,1,11523
30764,FOUND,1,12680,12157,1,11524
37428,FOUND,1,17324,21038,1,11525
37425,FOUND,1,17321,21172,1,11526
34818,FOUND,1,14918,21172,1,11527
23160,FOUND,1,9062,12157,1,11528
37426,FOUND,1,17322,21034,1,11529
34816,FOUND,1,14916,21171,1,11530
14230,FOUND,1,1677,12157,1,11531
34817,FOUND,1,14917,21088,1,11532
35257,FOUND,1,15354,26410,1,11533
17418,NOT_FOUND,0,,,1,11534
35260,FOUND,1,15357,26410,1,11535
17110,NOT_FOUND,0,,,1,11536
17451,NOT_FOUND,0,,,1,11537
17520,NOT_FOUND,0,,,1,11538
34440,FOUND,1,14550,26410,1,11539
17128,NOT_FOUND,0,,,1,11540
36616,FOUND,1,16709,26410,1,11541
36108,FOUND,1,16204,26410,1,11542
34426,FOUND,1,14536,26410,1,11543
16644,NOT_FOUND,0,,,1,11544
34464,FOUND,1,14574,26410,1,11545
34446,FOUND,1,14556,26410,1,11546
27824,FOUND,1,12457,26410,1,11547
17273,NOT_FOUND,0,,,1,11548
13261,FOUND,1,746,12157,1,11549
13391,FOUND,1,870,12157,1,11550
12853,FOUND,1,358,12157,1,11551
12940,FOUND,1,440,12157,1,11552
34475,FOUND,1,14585,26410,1,11553
36778,FOUND,1,27670,26410,1,11554
36776,FOUND,1,27669,26410,1,11555
17397,NOT_FOUND,0,,,1,11556
27121,FOUND,1,11758,12157,1,11557
37805,FOUND,1,17639,26410,1,11558
36782,FOUND,1,16812,26410,1,11559
37713,FOUND,1,17559,26410,1,11560
37690,FOUND,1,17540,26410,1,11561
17506,FOUND,1,4687,20526,1,11562
25828,FOUND,1,10529,20597,1,11563
22474,FOUND,1,8419,12157,1,11564
17410,FOUND,1,4604,20516,1,11565
37481,FOUND,1,17377,20516,1,11566
25938,FOUND,1,10636,20526,1,11567
15866,FOUND,1,3247,12157,1,11568
39024,FOUND,1,18817,12157,1,11569
36316,FOUND,1,16412,20574,1,11570
39026,FOUND,1,27231,12157,1,11571
11812,FOUND,1,58,12157,1,11572
36318,FOUND,1,16414,21562,1,11573
26080,FOUND,1,10775,20368,1,11574
14720,FOUND,1,2157,20282,1,11575
26078,FOUND,1,10773,20590,1,11576
17740,FOUND,1,4888,20254,1,11577
14718,FOUND,1,2155,20282,1,11578
14717,FOUND,1,2154,20281,1,11579
36314,FOUND,1,16410,20855,1,11580
13919,FOUND,1,1376,12157,1,11581
13392,FOUND,1,871,12157,1,11582
26593,FOUND,1,11235,20281,1,11583
26407,FOUND,1,11050,20650,1,11584
38993,FOUND,1,27675,12157,1,11585
26979,FOUND,1,11617,12157,1,11586
34820,FOUND,1,14920,21173,1,11587
17686,FOUND,1,4842,20474,1,11588
13640,FOUND,1,1117,12157,1,11589
44231,FOUND,1,23003,12157,1,11590
27778,FOUND,1,12412,20501,1,11591
17347,FOUND,1,4561,20501,1,11592
14528,FOUND,1,1973,12157,1,11593
22598,FOUND,1,8543,12157,1,11594
13036,FOUND,1,530,12157,1,11595
15849,FOUND,1,3230,12157,1,11596
36321,FOUND,1,16417,21563,1,11597
26756,FOUND,1,11394,12157,1,11598
15585,FOUND,1,2967,12157,1,11599
22514,FOUND,1,8459,12157,1,11600
16265,FOUND,1,3643,12157,1,11601
47131,FOUND,1,25380,12157,1,11602
38998,FOUND,1,18802,12157,1,11603
23871,FOUND,1,9736,12157,1,11604
36328,FOUND,1,16424,21564,1,11605
36330,FOUND,1,16426,21564,1,11606
12989,FOUND,1,484,12157,1,11607
17042,FOUND,1,4329,20437,1,11608
38012,FOUND,1,17845,21051,1,11609
16200,FOUND,1,3578,12157,1,11610
32900,NOT_FOUND,0,,,1,11611
15570,FOUND,1,2952,12157,1,11612
45704,FOUND,1,24208,12157,1,11613
38010,FOUND,1,17843,21046,1,11614
25862,FOUND,1,10563,20607,1,11615
38011,FOUND,1,17844,20607,1,11616
37967,FOUND,1,17800,20923,1,11617
37973,FOUND,1,17806,21590,1,11618
17171,FOUND,1,4427,12157,1,11619
14598,FOUND,1,2042,12157,1,11620
42603,FOUND,1,21712,12157,1,11621
16231,FOUND,1,3609,12157,1,11622
26039,FOUND,1,10736,20643,1,11623
34057,NOT_FOUND,0,,,1,11624
14535,FOUND,1,1980,12157,1,11625
14360,FOUND,1,1805,12157,1,11626
37482,FOUND,1,17378,20525,1,11627
27539,FOUND,1,12176,26134,1,11628
17445,FOUND,1,4632,20525,1,11629
17539,FOUND,1,4713,20510,1,11630
17388,FOUND,1,4585,20510,1,11631
27079,FOUND,1,11716,20688,1,11632
36308,FOUND,1,16404,20688,1,11633
22477,FOUND,1,8422,12157,1,11634
27712,FOUND,1,12349,20866,1,11635
17592,FOUND,1,4765,12157,1,11636
27582,FOUND,1,12219,20453,1,11637
16047,FOUND,1,3427,12157,1,11638
23137,FOUND,1,9044,12157,1,11639
45658,FOUND,1,24188,12157,1,11640
15644,FOUND,1,3026,12157,1,11641
17013,FOUND,1,4302,20425,1,11642
14249,FOUND,1,1696,12157,1,11643
14554,FOUND,1,1999,12157,1,11644
39486,FOUND,1,19165,14065,1,11645
47122,FOUND,1,25371,12157,1,11646
36284,FOUND,1,16380,21559,1,11647
36282,FOUND,1,16378,21559,1,11648
19633,FOUND,1,5880,12157,1,11649
18031,FOUND,1,5100,25770,1,11650
27687,FOUND,1,12324,25771,1,11651
27329,FOUND,1,11966,25764,1,11652
12149,FOUND,1,106,12157,1,11653
25836,FOUND,1,10537,25761,1,11654
36966,FOUND,1,16895,25753,1,11655
25865,FOUND,1,10566,25764,1,11656
37766,FOUND,1,17604,25759,1,11657
14351,FOUND,1,1796,12157,1,11658
17593,NOT_FOUND,0,,,1,11659
18036,FOUND,1,5105,25729,1,11660
13143,FOUND,1,635,12157,1,11661
23581,FOUND,1,9460,12157,1,11662
13309,FOUND,1,794,12157,1,11663
27664,FOUND,1,12301,25834,1,11664
27887,FOUND,1,12513,25772,1,11665
25999,FOUND,1,10697,25767,1,11666
12726,FOUND,1,234,12157,1,11667
13351,FOUND,1,830,12157,1,11668
35991,FOUND,1,16087,21366,1,11669
37408,FOUND,1,17304,21360,1,11670
19968,FOUND,1,6153,12157,1,11671
27099,FOUND,1,11736,12157,1,11672
37407,FOUND,1,17303,21649,1,11673
26920,FOUND,1,11558,12157,1,11674
14797,FOUND,1,2228,12157,1,11675
37413,FOUND,1,17309,21502,1,11676
22539,FOUND,1,8484,12157,1,11677
16300,FOUND,1,3678,12157,1,11678
60669,FOUND,1,26853,24387,1,11679
34142,FOUND,1,14283,12157,1,11680
45642,FOUND,1,24172,12157,1,11681
12148,FOUND,1,105,12157,1,11682
16412,FOUND,1,3790,12157,1,11683
14344,FOUND,1,1789,12157,1,11684
12939,FOUND,1,439,12157,1,11685
14354,FOUND,1,1799,12157,1,11686
12949,FOUND,1,449,12157,1,11687
16208,FOUND,1,3586,12157,1,11688
25791,FOUND,1,10492,25818,1,11689
17540,FOUND,1,4714,25819,1,11690
25826,FOUND,1,10527,25820,1,11691
14212,FOUND,1,1660,25821,1,11692
13401,FOUND,1,880,12157,1,11693
14700,FOUND,1,2140,25822,1,11694
12854,FOUND,1,359,12157,1,11695
23229,FOUND,1,9131,12157,1,11696
26473,FOUND,1,11116,25824,1,11697
16079,FOUND,1,3458,12157,1,11698
16235,FOUND,1,3613,12157,1,11699
16233,FOUND,1,3611,12157,1,11700
16041,FOUND,1,3421,12157,1,11701
27562,FOUND,1,12199,25777,1,11702
27686,FOUND,1,12323,25777,1,11703
18005,FOUND,1,5075,25778,1,11704
13105,FOUND,1,599,12157,1,11705
27900,FOUND,1,12525,25773,1,11706
27684,FOUND,1,12321,25769,1,11707
17394,FOUND,1,4591,25774,1,11708
13978,FOUND,1,1433,25768,1,11709
15600,FOUND,1,2982,12157,1,11710
45679,NOT_FOUND,0,,,1,11711
16376,FOUND,1,3754,12157,1,11712
15910,FOUND,1,3290,12157,1,11713
13376,FOUND,1,855,12157,1,11714
13924,FOUND,1,1381,12157,1,11715
27313,FOUND,1,11950,20757,1,11716
14428,FOUND,1,1873,12157,1,11717
24040,FOUND,1,9903,12157,1,11718
13384,FOUND,1,863,12157,1,11719
26758,FOUND,1,11396,12157,1,11720
38344,FOUND,1,18174,21766,1,11721
37950,FOUND,1,17783,21542,1,11722
38295,FOUND,1,18125,20892,1,11723
15140,FOUND,1,2535,12157,1,11724
17638,FOUND,1,4806,20486,1,11725
36029,FOUND,1,16125,21509,1,11726
38343,FOUND,1,18173,21509,1,11727
38286,FOUND,1,18116,21766,1,11728
14634,FOUND,1,2076,12157,1,11729
27091,FOUND,1,11728,12157,1,11730
38341,FOUND,1,18171,21790,1,11731
38347,FOUND,1,18177,21790,1,11732
34035,FOUND,1,14203,20890,1,11733
38349,FOUND,1,18179,21791,1,11734
38342,FOUND,1,18172,20897,1,11735
45256,NOT_FOUND,0,,,1,11736
34039,FOUND,1,14207,20897,1,11737
38348,FOUND,1,18178,21791,1,11738
19664,FOUND,1,5904,22689,1,11739
18090,FOUND,1,5159,22675,1,11740
21418,FOUND,1,7401,23559,1,11741
18072,FOUND,1,5141,22657,1,11742
18232,FOUND,1,5298,22692,1,11743
20656,FOUND,1,6733,22896,1,11744
39398,FOUND,1,19085,14033,1,11745
18219,FOUND,1,5286,22736,1,11746
21382,FOUND,1,7366,23553,1,11747
18066,FOUND,1,5135,22652,1,11748
21441,FOUND,1,7424,23553,1,11749
19921,FOUND,1,6106,22706,1,11750
18051,FOUND,1,5120,22638,1,11751
21467,FOUND,1,7450,22972,1,11752
19352,FOUND,1,5747,22896,1,11753
43720,FOUND,1,22735,23516,1,11754
21592,FOUND,1,7574,23542,1,11755
21056,FOUND,1,7047,23516,1,11756
19618,FOUND,1,5865,22974,1,11757
18058,FOUND,1,5127,22644,1,11758
20034,FOUND,1,6190,23135,1,11759
18780,FOUND,1,5567,22785,1,11760
18123,FOUND,1,5191,22706,1,11761
60658,FOUND,1,26842,24398,1,11762
19850,FOUND,1,6037,22679,1,11763
21063,FOUND,1,7054,23521,1,11764
21054,FOUND,1,7045,22736,1,11765
38269,FOUND,1,18100,21759,1,11766
26915,FOUND,1,11553,12157,1,11767
24039,FOUND,1,9902,12157,1,11768
27392,FOUND,1,12029,20774,1,11769
27554,FOUND,1,12191,20820,1,11770
35965,FOUND,1,16061,21489,1,11771
34032,FOUND,1,14200,20892,1,11772
12842,FOUND,1,347,12157,1,11773
38280,FOUND,1,18110,21429,1,11774
37245,FOUND,1,17144,21627,1,11775
35979,FOUND,1,16075,21489,1,11776
35970,FOUND,1,16066,21491,1,11777
13060,FOUND,1,554,12157,1,11778
30845,FOUND,1,12719,12157,1,11779
38283,FOUND,1,18113,21764,1,11780
37780,FOUND,1,17617,21606,1,11781
14395,FOUND,1,1840,12157,1,11782
27364,FOUND,1,12001,20769,1,11783
15021,FOUND,1,2434,20310,1,11784
37315,FOUND,1,17212,21306,1,11785
31853,NOT_FOUND,0,,,1,11786
13397,FOUND,1,876,12157,1,11787
14683,FOUND,1,2123,12157,1,11788
26568,FOUND,1,11210,12157,1,11789
17739,FOUND,1,4887,26077,1,11790
26464,FOUND,1,11107,26077,1,11791
15865,FOUND,1,3246,12157,1,11792
18015,FOUND,1,5084,26184,1,11793
25856,FOUND,1,10557,26180,1,11794
13906,FOUND,1,1363,12157,1,11795
60650,FOUND,1,29262,24405,1,11796
17673,FOUND,1,4833,26072,1,11797
18030,FOUND,1,5099,26074,1,11798
26307,FOUND,1,10952,12157,1,11799
24024,FOUND,1,9887,12157,1,11800
12877,FOUND,1,380,12157,1,11801
14443,FOUND,1,1888,12157,1,11802
25871,FOUND,1,10572,26128,1,11803
14707,FOUND,1,2145,12157,1,11804
14156,FOUND,1,1609,12157,1,11805
32885,NOT_FOUND,0,,,1,11806
26458,FOUND,1,11101,12157,1,11807
15531,FOUND,1,2913,12157,1,11808
32909,NOT_FOUND,0,,,1,11809
26797,FOUND,1,11435,26155,1,11810
16162,FOUND,1,3541,12157,1,11811
26794,FOUND,1,11432,26151,1,11812
26874,FOUND,1,11512,12157,1,11813
14440,FOUND,1,1885,12157,1,11814
25874,FOUND,1,10575,26370,1,11815
15888,FOUND,1,3268,12157,1,11816
44214,FOUND,1,22986,12157,1,11817
26037,FOUND,1,10734,26278,1,11818
27652,FOUND,1,12289,26366,1,11819
27741,FOUND,1,12376,26320,1,11820
23714,FOUND,1,9591,12157,1,11821
18193,FOUND,1,5260,12157,1,11822
23578,FOUND,1,9457,12157,1,11823
14541,FOUND,1,1986,12157,1,11824
16096,FOUND,1,3475,12157,1,11825
15907,FOUND,1,3287,12157,1,11826
22748,FOUND,1,8691,12157,1,11827
37342,FOUND,1,17238,26323,1,11828
14585,FOUND,1,2030,12157,1,11829
14352,FOUND,1,1797,12157,1,11830
45678,NOT_FOUND,0,,,1,11831
27156,FOUND,1,11793,26318,1,11832
37403,FOUND,1,17299,26319,1,11833
23824,FOUND,1,9689,12157,1,11834
14402,FOUND,1,1847,12157,1,11835
17696,FOUND,1,4850,26362,1,11836
12943,FOUND,1,443,12157,1,11837
14481,FOUND,1,1926,12157,1,11838
23440,FOUND,1,9327,12157,1,11839
37916,FOUND,1,17750,21731,1,11840
27288,FOUND,1,11925,20748,1,11841
13308,FOUND,1,793,12157,1,11842
23389,FOUND,1,9282,12157,1,11843
23560,FOUND,1,9439,12157,1,11844
26204,FOUND,1,10852,12157,1,11845
15421,FOUND,1,2805,12157,1,11846
26723,FOUND,1,11361,12157,1,11847
14769,FOUND,1,2201,12157,1,11848
37944,FOUND,1,17777,21731,1,11849
15703,FOUND,1,3085,12157,1,11850
27250,FOUND,1,11887,20738,1,11851
37951,FOUND,1,17784,21456,1,11852
27950,FOUND,1,12549,12157,1,11853
37747,FOUND,1,17585,21556,1,11854
13495,FOUND,1,973,12157,1,11855
37781,FOUND,1,17618,21701,1,11856
27217,FOUND,1,11854,20725,1,11857
37773,FOUND,1,17610,21626,1,11858
26975,FOUND,1,11613,12157,1,11859
23388,FOUND,1,9281,12157,1,11860
15787,FOUND,1,3169,12157,1,11861
37777,FOUND,1,17614,21701,1,11862
32947,NOT_FOUND,0,,,1,11863
60692,FOUND,1,26876,24387,1,11864
60599,FOUND,1,28948,24384,1,11865
60600,FOUND,1,28947,24384,1,11866
60607,FOUND,1,26793,24383,1,11867
60620,FOUND,1,26806,24380,1,11868
60638,FOUND,1,26824,24380,1,11869
60611,FOUND,1,26797,24377,1,11870
60622,FOUND,1,26808,24379,1,11871
60598,FOUND,1,28946,24383,1,11872
60610,FOUND,1,26796,24376,1,11873
60639,FOUND,1,26825,24379,1,11874
60621,FOUND,1,26807,26410,1,11875
60686,FOUND,1,26870,24418,1,11876
60613,FOUND,1,26799,24375,1,11877
60619,FOUND,1,26805,24378,1,11878
60634,FOUND,1,26820,24375,1,11879
60604,FOUND,1,28944,24376,1,11880
46815,FOUND,1,25072,12157,1,11881
46902,FOUND,1,25152,12157,1,11882
46814,FOUND,1,25071,12157,1,11883
46868,FOUND,1,25118,12157,1,11884
46797,FOUND,1,25054,12157,1,11885
46800,FOUND,1,25057,12157,1,11886
46825,FOUND,1,25082,12157,1,11887
46574,FOUND,1,24842,12157,1,11888
46886,FOUND,1,25136,12157,1,11889
46951,FOUND,1,25201,12157,1,11890
13520,FOUND,1,998,12157,1,11891
46802,FOUND,1,25059,12157,1,11892
46893,FOUND,1,25143,12157,1,11893
47079,FOUND,1,25329,12157,1,11894
46527,FOUND,1,24795,12157,1,11895
46908,FOUND,1,25158,12157,1,11896
46955,FOUND,1,25205,12157,1,11897
46806,FOUND,1,25063,12157,1,11898
47052,FOUND,1,25302,12157,1,11899
47015,FOUND,1,25265,12157,1,11900
46608,FOUND,1,24876,12157,1,11901
46580,FOUND,1,24848,12157,1,11902
47087,FOUND,1,25337,12157,1,11903
46991,FOUND,1,25241,12157,1,11904
47022,FOUND,1,25272,12157,1,11905
46590,FOUND,1,24858,12157,1,11906
46940,FOUND,1,25190,12157,1,11907
46799,FOUND,1,25056,12157,1,11908
46786,FOUND,1,25043,12157,1,11909
46870,FOUND,1,25120,12157,1,11910
46615,FOUND,1,24883,12157,1,11911
46776,FOUND,1,25033,12157,1,11912
46938,FOUND,1,25188,12157,1,11913
46859,FOUND,1,25109,12157,1,11914
15932,FOUND,1,3312,12157,1,11915
46885,FOUND,1,25135,12157,1,11916
46813,FOUND,1,25070,12157,1,11917
47061,FOUND,1,25311,12157,1,11918
46892,FOUND,1,25142,12157,1,11919
46884,FOUND,1,25134,12157,1,11920
46932,FOUND,1,25182,12157,1,11921
46883,FOUND,1,25133,12157,1,11922
23587,FOUND,1,9466,12157,1,11923
47000,FOUND,1,25250,12157,1,11924
46625,FOUND,1,24893,12157,1,11925
47064,FOUND,1,25314,12157,1,11926
46891,FOUND,1,25141,12157,1,11927
46495,FOUND,1,24763,12157,1,11928
15319,FOUND,1,2704,12157,2,11929
47020,FOUND,1,25270,12157,1,11930
46793,FOUND,1,25050,12157,1,11931
46927,FOUND,1,25177,12157,1,11932
46887,FOUND,1,25137,12157,1,11933
46911,FOUND,1,25161,12157,1,11934
46989,FOUND,1,25239,12157,1,11935
46909,FOUND,1,25159,12157,1,11936
46552,FOUND,1,24820,12157,1,11937
46920,FOUND,1,25170,12157,1,11938
46602,FOUND,1,24870,12157,1,11939
46931,FOUND,1,25181,12157,1,11940
46792,FOUND,1,25049,12157,1,11941
46935,FOUND,1,25185,12157,1,11942
46538,FOUND,1,24806,12157,1,11943
46598,FOUND,1,24866,12157,1,11944
46568,FOUND,1,24836,12157,1,11945
46597,FOUND,1,24865,12157,1,11946
46595,FOUND,1,24863,12157,1,11947
46715,FOUND,1,24972,26410,1,11948
46789,FOUND,1,25046,12157,1,11949
46992,FOUND,1,25242,12157,1,11950
46890,FOUND,1,25140,12157,1,11951
46570,FOUND,1,24838,12157,1,11952
46961,FOUND,1,25211,12157,1,11953
46708,FOUND,1,24965,26410,1,11954
46451,FOUND,1,24724,12157,1,11955
47053,FOUND,1,25303,12157,1,11956
46748,FOUND,1,25005,12157,1,11957
47049,FOUND,1,25299,12157,1,11958
46997,FOUND,1,25247,12157,1,11959
46735,FOUND,1,24992,12157,1,11960
46816,FOUND,1,25073,12157,1,11961
47002,FOUND,1,25252,12157,1,11962
46769,FOUND,1,25026,12157,1,11963
46738,FOUND,1,24995,12157,1,11964
12811,FOUND,1,317,12157,1,11965
14066,FOUND,1,1520,12157,1,11966
30840,FOUND,1,12714,12157,1,11967
39661,FOUND,1,19305,14115,2,11968
22653,FOUND,1,8598,12157,1,11970
39655,FOUND,1,27266,14115,1,11971
32972,NOT_FOUND,0,,,2,11972
39643,FOUND,1,27263,14106,1,11974
39652,FOUND,1,19304,14113,1,11975
15175,FOUND,1,2570,12157,1,11976
37045,FOUND,1,28533,13700,2,11977
46689,FOUND,1,24954,14528,1,11979
39636,FOUND,1,19292,14103,1,11980
43798,FOUND,1,22807,13698,1,11981
39559,FOUND,1,19233,14097,1,11982
46969,FOUND,1,25219,14085,1,11983
39634,FOUND,1,19291,14101,1,11984
39640,FOUND,1,19296,14101,1,11985
39664,FOUND,1,19306,14103,1,11986
39359,FOUND,1,19047,14018,1,11987
39384,FOUND,1,19072,14018,1,11988
39380,FOUND,1,19068,14033,1,11989
39663,FOUND,1,28550,14109,1,11990
39647,FOUND,1,27264,14109,1,11991
60691,FOUND,1,26875,24407,1,11992
60698,FOUND,1,26882,24411,1,11993
60659,FOUND,1,26843,24399,1,11994
60685,FOUND,1,26869,24404,1,11995
60668,FOUND,1,26852,24400,1,11996
60689,FOUND,1,26873,24408,1,11997
60682,FOUND,1,26866,24409,1,11998
60671,FOUND,1,26855,24391,1,11999
60667,FOUND,1,26851,24401,1,12000
60657,FOUND,1,26841,24403,1,12001
60721,FOUND,1,26905,24351,1,12002
60730,FOUND,1,26914,24352,1,12003
60616,FOUND,1,26802,24368,1,12004
60489,FOUND,1,26722,24342,1,12005
60738,FOUND,1,26921,24353,1,12006
60700,FOUND,1,26884,26410,1,12007
60597,FOUND,1,28943,24359,1,12008
60624,FOUND,1,26810,24369,1,12009
60625,FOUND,1,26811,24360,1,12010
60617,FOUND,1,26803,24368,1,12011
60626,FOUND,1,26812,24360,1,12012
60635,FOUND,1,26821,24374,1,12013
60735,FOUND,1,26919,24358,1,12014
60641,FOUND,1,26827,24410,1,12015
60603,FOUND,1,28950,24386,1,12016
60722,FOUND,1,26906,24359,1,12017
60731,FOUND,1,26915,24364,1,12018
60744,FOUND,1,28261,24363,1,12019
60725,FOUND,1,26909,24364,1,12020
60736,FOUND,1,26920,24362,1,12021
60743,FOUND,1,28260,24363,1,12022
60680,FOUND,1,26864,26410,1,12023
60727,FOUND,1,26911,24361,1,12024
60663,FOUND,1,26847,24411,1,12025
60737,FOUND,1,28257,24362,1,12026
60681,FOUND,1,26865,24418,1,12027
60628,FOUND,1,26814,24366,1,12028
60699,FOUND,1,26883,24393,1,12029
60629,FOUND,1,26815,24366,1,12030
60636,FOUND,1,26822,24373,1,12031
60677,FOUND,1,26861,24416,1,12032
60637,FOUND,1,26823,24372,1,12033
60627,FOUND,1,26813,24367,1,12035
60630,FOUND,1,26816,24370,1,12036
60631,FOUND,1,26817,24372,1,12037
60623,FOUND,1,26809,24367,1,12038
60633,FOUND,1,26819,24371,1,12039
60632,FOUND,1,26818,24371,1,12040
60697,FOUND,1,26881,24410,1,12041
60640,FOUND,1,26826,24377,1,12042
23695,FOUND,1,9572,12157,1,12043
15321,FOUND,1,2706,12157,2,12044
14573,FOUND,1,2018,12157,1,12046
16143,FOUND,1,3522,12157,1,12047
15646,FOUND,1,3028,12157,2,12048
13690,FOUND,1,1167,12157,1,12050
13186,FOUND,1,678,12157,1,12051
16091,FOUND,1,3470,12157,1,12052
23693,FOUND,1,9570,12157,1,12054
14533,FOUND,1,1978,12157,1,12055
27511,FOUND,1,12148,20751,1,12056
13756,FOUND,1,1233,12157,1,12057
27294,FOUND,1,11931,20751,1,12058
15763,FOUND,1,3145,12157,2,12059
27322,FOUND,1,11959,20761,1,12061
27656,FOUND,1,12293,20819,1,12062
12832,FOUND,1,338,12157,1,12063
13767,FOUND,1,1244,12157,2,12064
27325,FOUND,1,11962,20762,1,12066
15631,FOUND,1,3013,12157,1,12067
16614,FOUND,1,3955,20258,1,12068
12964,FOUND,1,462,20258,1,12069
39491,FOUND,1,19170,14068,1,12070
35945,FOUND,1,16041,13668,1,12071
39432,FOUND,1,19119,14061,1,12072
39430,FOUND,1,19117,14061,1,12073
39488,FOUND,1,19167,14066,1,12074
39527,FOUND,1,19203,14065,1,12075
40182,FOUND,1,19764,14186,1,12076
41555,FOUND,1,20892,14354,1,12077
40167,NOT_FOUND,0,,,2,12078
39487,FOUND,1,19166,14066,1,12080
39411,FOUND,1,19098,14027,1,12081
41551,FOUND,1,20888,14373,1,12082
41581,FOUND,1,20918,14387,1,12083
39395,FOUND,1,19082,14042,1,12084
39528,FOUND,1,19204,14042,1,12085
39494,FOUND,1,19173,14071,1,12086
40120,FOUND,1,19703,14063,1,12087
39497,FOUND,1,19176,14074,1,12088
39523,FOUND,1,19199,14083,1,12089
39436,FOUND,1,19123,14063,1,12090
39441,FOUND,1,19128,14064,1,12091
39440,FOUND,1,19127,14064,1,12092
39500,FOUND,1,19179,14076,1,12093
39424,FOUND,1,19111,14059,1,12094
39437,FOUND,1,19124,14060,1,12095
39428,FOUND,1,19115,14060,1,12096
39438,FOUND,1,19125,14059,1,12097
39232,FOUND,1,18981,13998,1,12098
39227,FOUND,1,27755,13998,1,12099
39221,FOUND,1,18972,13965,1,12100
39224,FOUND,1,18975,13996,1,12101
12800,FOUND,1,306,12157,1,12102
39025,FOUND,1,18818,13955,1,12103
44198,FOUND,1,22970,12157,1,12104
44215,FOUND,1,22987,12157,1,12105
39172,FOUND,1,18929,13963,1,12106
39174,FOUND,1,18931,13965,1,12107
39206,FOUND,1,18957,13964,1,12108
39173,FOUND,1,18930,13964,1,12109
12807,FOUND,1,313,12157,1,12110
41567,FOUND,1,20904,14381,1,12111
39403,FOUND,1,19090,14028,1,12112
39375,FOUND,1,19063,14028,1,12113
39400,FOUND,1,19087,14024,1,12114
39540,FOUND,1,19214,14089,1,12115
39547,FOUND,1,19221,14090,1,12116
39546,FOUND,1,19220,14090,1,12117
39415,FOUND,1,19102,14052,1,12118
39419,FOUND,1,19106,14052,1,12119
39554,FOUND,1,19228,14094,1,12120
39555,FOUND,1,19229,14095,1,12121
39414,FOUND,1,19101,14047,1,12122
39406,FOUND,1,19093,14046,1,12123
39404,FOUND,1,19091,14047,1,12124
39563,FOUND,1,19237,14095,1,12125
46667,FOUND,1,24934,14528,1,12126
39418,FOUND,1,19105,14055,1,12127
39565,FOUND,1,19239,14094,1,12128
39402,FOUND,1,19089,14046,1,12129
46673,FOUND,1,24939,14532,1,12130
40134,FOUND,1,19717,14158,1,12131
39542,FOUND,1,19216,14026,1,12132
39371,FOUND,1,19059,14026,1,12133
39401,FOUND,1,19088,14045,1,12134
41559,FOUND,1,20896,14377,1,12135
41512,FOUND,1,20849,14352,1,12136
41503,FOUND,1,20840,14347,1,12137
39171,FOUND,1,18928,13962,1,12138
39421,FOUND,1,19108,14057,1,12139
41533,FOUND,1,20870,14364,1,12140
41525,FOUND,1,20862,14362,1,12141
39226,FOUND,1,18977,13956,1,12142
41537,FOUND,1,20874,14365,1,12143
39426,FOUND,1,19113,14057,1,12144
41524,FOUND,1,20861,14362,1,12145
41523,FOUND,1,20860,14361,1,12146
39164,FOUND,1,18921,13956,1,12147
41565,FOUND,1,20902,14380,1,12148
39435,FOUND,1,19122,13958,1,12149
41535,FOUND,1,20872,14361,1,12150
41527,FOUND,1,20864,14363,1,12151
39166,FOUND,1,18923,13958,1,12152
41504,FOUND,1,20841,14347,1,12153
39427,FOUND,1,19114,13959,1,12154
41517,FOUND,1,20854,14356,1,12155
41515,FOUND,1,20852,14355,1,12156
41528,FOUND,1,20865,14363,1,12157
41526,FOUND,1,20863,14356,1,12158
39167,FOUND,1,18924,13959,1,12159
38964,FOUND,1,18771,13948,1,12160
39218,FOUND,1,18969,13948,1,12161
39216,FOUND,1,18967,13986,1,12162
39208,FOUND,1,18959,13986,1,12163
39168,FOUND,1,18925,13946,1,12164
38961,FOUND,1,18768,13946,1,12165
39217,FOUND,1,18968,13963,1,12166
38962,FOUND,1,18769,13947,1,12167
38963,FOUND,1,18770,13947,1,12168
37591,FOUND,1,17486,13743,1,12169
39233,FOUND,1,18982,13992,1,12170
37579,FOUND,1,17474,13736,1,12171
39532,FOUND,1,19208,14087,1,12172
39562,FOUND,1,19236,14087,1,12173
38409,FOUND,1,18238,13743,1,12174
37578,FOUND,1,17473,13736,1,12175
39502,FOUND,1,19181,14067,1,12176
41530,FOUND,1,20867,14348,1,12177
35946,FOUND,1,16042,13669,1,12178
39490,FOUND,1,19169,14067,1,12179
37593,FOUND,1,17488,13669,2,12180
39533,FOUND,1,19209,14068,1,12182
39537,FOUND,1,19212,14079,1,12183
35944,FOUND,1,16040,13668,1,12184
38812,FOUND,1,18619,13882,1,12185
37052,FOUND,1,16963,13703,1,12186
38279,FOUND,1,28539,13749,1,12187
38272,FOUND,1,18103,13749,1,12188
38814,FOUND,1,18621,13794,1,12189
38273,FOUND,1,18104,13750,1,12190
36528,FOUND,1,16624,13673,1,12191
38815,FOUND,1,18622,13884,1,12192
37051,FOUND,1,16962,13673,1,12193
38569,FOUND,1,18388,13729,1,12194
38817,FOUND,1,18624,13665,1,12195
34040,FOUND,1,27491,13664,1,12196
36538,FOUND,1,16634,13680,1,12197
34042,FOUND,1,27493,13665,1,12198
36537,FOUND,1,16633,13680,1,12199
34043,FOUND,1,27745,13666,1,12200
38813,FOUND,1,18620,13883,1,12201
38940,FOUND,1,18747,13666,1,12202
34041,FOUND,1,28529,13664,1,12203
38811,FOUND,1,18618,13882,1,12204
38810,FOUND,1,18617,13677,1,12205
38271,FOUND,1,18102,13703,1,12206
38107,FOUND,1,17940,13747,1,12207
38939,FOUND,1,18746,13747,1,12208
41552,FOUND,1,20889,14373,1,12209
38938,FOUND,1,18745,13883,1,12210
39549,FOUND,1,19223,14092,1,12211
40171,FOUND,1,19753,14183,1,12212
38446,FOUND,1,18272,13775,1,12213
36534,FOUND,1,16630,13677,1,12214
38447,FOUND,1,18273,13775,1,12215
41510,FOUND,1,20847,14351,1,12216
38445,FOUND,1,18271,13774,1,12217
38444,FOUND,1,18270,13710,1,12218
40419,FOUND,1,19954,13774,1,12219
15973,FOUND,1,3353,12157,1,12220
38807,FOUND,1,18614,13776,1,12221
38448,FOUND,1,18274,13776,1,12222
38809,FOUND,1,18616,13881,1,12223
38808,FOUND,1,18615,13881,1,12224
38948,FOUND,1,18755,13777,1,12225
38451,FOUND,1,18277,13777,1,12226
38950,FOUND,1,18757,13941,1,12227
38960,FOUND,1,18767,13941,1,12228
38954,FOUND,1,18761,13942,1,12229
38957,FOUND,1,18764,13945,1,12230
38952,FOUND,1,18759,13942,1,12231
38951,FOUND,1,18758,13940,1,12232
38949,FOUND,1,18756,13940,1,12233
41529,FOUND,1,20866,14357,1,12234
38953,FOUND,1,18760,13943,1,12235
38955,FOUND,1,18762,13943,1,12236
38959,FOUND,1,18766,13944,1,12237
38958,FOUND,1,18765,13945,1,12238
45646,FOUND,1,24176,12157,1,12239
38956,FOUND,1,18763,13944,1,12240
39504,FOUND,1,19183,14079,1,12241
39353,FOUND,1,19041,14012,1,12242
39423,FOUND,1,19110,14058,1,12243
41511,FOUND,1,20848,14351,1,12244
41521,FOUND,1,20858,14360,1,12245
41522,FOUND,1,20859,14360,1,12246
40127,FOUND,1,19710,14159,1,12247
40123,FOUND,1,19706,14156,1,12248
40126,FOUND,1,19709,14156,1,12249
41531,FOUND,1,20868,14358,1,12250
41519,FOUND,1,20856,14358,1,12251
39420,FOUND,1,19107,14056,1,12252
39425,FOUND,1,19112,14056,1,12253
40129,FOUND,1,19712,14159,1,12254
40124,FOUND,1,19707,14157,1,12255
40128,FOUND,1,19711,14157,1,12256
41532,FOUND,1,20869,14359,1,12257
41520,FOUND,1,20857,14359,1,12258
41507,FOUND,1,20844,14349,1,12259
41505,FOUND,1,20842,14348,1,12260
41518,FOUND,1,20855,14357,1,12261
41509,FOUND,1,20846,14350,1,12262
41516,FOUND,1,20853,14355,1,12263
41506,FOUND,1,20843,14349,1,12264
41508,FOUND,1,20845,14350,1,12265
38442,FOUND,1,18268,13773,1,12266
38410,FOUND,1,18239,13758,1,12267
38452,FOUND,1,18278,13773,1,12268
38400,FOUND,1,18230,13758,1,12269
38399,FOUND,1,18229,13757,1,12270
38405,FOUND,1,18235,13735,1,12271
37576,FOUND,1,17471,13734,1,12272
38403,FOUND,1,18233,13759,1,12273
38401,FOUND,1,18231,13757,1,12274
37577,FOUND,1,17472,13735,1,12275
38402,FOUND,1,18232,13759,1,12276
37290,FOUND,1,17187,13712,1,12277
37592,FOUND,1,17487,13713,1,12278
38406,FOUND,1,27220,13712,1,12279
39379,FOUND,1,19067,14032,1,12280
38415,FOUND,1,18244,13744,1,12281
38393,FOUND,1,18223,13754,1,12282
39442,FOUND,1,19129,14058,1,12283
37594,FOUND,1,17489,13744,2,12284
38392,FOUND,1,18222,13753,1,12286
38416,FOUND,1,18245,13753,1,12287
38443,FOUND,1,18269,13754,1,12288
39521,FOUND,1,19197,14082,1,12289
41576,FOUND,1,20913,14384,1,12290
41575,FOUND,1,20912,14384,1,12291
39394,FOUND,1,19081,14041,1,12292
39374,FOUND,1,19062,14013,1,12293
41564,FOUND,1,20901,14379,1,12294
39354,FOUND,1,19042,14013,1,12295
41572,FOUND,1,20909,14371,1,12296
41548,FOUND,1,20885,14371,1,12297
39356,FOUND,1,19044,14015,1,12298
39366,FOUND,1,19054,14015,1,12299
41570,FOUND,1,20907,14382,1,12300
41569,FOUND,1,20906,14370,1,12301
39360,FOUND,1,19048,14019,1,12302
39551,FOUND,1,19225,14032,1,12303
39543,FOUND,1,19217,14062,1,12304
41547,FOUND,1,20884,14370,1,12305
41579,FOUND,1,20916,14386,1,12306
41571,FOUND,1,20908,14382,1,12307
39365,FOUND,1,19053,14022,1,12308
41577,FOUND,1,20914,14385,1,12309
41578,FOUND,1,20915,14385,1,12310
39383,FOUND,1,19071,14022,1,12311
39362,FOUND,1,19050,14020,1,12312
39431,FOUND,1,19118,14062,1,12313
46690,FOUND,1,24955,14523,1,12314
46663,FOUND,1,24930,14526,1,12315
39658,FOUND,1,27269,14117,1,12316
46681,FOUND,1,24946,14535,1,12317
46693,FOUND,1,24958,14539,1,12318
40151,FOUND,1,19734,14169,1,12319
40145,FOUND,1,19728,14165,1,12320
40149,FOUND,1,19732,14170,1,12321
40148,FOUND,1,19731,14169,1,12322
40142,FOUND,1,19725,14167,1,12323
46696,FOUND,1,24961,14535,1,12324
39644,FOUND,1,19297,14107,1,12325
46706,FOUND,1,24963,14107,1,12326
40147,FOUND,1,19730,14168,1,12327
40144,FOUND,1,19727,14168,1,12328
39648,FOUND,1,19300,14110,1,12329
39656,FOUND,1,27267,14114,1,12330
40139,FOUND,1,19722,14164,1,12331
40153,FOUND,1,19736,14172,1,12332
40183,FOUND,1,19765,14184,1,12333
39657,FOUND,1,27268,14116,1,12334
39660,FOUND,1,27271,14116,1,12335
15712,FOUND,1,3094,12157,1,12336
40173,FOUND,1,19755,14184,1,12337
40152,FOUND,1,19735,14172,1,12338
32912,NOT_FOUND,0,,,2,12339
46228,FOUND,1,28096,14517,1,12341
46135,FOUND,1,24462,14509,1,12342
40468,FOUND,1,19999,14300,1,12343
46229,FOUND,1,28097,14517,1,12344
46140,FOUND,1,24467,14511,1,12345
40547,FOUND,1,20069,14328,1,12346
46131,FOUND,1,24458,14504,1,12347
40433,FOUND,1,19968,14288,1,12348
22563,FOUND,1,8508,12157,1,12349
46220,FOUND,1,24542,14512,1,12350
40407,FOUND,1,19942,14276,1,12351
40459,FOUND,1,19992,14293,1,12352
46221,FOUND,1,24543,14512,1,12353
46239,FOUND,1,28099,14518,1,12354
40380,FOUND,1,27908,14260,1,12355
46691,FOUND,1,24956,14538,1,12356
42607,FOUND,1,21716,12157,1,12357
40391,FOUND,1,28559,14258,1,12358
40456,FOUND,1,19989,14293,1,12359
40445,FOUND,1,19980,14276,1,12360
40460,FOUND,1,19993,14260,1,12361
23454,FOUND,1,9341,12157,1,12362
40596,FOUND,1,20107,14296,1,12363
40592,FOUND,1,20105,14343,1,12364
40591,FOUND,1,20104,14342,1,12365
46664,FOUND,1,24931,14527,1,12366
46662,FOUND,1,24929,14525,1,12367
41582,FOUND,1,20919,14387,1,12368
40146,FOUND,1,19729,14162,1,12369
46694,FOUND,1,24959,14536,1,12370
39370,FOUND,1,19058,14025,1,12371
39531,FOUND,1,19207,14045,1,12372
39429,FOUND,1,19116,14053,1,12373
39439,FOUND,1,19126,14055,1,12374
39405,FOUND,1,19092,14025,1,12375
46685,FOUND,1,24950,14538,1,12376
40135,FOUND,1,19718,14162,1,12377
46683,FOUND,1,24948,14536,1,12378
39524,FOUND,1,19200,14080,1,12379
39412,FOUND,1,19099,14051,1,12380
39396,FOUND,1,19083,14043,1,12381
39561,FOUND,1,19235,14070,1,12382
39525,FOUND,1,19201,14051,1,12383
39493,FOUND,1,19172,14070,1,12384
46680,FOUND,1,24945,14525,1,12385
39503,FOUND,1,19182,14078,1,12386
46666,FOUND,1,24933,14078,1,12387
39416,FOUND,1,19103,14053,1,12388
39505,FOUND,1,19184,14080,1,12389
40168,FOUND,1,19750,14171,1,12390
47204,FOUND,1,28581,14551,1,12391
47249,FOUND,1,28626,14571,1,12392
40165,FOUND,1,19748,14180,1,12393
47257,FOUND,1,28634,14578,1,12394
39884,FOUND,1,19473,14142,1,12395
47261,FOUND,1,25402,14553,1,12396
40161,FOUND,1,19744,14178,1,12397
40179,FOUND,1,19761,14180,1,12398
40170,FOUND,1,19752,14182,1,12399
39857,FOUND,1,19446,14125,1,12400
39886,FOUND,1,19475,14135,1,12401
39878,FOUND,1,19467,14125,1,12402
47208,FOUND,1,28585,14554,1,12403
20472,FOUND,1,6557,15566,1,12404
16284,FOUND,1,3662,12157,1,12405
39931,FOUND,1,19518,12852,1,12406
46697,FOUND,1,24962,14527,1,12407
21687,FOUND,1,7666,16133,1,12408
21174,FOUND,1,7162,15862,1,12409
21711,FOUND,1,7690,16045,1,12410
22403,FOUND,1,8348,16414,1,12411
23317,FOUND,1,9213,16686,1,12412
21512,FOUND,1,7495,16045,1,12413
21549,FOUND,1,27536,16058,1,12414
23291,FOUND,1,9189,16686,1,12415
22410,FOUND,1,8355,14690,1,12416
21505,FOUND,1,7488,16043,1,12417
20617,FOUND,1,6695,15410,1,12418
33947,FOUND,1,14121,17262,1,12419
21689,FOUND,1,7668,16114,1,12420
24247,FOUND,1,9994,14822,1,12421
20294,FOUND,1,6400,14659,1,12422
20298,FOUND,1,6404,15478,1,12423
21663,FOUND,1,7643,16114,1,12424
16269,FOUND,1,3647,14659,1,12425
20620,FOUND,1,6698,15479,1,12426
20178,FOUND,1,6299,15430,1,12427
20314,FOUND,1,6419,15430,1,12428
15179,FOUND,1,2574,12157,1,12429
20137,FOUND,1,6267,15410,1,12430
33643,FOUND,1,13870,17185,1,12431
42477,FOUND,1,28006,17423,1,12432
42469,FOUND,1,27998,17438,1,12433
22269,FOUND,1,8222,16414,1,12434
45336,FOUND,1,23905,16936,1,12435
42480,FOUND,1,28008,17441,1,12436
42452,FOUND,1,21618,17425,1,12437
42450,FOUND,1,21616,17423,1,12438
42574,FOUND,1,21685,17425,1,12439
42468,FOUND,1,27997,17437,1,12440
27759,FOUND,1,12393,16936,1,12441
44239,FOUND,1,23011,12157,1,12442
42483,FOUND,1,28011,17418,1,12443
43158,FOUND,1,22216,16118,1,12444
42499,FOUND,1,28857,17449,1,12445
42471,FOUND,1,28000,17438,1,12446
42506,FOUND,1,21639,17453,1,12447
42486,FOUND,1,28013,17439,1,12448
42472,FOUND,1,28001,17439,1,12449
42485,FOUND,1,21633,17443,1,12450
42571,FOUND,1,21682,17433,1,12451
42484,FOUND,1,28012,17442,1,12452
42487,FOUND,1,28853,17444,1,12453
42510,FOUND,1,21643,17453,1,12454
43090,FOUND,1,22159,17459,1,12455
40140,FOUND,1,19723,14165,1,12456
42496,FOUND,1,28018,17444,1,12457
42481,FOUND,1,28009,17442,1,12458
42501,FOUND,1,28858,17451,1,12459
42456,FOUND,1,21622,17427,1,12460
42482,FOUND,1,28010,17427,1,12461
42493,FOUND,1,28855,17441,1,12462
42494,FOUND,1,28017,17447,1,12463
45170,FOUND,1,23816,16144,1,12464
42474,FOUND,1,28003,17437,1,12465
42509,FOUND,1,21642,17443,1,12466
43164,FOUND,1,28870,17466,1,12467
16582,FOUND,1,3937,12157,1,12468
43159,FOUND,1,22217,17482,1,12469
42464,FOUND,1,21630,17433,1,12470
12882,FOUND,1,385,12157,1,12471
43163,FOUND,1,22220,17482,1,12472
15526,FOUND,1,2908,12157,1,12473
42508,FOUND,1,21641,17454,1,12474
16487,FOUND,1,3865,12157,1,12475
43157,FOUND,1,22215,17481,1,12476
43153,FOUND,1,22211,14680,1,12477
17130,FOUND,1,4394,14680,1,12478
21989,FOUND,1,7957,16236,1,12479
22013,FOUND,1,7981,15570,1,12480
14660,FOUND,1,2102,12157,1,12481
22003,FOUND,1,7971,16290,1,12482
42507,FOUND,1,21640,26410,1,12483
21701,FOUND,1,7680,16143,1,12484
42512,FOUND,1,21645,14739,1,12485
21999,FOUND,1,7967,16288,1,12486
21920,FOUND,1,7893,16264,1,12487
17909,FOUND,1,4995,14739,1,12488
21988,FOUND,1,7956,16276,1,12489
59807,FOUND,1,26387,22362,1,12490
20470,FOUND,1,6555,15564,1,12491
22006,FOUND,1,7974,16288,1,12492
18199,FOUND,1,5266,12157,1,12493
43161,FOUND,1,22218,17481,1,12494
43388,FOUND,1,22423,17508,1,12495
43384,FOUND,1,22419,17506,1,12496
43382,FOUND,1,22417,17505,1,12497
15887,FOUND,1,3267,12157,1,12498
44812,FOUND,1,23501,17796,1,12499
41687,FOUND,1,21023,17390,1,12500
41704,FOUND,1,21040,17399,1,12501
43390,FOUND,1,22425,17509,1,12502
41702,FOUND,1,21038,17390,1,12503
41694,FOUND,1,21030,17395,1,12504
43389,FOUND,1,22424,17508,1,12505
44814,FOUND,1,23503,17797,1,12506
44810,FOUND,1,23499,17796,1,12507
43383,FOUND,1,22418,17506,1,12508
41705,FOUND,1,21041,17399,1,12509
59739,FOUND,1,26325,22326,1,12510
44836,FOUND,1,23525,17803,1,12511
13862,FOUND,1,1319,12157,1,12512
43411,FOUND,1,22446,17519,1,12513
22831,FOUND,1,8773,14701,1,12514
21598,FOUND,1,7580,16090,1,12515
59702,FOUND,1,26293,22304,1,12516
40309,FOUND,1,19890,14235,1,12517
40307,NOT_FOUND,0,,,1,12518
40268,FOUND,1,19850,14211,1,12519
40250,FOUND,1,19832,14194,1,12520
40302,FOUND,1,19884,14211,1,12521
40270,FOUND,1,19852,14189,1,12522
40237,FOUND,1,19819,14189,1,12523
40266,FOUND,1,19848,14209,1,12524
40279,FOUND,1,19861,14210,1,12525
40473,FOUND,1,20004,14304,1,12526
40304,FOUND,1,19886,14217,1,12527
40518,FOUND,1,20044,14228,1,12528
40257,FOUND,1,19839,14203,1,12529
40286,FOUND,1,19868,14220,1,12530
40475,FOUND,1,20006,14304,1,12531
40269,FOUND,1,19851,14209,1,12532
40296,FOUND,1,19878,14203,1,12533
40291,FOUND,1,19873,14224,1,12534
40508,FOUND,1,20034,14224,1,12535
40478,FOUND,1,20009,14227,1,12536
40295,FOUND,1,19877,14227,1,12537
40516,FOUND,1,20042,14200,1,12538
40284,FOUND,1,19866,14218,1,12539
40502,FOUND,1,20029,14220,1,12540
40480,FOUND,1,20011,14307,1,12541
40297,FOUND,1,19879,14228,1,12542
40254,FOUND,1,19836,14200,1,12543
40512,FOUND,1,20038,14319,1,12544
40494,FOUND,1,20023,14307,1,12545
40513,FOUND,1,20039,14319,1,12546
40487,FOUND,1,20016,14311,1,12547
40491,FOUND,1,20020,14311,1,12548
43412,FOUND,1,22447,17520,1,12549
39223,FOUND,1,18974,13995,1,12550
46898,FOUND,1,25148,12157,1,12551
39364,FOUND,1,19052,14019,1,12552
46757,FOUND,1,25014,12157,1,12553
39361,FOUND,1,19049,14020,1,12554
46996,FOUND,1,25246,12157,1,12555
39170,FOUND,1,18927,13961,1,12556
46635,FOUND,1,24903,12157,1,12557
39240,FOUND,1,18989,26410,2,12558
46894,FOUND,1,25144,12157,1,12560
41561,FOUND,1,20898,14365,1,12561
17295,NOT_FOUND,0,,,2,12562
41560,FOUND,1,20897,14377,1,12564
46822,FOUND,1,25079,12157,1,12565
41545,FOUND,1,20882,14369,1,12566
46636,FOUND,1,24904,12157,1,12567
41541,FOUND,1,20878,14367,1,12568
46895,FOUND,1,25145,12157,1,12569
60678,FOUND,1,26862,24417,1,12570
46767,FOUND,1,25024,12157,1,12571
41557,FOUND,1,20894,14376,1,12572
45136,FOUND,1,23783,12157,1,12573
39169,FOUND,1,18926,13960,1,12574
47083,FOUND,1,25333,12157,1,12575
41562,FOUND,1,20899,14378,1,12576
47030,FOUND,1,25280,12157,1,12577
41544,FOUND,1,20881,14369,1,12578
46834,FOUND,1,25091,12157,1,12579
39165,FOUND,1,18922,13957,1,12580
47012,FOUND,1,25262,12157,1,12581
40423,FOUND,1,19958,14256,1,12582
47029,FOUND,1,25279,12157,1,12583
40600,FOUND,1,20110,14344,1,12584
46470,FOUND,1,24738,12157,1,12585
40593,FOUND,1,28562,14329,1,12586
46531,FOUND,1,24799,12157,1,12587
40548,FOUND,1,20070,14329,1,12588
46646,FOUND,1,24914,12157,1,12589
40384,FOUND,1,28558,13445,1,12590
46557,FOUND,1,24825,12157,1,12591
40590,FOUND,1,20103,14342,1,12592
46929,FOUND,1,25179,12157,1,12593
40467,FOUND,1,19998,14299,1,12594
47043,FOUND,1,25293,12157,1,12595
40470,FOUND,1,20001,14300,1,12596
46952,FOUND,1,25202,12157,1,12597
40601,FOUND,1,20111,14343,1,12598
46621,FOUND,1,24889,12157,1,12599
40463,FOUND,1,19994,14296,1,12600
46563,FOUND,1,24831,12157,1,12601
40555,FOUND,1,20077,14299,1,12602
46577,FOUND,1,24845,12157,1,12603
40595,FOUND,1,28563,14345,1,12604
61786,NOT_FOUND,0,,,1,12605
46623,FOUND,1,24891,12157,1,12606
39422,FOUND,1,19109,13957,1,12607
46818,FOUND,1,25075,12157,1,12608
41539,FOUND,1,20876,14366,1,12609
47066,FOUND,1,25316,12157,1,12610
41542,FOUND,1,20879,14368,1,12611
46741,FOUND,1,24998,12157,1,12612
41543,FOUND,1,20880,14368,1,12613
46565,FOUND,1,24833,12157,1,12614
41538,FOUND,1,20875,14366,1,12615
46523,FOUND,1,24791,12157,1,12616
39225,FOUND,1,18976,13997,1,12617
46653,FOUND,1,24921,12157,1,12618
41536,FOUND,1,20873,14352,1,12619
46819,FOUND,1,25076,12157,1,12620
39222,FOUND,1,18973,13961,1,12621
46494,FOUND,1,24762,12157,1,12622
40594,FOUND,1,20106,14344,1,12623
46791,FOUND,1,25048,12157,1,12624
63240,FOUND,1,30260,26684,1,12625
40471,FOUND,1,20002,14302,1,12626
46539,FOUND,1,24807,12157,1,12627
40554,FOUND,1,20076,14302,1,12628
46710,FOUND,1,24967,26410,1,12629
40389,FOUND,1,27774,14266,1,12630
46905,FOUND,1,25155,12157,1,12631
40374,FOUND,1,27902,14256,1,12632
47074,FOUND,1,25324,12157,1,12633
13971,FOUND,1,1427,12157,1,12634
46820,FOUND,1,25077,12157,1,12635
40375,FOUND,1,27903,14254,1,12636
47017,FOUND,1,25267,12157,1,12637
40371,FOUND,1,28556,14254,1,12638
46913,FOUND,1,25163,12157,1,12639
40373,FOUND,1,19939,14102,1,12640
47084,FOUND,1,25334,12157,1,12641
40402,FOUND,1,28560,14270,1,12642
46633,FOUND,1,24901,12157,1,12643
23597,FOUND,1,9476,12157,1,12644
46869,FOUND,1,25119,12157,1,12645
40549,FOUND,1,20071,14330,1,12646
46897,FOUND,1,25147,12157,1,12647
40420,FOUND,1,19955,14253,1,12648
15903,FOUND,1,3283,12157,1,12649
16015,FOUND,1,3395,12157,1,12650
46566,FOUND,1,24834,12157,1,12651
39499,FOUND,1,19178,14050,1,12652
47009,FOUND,1,25259,12157,1,12653
39642,FOUND,1,28548,14105,1,12654
46921,FOUND,1,25171,12157,1,12655
39570,FOUND,1,19244,14098,1,12656
46965,FOUND,1,25215,12157,1,12657
39376,FOUND,1,19064,14029,1,12658
46521,FOUND,1,24789,12157,1,12659
46985,FOUND,1,25235,14072,1,12660
60687,FOUND,1,26871,24417,1,12661
41554,FOUND,1,20891,14374,1,12662
60674,FOUND,1,26858,24415,1,12663
39558,FOUND,1,19232,14081,1,12664
60676,FOUND,1,26860,24416,1,12665
39530,FOUND,1,19206,14086,1,12666
60612,FOUND,1,26798,24374,1,12667
39409,FOUND,1,19096,14050,1,12668
60661,FOUND,1,26845,24412,1,12669
39529,FOUND,1,19205,14085,1,12670
60694,FOUND,1,26878,24414,1,12671
39538,FOUND,1,19213,14089,1,12672
60651,FOUND,1,26835,24402,1,12673
39541,FOUND,1,19215,14086,1,12674
60662,FOUND,1,26846,24413,1,12675
39506,FOUND,1,19185,14081,1,12676
60673,FOUND,1,26857,24415,1,12677
39496,FOUND,1,19175,14073,1,12678
60683,FOUND,1,26867,24401,1,12679
39566,FOUND,1,19240,14073,1,12680
60695,FOUND,1,26879,24391,1,12681
39378,FOUND,1,19066,14031,1,12682
60642,FOUND,1,26828,24409,1,12683
39498,FOUND,1,19177,14075,1,12684
60690,FOUND,1,26874,24408,1,12685
39369,FOUND,1,19057,14024,1,12686
60701,FOUND,1,26885,24392,1,12687
39536,FOUND,1,19211,14088,1,12688
60660,FOUND,1,26844,24398,1,12689
39381,FOUND,1,19069,14031,1,12690
60696,FOUND,1,26880,24397,1,12691
41563,FOUND,1,20900,14378,1,12692
60688,FOUND,1,26872,24412,1,12693
61758,NOT_FOUND,0,,,1,12694
63244,FOUND,1,30249,26684,2,12695
43409,FOUND,1,22444,17518,1,12696
44811,FOUND,1,23500,17797,1,12697
44835,FOUND,1,23524,17803,1,12698
43392,FOUND,1,22427,17510,1,12699
43410,FOUND,1,22445,17519,1,12700
19299,FOUND,1,5694,15080,1,12701
43391,FOUND,1,22426,17509,1,12702
43413,FOUND,1,22448,17520,1,12703
15999,FOUND,1,3379,12157,1,12704
23084,FOUND,1,8991,15078,1,12705
33999,FOUND,1,14167,17283,1,12706
36465,FOUND,1,16561,16090,1,12707
23034,FOUND,1,8941,16569,1,12708
21337,FOUND,1,7321,15957,1,12709
39027,FOUND,1,27232,12157,1,12710
19296,FOUND,1,5692,15078,1,12711
21601,FOUND,1,7583,16091,1,12712
19254,FOUND,1,5664,15052,1,12713
44833,FOUND,1,23522,17802,1,12714
22894,FOUND,1,8836,16569,1,12715
34005,FOUND,1,14173,17284,1,12716
44838,FOUND,1,23527,15052,1,12717
34002,FOUND,1,14170,17283,1,12718
44822,FOUND,1,23511,17801,1,12719
22088,FOUND,1,8053,16329,1,12720
44821,FOUND,1,23510,16372,1,12721
34006,FOUND,1,14174,17287,1,12722
33996,FOUND,1,14164,17282,1,12723
22095,FOUND,1,8060,16334,1,12724
22069,FOUND,1,8035,16319,1,12725
34000,FOUND,1,14168,17284,1,12726
33997,FOUND,1,14165,17282,1,12727
38534,FOUND,1,18353,12646,1,12728
14866,FOUND,1,2293,11314,1,12729
14893,FOUND,1,2318,11368,1,12730
15000,FOUND,1,2418,11409,1,12731
14994,FOUND,1,2412,11306,1,12732
14764,FOUND,1,2196,11307,1,12733
26909,FOUND,1,11547,11389,1,12734
14982,FOUND,1,2401,11390,1,12735
22190,FOUND,1,8153,16372,1,12736
22098,FOUND,1,8063,16212,1,12737
22070,FOUND,1,8036,16320,1,12738
22096,FOUND,1,8061,16319,1,12739
21721,FOUND,1,7699,16157,1,12740
22182,FOUND,1,8145,16320,1,12741
22902,FOUND,1,8844,16572,1,12742
22068,FOUND,1,8034,16318,1,12743
23898,FOUND,1,9763,16787,1,12744
21743,FOUND,1,7720,16171,1,12745
22165,FOUND,1,8128,16207,1,12746
22060,FOUND,1,8027,16314,1,12747
22163,FOUND,1,8126,16171,1,12748
23977,FOUND,1,9842,16731,1,12749
22138,FOUND,1,8101,16329,1,12750
44819,FOUND,1,23508,14703,1,12751
12151,FOUND,1,108,12157,1,12752
14044,NOT_FOUND,0,,,1,12753
61228,FOUND,1,29555,26567,1,12754
40110,FOUND,1,19693,12923,1,12755
61204,FOUND,1,29531,26555,1,12756
41474,FOUND,1,20812,22512,1,12757
61230,FOUND,1,29557,26568,1,12758
41651,FOUND,1,20987,22551,1,12759
61208,FOUND,1,29535,26557,1,12760
46236,FOUND,1,24550,22619,1,12761
61221,FOUND,1,29548,26564,1,12762
40221,FOUND,1,19803,22488,1,12763
61235,FOUND,1,29562,26571,1,12764
41763,FOUND,1,21099,22450,1,12765
60857,FOUND,1,27001,26410,1,12766
39961,FOUND,1,19548,12771,1,12767
61192,FOUND,1,29522,26550,1,12768
41490,FOUND,1,20827,22516,1,12769
61200,FOUND,1,29529,26554,1,12770
39959,FOUND,1,19546,12770,1,12771
23426,FOUND,1,9313,16731,1,12772
44773,FOUND,1,23462,17787,1,12773
44772,FOUND,1,23461,17787,1,12774
44820,FOUND,1,23509,16330,1,12775
22183,FOUND,1,8146,16334,1,12776
20475,NOT_FOUND,0,,,1,12777
22113,FOUND,1,8076,16338,1,12778
22143,FOUND,1,8106,16358,1,12779
45662,FOUND,1,24191,12157,1,12780
22062,FOUND,1,28713,15566,1,12781
31348,FOUND,1,12982,12464,1,12782
45303,NOT_FOUND,0,,,1,12783
42661,FOUND,1,21768,12157,1,12784
14454,FOUND,1,1899,12157,1,12785
26195,NOT_FOUND,0,,,1,12786
23774,FOUND,1,9640,12157,1,12787
12890,FOUND,1,393,12157,1,12788
12942,FOUND,1,442,12157,1,12789
14812,FOUND,1,2241,12157,1,12790
63191,FOUND,1,30274,26684,1,12791
22992,FOUND,1,8901,22983,1,12793
19765,FOUND,1,5970,23036,1,12794
33577,FOUND,1,13811,23624,1,12795
33766,FOUND,1,13990,23685,1,12796
17946,FOUND,1,5028,22625,1,12797
20138,NOT_FOUND,0,,,1,12798
20623,FOUND,1,6701,22682,1,12799
20548,FOUND,1,6630,23290,1,12800
19287,FOUND,1,5688,22861,1,12801
20242,FOUND,1,6359,23215,1,12802
20433,FOUND,1,6522,23280,1,12803
20495,FOUND,1,6578,23198,1,12804
20726,FOUND,1,6783,23359,1,12805
20412,FOUND,1,6502,23266,1,12806
20728,FOUND,1,6784,23370,1,12807
18406,FOUND,1,5460,22755,1,12808
13874,FOUND,1,1331,12157,1,12809
16624,FOUND,1,3964,14665,1,12810
22005,FOUND,1,7973,16274,1,12811
22105,FOUND,1,8069,16338,1,12812
22144,FOUND,1,8107,16358,1,12813
21998,FOUND,1,7966,16227,1,12814
36399,FOUND,1,16495,17324,1,12815
22017,FOUND,1,7985,16143,1,12816
22160,FOUND,1,8123,16341,1,12817
45273,NOT_FOUND,0,,,1,12818
20625,FOUND,1,6703,15374,1,12819
20259,FOUND,1,6370,15464,1,12820
17150,FOUND,1,4408,14681,1,12821
20173,FOUND,1,6294,15425,1,12822
20299,FOUND,1,6405,15479,1,12823
20287,FOUND,1,6394,15472,1,12824
42557,FOUND,1,21669,22565,1,12825
34138,FOUND,1,14279,11698,1,12826
31472,FOUND,1,13026,11605,1,12827
26611,FOUND,1,11252,11605,1,12828
30968,FOUND,1,12832,11667,1,12829
13986,FOUND,1,1441,11264,1,12830
13027,FOUND,1,522,12157,1,12831
20295,FOUND,1,6401,15476,1,12832
22023,FOUND,1,7991,15449,1,12833
20124,FOUND,1,6254,15379,1,12834
20140,FOUND,1,6269,15412,1,12835
15746,FOUND,1,3128,12157,1,12836
20223,FOUND,1,6340,15449,1,12837
13783,FOUND,1,1255,12157,1,12838
20305,FOUND,1,6410,15483,1,12839
34180,FOUND,1,14319,17291,1,12840
34191,FOUND,1,14330,17298,1,12841
39833,FOUND,1,19423,12826,1,12842
61945,FOUND,1,29735,26645,1,12843
39829,FOUND,1,19420,12823,1,12844
61978,FOUND,1,29768,26645,1,12845
43422,FOUND,1,27353,12835,1,12846
61986,FOUND,1,29776,26645,1,12847
39847,FOUND,1,19437,12825,1,12848
61943,FOUND,1,29733,26645,1,12849
39728,FOUND,1,27288,12773,1,12850
61970,FOUND,1,29760,26652,1,12851
39595,FOUND,1,19269,12732,1,12852
61650,NOT_FOUND,0,,,1,12853
39462,FOUND,1,19149,12693,1,12854
61979,FOUND,1,29769,26645,1,12855
39916,FOUND,1,19503,12845,1,12856
61984,FOUND,1,29774,26658,1,12857
39519,FOUND,1,19195,12693,1,12858
26160,NOT_FOUND,0,,,1,12859
61991,FOUND,1,29781,26645,1,12860
63220,FOUND,1,30314,26684,1,12861
34117,FOUND,1,14259,11720,1,12862
39586,FOUND,1,19260,12715,1,12863
61941,FOUND,1,29731,26645,1,12864
39453,FOUND,1,19140,12686,1,12865
61955,FOUND,1,29745,26645,1,12866
43170,FOUND,1,22226,12829,1,12867
61942,FOUND,1,29732,26645,1,12868
39840,FOUND,1,19430,12829,1,12869
62005,FOUND,1,29795,26645,1,12870
39928,FOUND,1,19515,12734,1,12871
61981,FOUND,1,29771,26645,1,12872
39574,FOUND,1,19248,12685,1,12873
62007,FOUND,1,29797,26645,1,12874
39598,FOUND,1,19272,12734,1,12875
62004,FOUND,1,29794,26645,1,12876
43556,FOUND,1,22581,13129,1,12877
61969,FOUND,1,29759,26645,1,12878
39848,FOUND,1,19438,12821,1,12879
42366,FOUND,1,21557,25606,1,12880
42850,FOUND,1,28039,25501,1,12881
42764,FOUND,1,21860,25538,1,12882
42419,FOUND,1,21585,25599,1,12883
42785,FOUND,1,21878,25538,1,12884
44348,FOUND,1,23064,25549,1,12885
44270,FOUND,1,23040,25554,1,12886
42425,FOUND,1,21591,25602,1,12887
42417,FOUND,1,21583,25598,1,12888
44359,FOUND,1,23075,25553,1,12889
44346,FOUND,1,23062,25550,1,12890
42423,FOUND,1,21589,25601,1,12891
45684,NOT_FOUND,0,,,1,12892
45364,NOT_FOUND,0,,,1,12893
42413,FOUND,1,21579,25599,1,12894
34099,FOUND,1,14241,11711,1,12895
34101,FOUND,1,14243,11712,1,12896
34116,FOUND,1,14258,11719,1,12897
42424,FOUND,1,21590,25601,1,12898
15592,FOUND,1,2974,12157,1,12899
16239,FOUND,1,3617,12157,1,12900
16371,FOUND,1,3749,12157,1,12901
14175,FOUND,1,1628,12157,1,12902
34174,FOUND,1,14313,12157,1,12903
28051,FOUND,1,12612,12157,1,12904
16423,FOUND,1,3801,12157,1,12905
13880,FOUND,1,1337,12157,1,12906
16280,FOUND,1,3658,12157,1,12907
39000,FOUND,1,18804,12157,1,12908
14184,FOUND,1,1637,12157,1,12909
25930,FOUND,1,10629,25994,1,12910
14457,FOUND,1,1902,12157,1,12911
14349,FOUND,1,1794,12157,1,12912
45653,FOUND,1,24183,12157,1,12913
15263,FOUND,1,2651,12157,1,12914
45277,NOT_FOUND,0,,,1,12915
17981,FOUND,1,5053,12157,1,12916
45688,NOT_FOUND,0,,,1,12917
32971,NOT_FOUND,0,,,1,12918
15933,FOUND,1,3313,12157,1,12919
30765,FOUND,1,12681,12157,1,12920
14418,FOUND,1,1863,12157,1,12921
16456,FOUND,1,3834,12157,1,12922
37230,FOUND,1,17133,26002,1,12923
37226,FOUND,1,17129,26002,1,12924
17718,NOT_FOUND,0,,,1,12925
18155,FOUND,1,5222,11513,1,12926
18148,FOUND,1,5215,11512,1,12927
18350,FOUND,1,5410,11260,1,12928
26520,FOUND,1,11163,11512,1,12929
26542,FOUND,1,11185,11552,1,12930
34105,FOUND,1,14247,11714,1,12931
26521,FOUND,1,11164,11587,1,12932
30906,FOUND,1,12780,11654,1,12933
61968,FOUND,1,29758,26645,1,12934
39573,FOUND,1,19247,12686,1,12935
61987,FOUND,1,29777,26658,1,12936
39707,FOUND,1,27276,12765,1,12937
61973,FOUND,1,29763,26645,1,12938
39969,FOUND,1,19556,12816,1,12939
61995,FOUND,1,29785,26645,1,12940
39818,FOUND,1,19409,12816,1,12941
61951,FOUND,1,29741,26645,1,12942
39702,FOUND,1,19340,12763,1,12943
61965,FOUND,1,29755,26650,1,12944
39827,FOUND,1,19418,12774,1,12945
61977,FOUND,1,29767,26645,1,12946
39732,FOUND,1,19348,12774,1,12947
61972,FOUND,1,29762,26645,1,12948
39820,FOUND,1,19411,12818,1,12949
61940,FOUND,1,29730,26645,1,12950
39703,FOUND,1,27273,12763,1,12951
47630,FOUND,1,25703,21949,1,12952
39851,FOUND,1,19441,12835,1,12953
61950,FOUND,1,29740,26645,1,12954
39962,FOUND,1,19549,12818,1,12955
61985,FOUND,1,29775,26645,1,12956
39831,FOUND,1,19421,12825,1,12957
61974,FOUND,1,29764,26654,1,12958
27218,FOUND,1,11855,20726,1,12959
47486,FOUND,1,25576,11798,1,12960
45212,FOUND,1,23855,12157,1,12961
47524,FOUND,1,25614,11816,1,12962
13079,FOUND,1,573,12157,1,12963
47387,FOUND,1,25495,21863,1,12964
31736,FOUND,1,13111,12527,1,12965
47509,FOUND,1,25599,21907,1,12966
33285,FOUND,1,13609,12581,1,12967
47510,FOUND,1,25600,21907,1,12968
33261,FOUND,1,13585,12569,1,12969
47496,FOUND,1,25586,11803,1,12970
38797,FOUND,1,18606,12654,1,12971
47492,FOUND,1,25582,11798,1,12972
33273,FOUND,1,13597,12575,1,12973
47400,FOUND,1,25507,13305,1,12974
33269,FOUND,1,13593,12570,1,12975
47396,FOUND,1,25503,13303,1,12976
31737,FOUND,1,13112,12527,1,12977
43679,FOUND,1,22696,22614,1,12978
63196,FOUND,1,30281,26684,1,12979
26649,FOUND,1,28391,11322,1,12980
14793,FOUND,1,27496,11322,1,12981
14950,FOUND,1,2370,11387,1,12982
26900,FOUND,1,11538,11387,1,12983
14618,FOUND,1,2062,11278,1,12984
15830,FOUND,1,3211,11278,1,12985
15786,FOUND,1,3168,11417,1,12986
15828,FOUND,1,3209,11417,1,12987
25947,FOUND,1,10645,11391,1,12988
26681,FOUND,1,11320,11619,1,12989
26925,FOUND,1,11563,11619,1,12990
26911,FOUND,1,11549,11647,1,12991
26895,FOUND,1,11533,11647,1,12992
26898,FOUND,1,11536,11452,1,12993
13194,FOUND,1,686,12157,1,12994
15808,FOUND,1,3190,11427,1,12995
15832,FOUND,1,3213,11427,1,12996
26886,FOUND,1,11524,11318,1,12997
14779,FOUND,1,2211,11318,1,12998
26683,FOUND,1,11322,11620,1,12999
26904,FOUND,1,11542,11620,1,13000
14868,FOUND,1,2295,11361,1,13001
14997,FOUND,1,2415,11361,1,13002
15807,FOUND,1,3189,11426,1,13003
26749,FOUND,1,11387,11627,1,13004
14853,FOUND,1,2281,11353,1,13005
14626,NOT_FOUND,0,,,1,13006
26632,FOUND,1,11272,11610,1,13007
26894,FOUND,1,11532,11398,1,13008
14979,FOUND,1,2398,11398,1,13009
15791,FOUND,1,3173,11421,1,13010
15799,FOUND,1,3181,11421,1,13011
14762,FOUND,1,2194,11308,1,13012
26905,FOUND,1,11543,11316,1,13013
14998,FOUND,1,2416,11336,1,13014
15838,FOUND,1,3219,11386,1,13015
26633,FOUND,1,11273,11449,1,13016
14826,FOUND,1,2254,11336,1,13017
17023,FOUND,1,4312,11446,1,13018
14937,FOUND,1,2358,11382,1,13019
16870,FOUND,1,4184,11446,1,13020
63272,FOUND,1,30367,26684,2,13021
28254,FOUND,1,12631,12384,1,13023
63307,FOUND,1,30334,26684,2,13024
63303,FOUND,1,30342,26684,2,13026
28255,FOUND,1,12632,12382,1,13028
41026,FOUND,1,20369,12970,1,13029
61194,FOUND,1,29525,26552,1,13030
47879,NOT_FOUND,0,,,1,13031
14810,FOUND,1,2239,11331,1,13032
17761,FOUND,1,4901,11499,1,13033
14832,FOUND,1,2260,11342,1,13034
17762,FOUND,1,4902,11500,1,13035
47483,FOUND,1,25573,13308,1,13036
33258,FOUND,1,13582,12567,1,13037
47397,FOUND,1,25504,13303,1,13038
33259,FOUND,1,13583,12568,1,13039
47399,FOUND,1,25506,13304,1,13040
39587,FOUND,1,19261,12717,1,13041
39515,FOUND,1,19191,12715,1,13042
43554,FOUND,1,28343,12860,1,13043
47393,FOUND,1,25500,13300,1,13044
61658,NOT_FOUND,0,,,1,13045
61653,NOT_FOUND,0,,,1,13046
33282,FOUND,1,13606,12580,1,13047
61655,NOT_FOUND,0,,,1,13048
33262,FOUND,1,13586,12569,1,13049
61647,NOT_FOUND,0,,,1,13050
33284,FOUND,1,13608,12581,1,13051
61661,NOT_FOUND,0,,,1,13052
33283,FOUND,1,13607,12580,1,13053
61656,NOT_FOUND,0,,,1,13054
33272,FOUND,1,13596,12575,1,13055
61663,NOT_FOUND,0,,,1,13056
33349,FOUND,1,13673,12621,1,13057
61664,NOT_FOUND,0,,,1,13058
33290,FOUND,1,13614,12585,1,13059
61659,NOT_FOUND,0,,,1,13060
33267,FOUND,1,13591,12573,1,13061
47540,FOUND,1,25629,13307,1,13062
39452,FOUND,1,19139,12685,1,13063
47403,FOUND,1,25510,13307,1,13064
39852,FOUND,1,19442,12836,1,13065
61646,NOT_FOUND,0,,,1,13066
31732,FOUND,1,13107,12525,1,13067
47447,FOUND,1,25546,21891,1,13068
31722,FOUND,1,13097,12519,1,13069
47408,FOUND,1,25515,21868,1,13070
31042,FOUND,1,12901,12417,1,13071
47405,FOUND,1,25512,21865,1,13072
31032,FOUND,1,12891,12412,1,13073
47438,FOUND,1,25537,21885,1,13074
31030,FOUND,1,12889,12411,1,13075
31301,FOUND,1,12958,12442,1,13076
47515,FOUND,1,25605,21893,1,13077
33226,FOUND,1,13550,12547,1,13078
47445,FOUND,1,25544,21889,1,13079
31734,FOUND,1,13109,12526,1,13080
47541,FOUND,1,25630,21858,1,13081
31371,FOUND,1,28286,12474,1,13082
47411,FOUND,1,25518,21865,1,13083
31352,FOUND,1,12984,12465,1,13084
47474,FOUND,1,25566,21880,1,13085
33225,FOUND,1,13549,12547,1,13086
47433,FOUND,1,25532,21883,1,13087
31377,FOUND,1,28287,12476,1,13088
47435,FOUND,1,25534,21876,1,13089
31033,FOUND,1,12892,12412,1,13090
47533,FOUND,1,25623,21913,1,13091
31358,FOUND,1,12990,12471,1,13092
47476,FOUND,1,25568,21885,1,13093
33266,FOUND,1,13590,12572,1,13094
47441,FOUND,1,25540,21871,1,13095
31040,FOUND,1,12899,12416,1,13096
47414,FOUND,1,28407,21871,1,13097
38793,FOUND,1,18602,12651,1,13098
47529,FOUND,1,25619,26410,1,13099
31726,FOUND,1,13101,12521,1,13100
47378,FOUND,1,25486,21861,1,13101
31738,FOUND,1,13113,12528,1,13102
47439,FOUND,1,25538,21883,1,13103
33265,FOUND,1,13589,12572,1,13104
47465,FOUND,1,25557,21896,1,13105
31031,FOUND,1,12890,12411,1,13106
47535,FOUND,1,25625,21889,1,13107
31038,FOUND,1,12897,12415,1,13108
47415,FOUND,1,28135,21872,1,13109
38791,FOUND,1,18600,12649,1,13110
47417,FOUND,1,28137,21864,1,13111
31312,FOUND,1,27558,12447,1,13112
47409,FOUND,1,25516,21868,1,13113
31315,FOUND,1,27559,12448,1,13114
47380,FOUND,1,25488,21861,1,13115
31360,FOUND,1,27563,12472,1,13116
47427,FOUND,1,25526,21872,1,13117
31327,FOUND,1,28273,12395,1,13118
47650,FOUND,1,25722,21926,1,13119
31725,FOUND,1,13100,12520,1,13120
47636,FOUND,1,25709,21944,1,13121
31373,FOUND,1,12997,12475,1,13122
47594,FOUND,1,25667,21929,1,13123
31372,FOUND,1,27566,12475,1,13124
47576,FOUND,1,25650,21928,1,13125
33247,FOUND,1,13571,12560,1,13126
47475,FOUND,1,25567,21888,1,13127
31384,FOUND,1,13001,12483,1,13128
47615,FOUND,1,25688,21940,1,13129
31727,FOUND,1,13102,12522,1,13130
47442,FOUND,1,25541,21887,1,13131
31039,FOUND,1,12898,12415,1,13132
47634,FOUND,1,25707,21949,1,13133
33253,FOUND,1,13577,12565,1,13134
47642,FOUND,1,25715,21932,1,13135
38792,FOUND,1,18601,12650,1,13136
47628,FOUND,1,25701,21948,1,13137
31374,FOUND,1,12998,12476,1,13138
47623,FOUND,1,25696,21937,1,13139
33252,FOUND,1,13576,12564,1,13140
47632,FOUND,1,25705,21939,1,13141
33248,FOUND,1,13572,12561,1,13142
47584,FOUND,1,25657,21916,1,13143
31028,FOUND,1,12887,12410,1,13144
47637,FOUND,1,25710,21948,1,13145
31029,FOUND,1,12888,12410,1,13146
47608,FOUND,1,25681,21935,1,13147
31718,FOUND,1,13093,12517,1,13148
47622,FOUND,1,25695,21940,1,13149
47550,FOUND,1,25632,21916,1,13150
18038,FOUND,1,5107,20456,1,13151
47325,FOUND,1,25439,21859,1,13152
18024,FOUND,1,5093,20542,1,13153
47607,FOUND,1,25680,21935,1,13154
63007,FOUND,1,30081,26684,1,13155
44134,FOUND,1,22906,12157,1,13156
61018,FOUND,1,29345,26453,1,13157
46402,FOUND,1,24689,13260,1,13158
63016,FOUND,1,30101,26684,1,13159
46416,FOUND,1,24703,13267,1,13160
61385,FOUND,1,29709,26632,1,13161
27237,FOUND,1,11874,20734,1,13162
63211,FOUND,1,30305,26684,2,13163
34175,FOUND,1,14314,12157,1,13164
17917,FOUND,1,5003,20562,1,13165
14129,FOUND,1,1582,12157,1,13166
44217,FOUND,1,22989,12157,1,13167
15688,FOUND,1,3070,12157,1,13168
13782,FOUND,1,1254,12157,1,13169
22759,FOUND,1,8702,12157,1,13170
15548,FOUND,1,2930,12157,1,13171
45626,FOUND,1,24158,12157,1,13172
26369,FOUND,1,11013,12157,1,13173
15079,FOUND,1,2484,20325,1,13174
26252,FOUND,1,10897,12157,1,13175
14158,FOUND,1,1611,12157,1,13176
14931,FOUND,1,2352,12157,1,13177
15065,FOUND,1,2473,20319,1,13178
26236,FOUND,1,10881,12157,1,13179
32864,FOUND,1,13307,12157,1,13180
26861,FOUND,1,11499,12157,1,13181
13685,FOUND,1,1162,12157,1,13182
23981,FOUND,1,9846,12157,1,13183
23177,FOUND,1,9079,12157,1,13184
22645,FOUND,1,8590,12157,1,13185
26585,FOUND,1,11227,12157,1,13186
13591,FOUND,1,1068,12157,1,13187
27402,FOUND,1,12039,20777,1,13188
28037,FOUND,1,12598,12157,1,13189
39002,FOUND,1,27677,12157,1,13190
14101,FOUND,1,1554,12157,1,13191
23109,FOUND,1,9016,12157,1,13192
18353,FOUND,1,5413,12157,1,13193
27051,FOUND,1,11689,12157,1,13194
23807,FOUND,1,9672,12157,1,13195
15598,FOUND,1,2980,12157,1,13196
26251,FOUND,1,10896,12157,1,13197
26077,FOUND,1,10772,20645,1,13198
17411,FOUND,1,4605,20255,1,13199
16598,FOUND,1,3946,20366,1,13200
17719,FOUND,1,4872,20366,1,13201
13995,FOUND,1,1450,12157,1,13202
15554,FOUND,1,2936,12157,1,13203
44199,FOUND,1,22971,12157,1,13204
18140,FOUND,1,5208,12157,1,13205
25933,FOUND,1,10631,20630,1,13206
26047,FOUND,1,10744,20635,1,13207
25936,FOUND,1,10634,20266,1,13208
14755,FOUND,1,2187,12157,1,13209
34740,FOUND,1,14848,21140,1,13210
25872,FOUND,1,10573,20609,1,13211
13953,FOUND,1,1410,12157,1,13212
14103,FOUND,1,1556,12157,1,13213
47602,FOUND,1,25675,21931,1,13214
14534,FOUND,1,1979,12157,1,13215
47612,FOUND,1,25685,21933,1,13216
27200,FOUND,1,11837,20536,1,13217
47639,FOUND,1,25712,21947,1,13218
23425,FOUND,1,9312,12157,1,13219
47604,FOUND,1,25677,21933,1,13220
42618,FOUND,1,21725,12157,1,13221
47625,FOUND,1,25698,21947,1,13222
27158,FOUND,1,11795,20360,1,13223
26922,FOUND,1,11560,12157,1,13224
45472,FOUND,1,24008,25058,1,13225
15231,FOUND,1,2620,12157,1,13226
45487,FOUND,1,24023,25069,1,13227
12930,FOUND,1,430,12157,1,13228
26870,FOUND,1,11508,12157,1,13229
25877,FOUND,1,10578,20611,1,13230
22339,FOUND,1,8287,12157,1,13231
42649,FOUND,1,21756,12157,1,13232
22659,FOUND,1,8604,12157,1,13233
27667,FOUND,1,12304,20861,1,13234
34154,FOUND,1,14295,12157,1,13235
25870,FOUND,1,10571,20600,1,13236
45213,FOUND,1,23856,12157,1,13237
14018,FOUND,1,1473,20264,1,13238
22618,FOUND,1,8563,12157,1,13239
34738,FOUND,1,14846,21138,1,13240
34737,FOUND,1,14845,21138,1,13241
23803,FOUND,1,9668,12157,1,13242
47440,FOUND,1,25539,21886,1,13243
27753,FOUND,1,12387,20875,1,13244
16775,FOUND,1,4099,20392,1,13245
27616,FOUND,1,12253,20843,1,13246
16954,FOUND,1,27103,20417,1,13247
13103,FOUND,1,597,12157,1,13248
27088,FOUND,1,11725,20693,1,13249
44170,FOUND,1,22942,12157,1,13250
17769,FOUND,1,4909,20392,1,13251
27454,FOUND,1,12091,20792,1,13252
27611,FOUND,1,12248,20792,1,13253
37480,FOUND,1,17376,20417,1,13254
23595,FOUND,1,9474,12157,1,13255
27614,FOUND,1,12251,20842,1,13256
16028,FOUND,1,3408,12157,1,13257
36300,FOUND,1,16396,20693,1,13258
27622,FOUND,1,12259,20842,1,13259
22717,FOUND,1,8662,12157,1,13260
13043,FOUND,1,537,12157,1,13261
17551,FOUND,1,4724,20416,1,13262
15897,FOUND,1,3277,12157,1,13263
12909,FOUND,1,412,12157,1,13264
23829,FOUND,1,9694,12157,1,13265
23120,FOUND,1,9027,12157,1,13266
45272,NOT_FOUND,0,,,1,13267
23181,FOUND,1,9083,12157,1,13268
34069,NOT_FOUND,0,,,1,13269
27011,FOUND,1,11649,20673,1,13270
17020,FOUND,1,4309,20428,1,13271
23128,FOUND,1,9035,12157,1,13272
17432,FOUND,1,4619,20519,1,13273
16747,FOUND,1,4073,20385,1,13274
27515,FOUND,1,12152,20816,1,13275
17553,FOUND,1,4726,20519,1,13276
27176,FOUND,1,11813,20385,1,13277
27120,FOUND,1,11757,20706,1,13278
18221,FOUND,1,5288,12157,1,13279
26320,FOUND,1,10965,12157,1,13280
15466,FOUND,1,2850,12157,1,13281
15486,FOUND,1,2869,12157,1,13282
14260,FOUND,1,1707,12157,1,13283
15087,FOUND,1,2489,20328,1,13284
18028,FOUND,1,5097,20583,1,13285
44129,FOUND,1,22901,12157,1,13286
17886,FOUND,1,4978,20567,1,13287
14410,FOUND,1,1855,12157,1,13288
37983,FOUND,1,17816,20969,1,13289
13758,FOUND,1,1235,12157,1,13290
26814,FOUND,1,11452,12157,1,13291
16395,FOUND,1,3773,12157,1,13292
45214,FOUND,1,23857,12157,1,13293
23882,FOUND,1,9747,12157,1,13294
13757,FOUND,1,1234,12157,1,13295
22506,FOUND,1,8451,12157,1,13296
27662,FOUND,1,12299,20860,1,13297
13701,FOUND,1,1178,12157,1,13298
22753,FOUND,1,8696,12157,1,13299
13254,FOUND,1,739,12157,1,13300
26824,FOUND,1,11462,12157,1,13301
27568,FOUND,1,12205,20830,1,13302
27555,FOUND,1,12192,20821,1,13303
16027,FOUND,1,3407,12157,1,13304
45630,FOUND,1,24162,12157,1,13305
16020,FOUND,1,3400,12157,1,13306
23828,FOUND,1,9693,12157,1,13307
17606,FOUND,1,4778,12157,1,13308
13729,FOUND,1,1206,12157,1,13309
27139,FOUND,1,11776,20712,1,13310
26735,FOUND,1,11373,12157,1,13311
27126,FOUND,1,11763,20589,1,13312
19964,FOUND,1,6149,20589,1,13313
27244,FOUND,1,11881,20736,1,13314
16823,FOUND,1,4142,12157,1,13315
15340,FOUND,1,2724,12157,1,13316
14042,FOUND,1,1497,12157,1,13317
12764,FOUND,1,272,12157,1,13318
18041,FOUND,1,5110,20585,1,13319
17351,FOUND,1,4563,20502,1,13320
12810,FOUND,1,316,12157,1,13321
13644,FOUND,1,1121,12157,1,13322
13778,FOUND,1,27095,12157,1,13323
18377,FOUND,1,5437,12157,1,13324
13177,FOUND,1,669,12157,1,13325
33156,FOUND,1,13529,12157,1,13326
16232,FOUND,1,3610,12157,1,13327
14505,FOUND,1,1950,12157,1,13328
27128,FOUND,1,11765,20676,1,13329
27006,FOUND,1,11644,20490,1,13330
27788,FOUND,1,12422,20877,1,13331
16927,FOUND,1,4238,20411,1,13332
17653,FOUND,1,4820,20411,1,13333
16647,FOUND,1,3981,20373,1,13334
28010,FOUND,1,12571,12157,1,13335
26727,FOUND,1,11365,12157,1,13336
17439,FOUND,1,4626,20521,1,13337
27898,FOUND,1,12523,20886,1,13338
45269,NOT_FOUND,0,,,1,13339
14510,FOUND,1,1955,12157,1,13340
13379,FOUND,1,858,12157,1,13341
22569,FOUND,1,8514,12157,1,13342
27386,FOUND,1,12023,20771,1,13343
45302,NOT_FOUND,0,,,1,13344
15122,FOUND,1,2520,20337,1,13345
14023,FOUND,1,1478,12157,1,13346
15804,FOUND,1,3186,12157,1,13347
26344,FOUND,1,10989,12157,1,13348
15088,FOUND,1,2490,20329,1,13349
27295,FOUND,1,11932,20661,1,13350
17537,FOUND,1,4711,12157,1,13351
26799,FOUND,1,11437,20332,1,13352
37906,FOUND,1,17740,21397,1,13353
30866,FOUND,1,12740,12157,1,13354
37974,FOUND,1,17807,21401,1,13355
13739,FOUND,1,1216,12157,1,13356
37946,FOUND,1,17779,21709,1,13357
37980,FOUND,1,17813,21428,1,13358
28042,FOUND,1,12603,12157,1,13359
13381,FOUND,1,860,12157,1,13360
37982,FOUND,1,17815,21430,1,13361
37930,FOUND,1,17763,20305,1,13362
37931,FOUND,1,17764,21524,1,13363
17683,FOUND,1,4839,12157,1,13364
45381,NOT_FOUND,0,,,1,13365
37231,FOUND,1,29228,21422,1,13366
26452,FOUND,1,11095,12157,1,13367
16686,FOUND,1,4017,12157,1,13369
16124,FOUND,1,3503,12157,1,13370
15867,FOUND,1,3248,12157,1,13371
16242,FOUND,1,3620,12157,1,13372
13296,FOUND,1,781,12157,1,13373
34745,FOUND,1,14853,21118,1,13374
38986,FOUND,1,18793,12157,1,13375
14021,FOUND,1,1476,12157,1,13376
26916,FOUND,1,11554,12157,1,13377
44130,FOUND,1,22902,12157,1,13378
22752,FOUND,1,8695,12157,1,13379
32920,NOT_FOUND,0,,,1,13380
22854,FOUND,1,8796,12157,1,13381
14114,FOUND,1,1567,12157,1,13382
22750,FOUND,1,8693,12157,1,13383
14070,FOUND,1,1524,12157,1,13384
27755,FOUND,1,12389,20876,1,13385
47109,FOUND,1,25358,12157,1,13386
32890,NOT_FOUND,0,,,1,13387
18411,FOUND,1,5465,12157,1,13388
23122,FOUND,1,9029,12157,1,13389
23650,FOUND,1,9527,12157,1,13390
44253,FOUND,1,23025,12157,1,13391
23503,FOUND,1,9388,12157,1,13392
11293,FOUND,1,42,12157,1,13393
39009,FOUND,1,18808,12157,1,13394
23635,FOUND,1,9512,12157,1,13395
23644,FOUND,1,9521,12157,1,13396
15837,FOUND,1,3218,12157,1,13397
34068,NOT_FOUND,0,,,1,13398
37440,FOUND,1,17336,21169,1,13399
37441,FOUND,1,17337,21170,1,13400
34825,FOUND,1,14925,21178,1,13401
34814,FOUND,1,14914,21169,1,13402
63209,FOUND,1,30301,26684,1,13403
34815,FOUND,1,14915,21170,1,13404
37424,FOUND,1,17320,21178,1,13405
34826,FOUND,1,14926,21179,1,13406
30786,FOUND,1,12702,20810,1,13407
37478,FOUND,1,17374,21666,1,13408
37423,FOUND,1,17319,21654,1,13409
37562,FOUND,1,17457,21682,1,13410
37564,FOUND,1,17459,21666,1,13411
37567,FOUND,1,17462,21654,1,13412
37563,FOUND,1,17458,21683,1,13413
17931,FOUND,1,5013,12157,1,13414
38991,FOUND,1,18798,12157,1,13415
37565,FOUND,1,17460,21684,1,13416
34730,FOUND,1,14838,21134,1,13417
14583,FOUND,1,2028,12157,1,13418
16123,FOUND,1,3502,12157,1,13419
34736,FOUND,1,14844,21134,1,13420
15953,FOUND,1,3333,12157,1,13421
14148,FOUND,1,1601,12157,1,13422
12792,FOUND,1,298,12157,1,13423
13163,FOUND,1,655,12157,1,13424
16033,FOUND,1,3413,12157,1,13425
14290,FOUND,1,1736,12157,1,13426
44193,FOUND,1,22965,12157,1,13427
14071,FOUND,1,1525,12157,1,13428
37442,FOUND,1,17338,21175,1,13429
14075,FOUND,1,1528,12157,1,13430
14347,FOUND,1,1792,12157,1,13431
24029,FOUND,1,9892,12157,1,13432
34743,FOUND,1,14851,21143,1,13433
34733,FOUND,1,14841,21137,1,13434
23144,FOUND,1,9049,12157,1,13435
14790,FOUND,1,2222,12157,1,13436
16669,FOUND,1,4002,20380,1,13437
13622,FOUND,1,1099,12157,1,13438
15659,FOUND,1,3041,12157,1,13439
36613,FOUND,1,16706,26410,1,13440
34449,FOUND,1,14559,26410,1,13441
34493,FOUND,1,14603,26410,1,13442
34431,FOUND,1,14541,26410,1,13443
36645,FOUND,1,16738,26410,1,13444
36621,FOUND,1,16714,26410,1,13445
36638,FOUND,1,16731,26410,1,13446
36644,FOUND,1,16737,26410,1,13447
36617,FOUND,1,16710,26410,1,13448
36642,FOUND,1,16735,26410,1,13449
36639,FOUND,1,16732,26410,1,13450
36615,FOUND,1,16708,26410,1,13451
34463,FOUND,1,14573,26410,1,13452
36620,FOUND,1,16713,26410,1,13453
36619,FOUND,1,16712,26125,1,13454
36622,FOUND,1,16715,26410,1,13455
36643,FOUND,1,16736,26410,1,13456
36648,FOUND,1,16741,26410,1,13457
36647,FOUND,1,16740,26410,1,13458
36646,FOUND,1,16739,26410,1,13459
47621,FOUND,1,25694,21945,1,13460
14091,FOUND,1,1544,12157,1,13461
45528,FOUND,1,24063,25114,1,13462
34148,FOUND,1,14289,12157,1,13463
47631,FOUND,1,25704,21943,1,13464
33244,FOUND,1,13568,12559,1,13465
47413,FOUND,1,28406,21870,1,13466
23058,FOUND,1,8965,12157,1,13467
47419,FOUND,1,28408,21875,1,13468
15800,FOUND,1,3182,12157,1,13469
45485,FOUND,1,24021,25067,1,13470
14448,FOUND,1,1893,12157,1,13471
45466,FOUND,1,24002,25055,1,13472
17555,FOUND,1,4728,20536,1,13473
15583,FOUND,1,2965,12157,1,13474
30860,FOUND,1,12734,12157,1,13475
13824,FOUND,1,1281,12157,1,13476
26254,FOUND,1,10899,12157,1,13477
26332,FOUND,1,10977,12157,1,13478
16077,FOUND,1,3456,12157,1,13479
16070,FOUND,1,3449,12157,1,13480
13100,FOUND,1,594,12157,1,13481
39031,FOUND,1,18822,12157,1,13482
16475,FOUND,1,3853,12157,1,13483
25801,FOUND,1,10502,25855,1,13484
27211,FOUND,1,11848,12157,1,13485
36301,FOUND,1,16397,25848,1,13486
27710,FOUND,1,12347,25844,1,13487
47145,FOUND,1,25394,12157,1,13488
13476,FOUND,1,954,12157,1,13489
16090,FOUND,1,3469,12157,1,13490
26974,FOUND,1,11612,12157,1,13491
13490,FOUND,1,968,12157,1,13492
44200,FOUND,1,22972,12157,1,13493
17412,FOUND,1,4606,20517,1,13494
14109,FOUND,1,1562,12157,1,13495
14569,FOUND,1,2014,12157,1,13496
27162,FOUND,1,11799,20717,1,13497
37948,FOUND,1,17781,21737,1,13498
37949,FOUND,1,17782,20331,1,13499
44210,FOUND,1,22982,12157,1,13500
13131,FOUND,1,625,12157,1,13501
15093,FOUND,1,2495,20331,1,13502
37958,FOUND,1,17791,21737,1,13503
37959,FOUND,1,17792,20941,1,13504
37961,FOUND,1,17794,21450,1,13505
46458,NOT_FOUND,0,,,1,13506
13146,FOUND,1,638,12157,1,13507
16684,FOUND,1,4015,20381,1,13508
14662,FOUND,1,2104,20274,1,13509
16756,FOUND,1,4082,20387,1,13510
34144,FOUND,1,14285,12157,1,13511
16034,FOUND,1,3414,12157,1,13512
26908,FOUND,1,11546,12157,1,13513
15803,FOUND,1,3185,12157,1,13514
16682,FOUND,1,4013,12157,1,13515
26907,FOUND,1,11545,12157,1,13516
39004,FOUND,1,18806,12157,1,13517
22674,FOUND,1,8619,12157,1,13518
37476,FOUND,1,17372,21111,1,13519
27065,FOUND,1,11703,12157,1,13520
47104,FOUND,1,25353,12157,1,13521
23915,FOUND,1,9780,12157,1,13522
47105,FOUND,1,25354,12157,1,13523
23634,FOUND,1,9511,12157,1,13524
23565,FOUND,1,9444,12157,1,13525
14676,FOUND,1,2117,12157,1,13526
16407,FOUND,1,3785,12157,1,13527
17590,FOUND,1,4763,12157,1,13528
15300,FOUND,1,2687,12157,1,13529
36022,FOUND,1,16118,21505,1,13530
30879,FOUND,1,12753,12157,1,13531
25835,FOUND,1,10536,20599,1,13532
26193,NOT_FOUND,0,,,1,13533
22516,FOUND,1,8461,12157,1,13534
25824,FOUND,1,10525,20595,1,13535
13226,FOUND,1,718,12157,1,13536
16547,FOUND,1,3904,12157,1,13537
14782,FOUND,1,2214,20290,1,13538
14959,FOUND,1,2378,20290,1,13539
37709,FOUND,1,17555,21696,1,13540
37932,FOUND,1,17765,21732,1,13541
14989,FOUND,1,2407,20305,1,13542
16556,FOUND,1,3913,12157,1,13543
37494,FOUND,1,17390,21054,1,13544
42635,FOUND,1,21742,12157,1,13545
18425,FOUND,1,5479,12157,1,13546
37885,FOUND,1,17719,21059,1,13547
44248,FOUND,1,23020,12157,1,13548
26241,FOUND,1,10886,12157,1,13549
26246,FOUND,1,10891,12157,1,13550
37884,FOUND,1,17718,21254,1,13551
26475,FOUND,1,11118,12157,1,13552
25795,FOUND,1,10496,20593,1,13553
41003,FOUND,1,27933,12157,1,13554
45585,FOUND,1,24117,12157,1,13555
26421,FOUND,1,11064,12157,1,13556
34648,FOUND,1,14756,21089,1,13557
37550,FOUND,1,17445,21089,1,13558
45377,NOT_FOUND,0,,,1,13559
26289,FOUND,1,10934,12157,1,13560
37547,FOUND,1,17442,21679,1,13561
37549,FOUND,1,17444,21679,1,13562
13260,FOUND,1,745,12157,1,13563
37823,FOUND,1,17657,20680,1,13564
30778,FOUND,1,12694,12157,1,13565
37868,FOUND,1,17702,20420,1,13566
17129,FOUND,1,4393,20463,1,13567
27055,FOUND,1,11693,20680,1,13568
26982,FOUND,1,11620,20668,1,13569
27659,FOUND,1,12296,20687,1,13570
14355,FOUND,1,1800,12157,1,13571
30851,FOUND,1,12725,20889,1,13572
37543,FOUND,1,17438,20889,1,13573
37569,FOUND,1,17464,21686,1,13574
37568,FOUND,1,17463,21686,1,13575
45637,FOUND,1,24167,12157,1,13576
37422,FOUND,1,17318,21165,1,13577
13491,FOUND,1,969,12157,1,13578
26899,FOUND,1,11537,12157,1,13579
34812,FOUND,1,14912,21168,1,13580
34813,FOUND,1,14913,21168,1,13581
34811,FOUND,1,14911,21164,1,13582
37432,FOUND,1,17328,21152,1,13583
14152,FOUND,1,1605,12157,1,13584
37431,FOUND,1,17327,21174,1,13585
30847,FOUND,1,12721,12157,1,13586
37430,FOUND,1,17326,21166,1,13587
37555,FOUND,1,17450,21672,1,13588
34822,FOUND,1,14922,21175,1,13589
37904,FOUND,1,17738,21454,1,13590
26209,FOUND,1,10857,12157,1,13591
37493,FOUND,1,17389,20808,1,13592
46794,FOUND,1,25051,12157,1,13593
15205,FOUND,1,2595,12157,1,13594
47080,FOUND,1,25330,12157,1,13595
31735,FOUND,1,13110,12526,1,13596
47624,FOUND,1,25697,21946,1,13597
33281,FOUND,1,13605,12579,1,13598
47472,FOUND,1,25564,21879,1,13599
34047,NOT_FOUND,0,,,1,13600
47392,FOUND,1,25499,21864,1,13601
45352,FOUND,1,23921,12157,1,13602
47614,FOUND,1,25687,21939,1,13603
47137,FOUND,1,25386,12157,1,13604
47547,FOUND,1,25631,21915,1,13605
34206,FOUND,1,14345,17289,1,13606
34186,FOUND,1,14325,17292,1,13607
37073,FOUND,1,16984,26410,1,13608
37088,FOUND,1,16999,26410,1,13609
16263,FOUND,1,3641,12157,1,13610
16430,FOUND,1,3808,12157,1,13611
26859,FOUND,1,11497,12157,1,13612
16082,FOUND,1,3461,12157,1,13613
36010,FOUND,1,16106,20610,1,13614
14879,FOUND,1,2304,20295,1,13615
13353,FOUND,1,832,12157,1,13616
18210,FOUND,1,5277,12157,1,13617
27083,FOUND,1,11720,20273,1,13618
14622,FOUND,1,2066,12157,1,13619
14625,FOUND,1,2068,20273,1,13620
26393,FOUND,1,11036,12157,1,13621
17516,FOUND,1,4695,20527,1,13622
45595,FOUND,1,24127,12157,1,13623
37417,FOUND,1,17313,21455,1,13624
37418,FOUND,1,17314,21005,1,13625
37415,FOUND,1,17311,21651,1,13626
37902,FOUND,1,17736,21653,1,13627
14627,FOUND,1,2069,12157,1,13628
15282,FOUND,1,2669,12157,1,13629
16627,FOUND,1,3966,26089,1,13630
18035,FOUND,1,5104,26141,1,13631
15916,FOUND,1,3296,12157,1,13632
26248,FOUND,1,10893,12157,1,13633
14731,FOUND,1,2166,26141,1,13634
16527,FOUND,1,3887,26120,1,13635
26796,FOUND,1,11434,26154,1,13636
25817,FOUND,1,10518,26153,1,13637
27140,FOUND,1,11777,19971,1,13638
17725,FOUND,1,27510,26408,1,13639
27744,FOUND,1,12379,26086,1,13640
13116,FOUND,1,610,12157,1,13641
14942,FOUND,1,2363,12157,1,13642
25965,FOUND,1,10663,26110,1,13643
25857,FOUND,1,10558,26139,1,13644
17720,FOUND,1,27509,26139,1,13645
17420,FOUND,1,4612,26086,1,13646
17046,FOUND,1,4333,26097,1,13647
18027,FOUND,1,5096,26142,1,13648
14921,FOUND,1,2343,12157,1,13649
27575,FOUND,1,12212,26140,1,13650
26523,FOUND,1,11166,26106,1,13651
27283,FOUND,1,11920,26087,1,13652
15025,FOUND,1,2436,26145,1,13653
17415,FOUND,1,4608,26140,1,13654
16025,FOUND,1,3405,12157,1,13655
23658,FOUND,1,9535,12157,1,13656
22486,FOUND,1,8431,12157,1,13657
13623,FOUND,1,1100,12157,1,13658
14259,FOUND,1,1706,12157,1,13659
15602,FOUND,1,2984,12157,1,13660
14945,FOUND,1,2366,12157,1,13661
13626,FOUND,1,1103,12157,1,13662
35988,FOUND,1,16084,21207,1,13663
45703,FOUND,1,24207,12157,1,13664
37419,FOUND,1,17315,21006,1,13665
23613,FOUND,1,9492,12157,1,13666
37901,FOUND,1,17735,21453,1,13667
26260,FOUND,1,10905,12157,1,13668
23994,FOUND,1,9859,12157,1,13669
26267,FOUND,1,10912,12157,1,13670
18422,FOUND,1,5476,12157,1,13671
30869,FOUND,1,12743,12157,1,13672
27559,FOUND,1,12196,20744,1,13673
61755,FOUND,1,29980,26680,1,13674
46808,FOUND,1,25065,12157,1,13675
44188,FOUND,1,22960,12157,1,13676
46509,FOUND,1,24777,12157,1,13677
22487,FOUND,1,8432,12157,1,13678
46750,FOUND,1,25007,12157,1,13679
13013,FOUND,1,508,12157,1,13680
46624,FOUND,1,24892,12157,1,13681
47228,FOUND,1,28605,14567,1,13682
46473,FOUND,1,24741,12157,1,13683
47236,FOUND,1,28613,14571,1,13684
46732,FOUND,1,24989,12157,1,13685
16247,FOUND,1,3625,12157,1,13686
46497,FOUND,1,24765,12157,1,13687
14056,FOUND,1,1510,12157,1,13688
46479,FOUND,1,24747,12157,1,13689
14081,FOUND,1,1534,12157,1,13690
46498,FOUND,1,24766,12157,1,13691
44230,FOUND,1,23002,12157,1,13692
46798,FOUND,1,25055,12157,1,13693
47252,FOUND,1,28629,14577,1,13694
47001,FOUND,1,25251,12157,1,13695
47239,FOUND,1,28616,14557,1,13696
47041,FOUND,1,25291,12157,1,13697
20509,FOUND,1,6592,12157,1,13698
46912,FOUND,1,25162,12157,1,13699
47245,FOUND,1,28622,14574,1,13700
46650,FOUND,1,24918,12157,1,13701
23110,FOUND,1,9017,12157,1,13702
46582,FOUND,1,24850,12157,1,13703
23331,FOUND,1,9226,12157,1,13704
47057,FOUND,1,25307,12157,1,13705
47224,FOUND,1,28601,14566,1,13706
47042,FOUND,1,25292,12157,1,13707
47211,FOUND,1,28588,14557,1,13708
46988,FOUND,1,25238,12157,1,13709
47241,FOUND,1,28618,14558,1,13710
46632,FOUND,1,24900,12157,1,13711
47256,FOUND,1,28633,14075,1,13712
46903,FOUND,1,25153,12157,1,13713
14292,FOUND,1,1738,12157,1,13714
46836,FOUND,1,25093,12157,1,13715
40178,FOUND,1,19760,14177,1,13716
47016,FOUND,1,25266,12157,1,13717
47212,FOUND,1,28589,14558,1,13718
47003,FOUND,1,25253,12157,1,13719
47243,FOUND,1,28620,14576,1,13720
46546,FOUND,1,24814,12157,1,13721
40160,FOUND,1,19743,14178,1,13722
46742,FOUND,1,24999,12157,1,13723
63207,FOUND,1,30299,26684,1,13724
47250,FOUND,1,28627,14570,1,13725
46790,FOUND,1,25047,12157,1,13726
47219,FOUND,1,28596,14562,1,13727
47014,FOUND,1,25264,12157,1,13728
40185,FOUND,1,19767,14185,1,13729
46508,FOUND,1,24776,12157,1,13730
40176,FOUND,1,19758,14185,1,13731
46520,FOUND,1,24788,12157,1,13732
40189,FOUND,1,19771,14188,1,13733
47067,FOUND,1,25317,12157,1,13734
47225,FOUND,1,28602,14564,1,13735
46925,FOUND,1,25175,12157,1,13736
47220,FOUND,1,28597,14563,1,13737
46463,FOUND,1,24731,12157,1,13738
40187,FOUND,1,19769,14188,1,13739
47028,FOUND,1,25278,12157,1,13740
40186,FOUND,1,19768,14174,1,13741
47032,FOUND,1,25282,12157,1,13742
47210,FOUND,1,28587,14556,1,13743
46486,FOUND,1,24754,12157,1,13744
47232,FOUND,1,28609,14569,1,13745
46785,FOUND,1,25042,12157,1,13746
47251,FOUND,1,28628,14556,1,13747
12941,FOUND,1,441,12157,1,13748
40157,FOUND,1,19740,14175,1,13749
47063,FOUND,1,25313,12157,1,13750
40163,FOUND,1,19746,14175,1,13751
47021,FOUND,1,25271,12157,1,13752
40156,FOUND,1,19739,14174,1,13753
47055,FOUND,1,25305,12157,1,13754
47260,FOUND,1,28637,14555,1,13755
47050,FOUND,1,25300,12157,1,13756
47238,FOUND,1,28615,14573,1,13757
46941,FOUND,1,25191,12157,1,13758
39883,FOUND,1,19472,14141,1,13759
46585,FOUND,1,24853,12157,1,13760
46972,FOUND,1,25222,14141,1,13761
27510,FOUND,1,12147,20497,1,13762
13514,FOUND,1,992,12157,1,13763
47248,FOUND,1,28625,14569,1,13764
46547,FOUND,1,24815,12157,1,13765
47234,FOUND,1,28611,14570,1,13766
46468,FOUND,1,24736,12157,1,13767
43722,FOUND,1,22737,22695,1,13768
46622,FOUND,1,24890,12157,1,13769
18192,FOUND,1,5259,22727,1,13770
46860,FOUND,1,25110,12157,1,13771
18929,FOUND,1,5574,22790,1,13772
46746,FOUND,1,25003,12157,1,13773
18153,FOUND,1,5220,22711,1,13774
47072,FOUND,1,25322,12157,1,13775
18186,FOUND,1,5253,22717,1,13776
46907,FOUND,1,25157,12157,1,13777
21071,FOUND,1,7062,23527,1,13778
63216,FOUND,1,30313,26684,1,13779
46472,FOUND,1,24740,12157,1,13780
21068,FOUND,1,7059,23512,1,13781
46638,FOUND,1,24906,12157,1,13782
21051,FOUND,1,7042,23512,1,13783
46464,FOUND,1,24732,12157,1,13784
21110,FOUND,1,7099,23539,1,13785
46998,FOUND,1,25248,12157,1,13786
18119,FOUND,1,5187,22702,1,13787
46743,FOUND,1,25000,12157,1,13788
19847,FOUND,1,6034,23034,1,13789
46507,FOUND,1,24775,12157,1,13790
21458,FOUND,1,7441,22967,1,13791
46707,FOUND,1,24964,26410,1,13792
19857,FOUND,1,6043,23074,1,13793
46875,FOUND,1,25125,12157,1,13794
19905,FOUND,1,6090,22716,1,13795
18138,FOUND,1,5206,22716,1,13796
43721,FOUND,1,22736,23514,1,13797
44382,FOUND,1,23098,23115,1,13798
19922,FOUND,1,6107,22857,1,13799
19909,FOUND,1,6094,23098,1,13800
19760,FOUND,1,5965,23034,1,13801
19374,FOUND,1,5769,22915,1,13802
21442,FOUND,1,7425,23559,1,13803
44407,FOUND,1,23121,23856,1,13804
18128,FOUND,1,5196,22711,1,13805
18139,FOUND,1,5207,22717,1,13806
47206,FOUND,1,28583,14553,1,13807
39866,FOUND,1,19455,14132,1,13808
47254,FOUND,1,28631,14554,1,13809
47202,FOUND,1,28579,14549,1,13810
47205,FOUND,1,28582,14552,1,13811
39882,FOUND,1,19471,14132,1,13812
47215,FOUND,1,28592,14560,1,13813
47207,FOUND,1,28584,14551,1,13814
15826,FOUND,1,3207,11435,1,13815
27247,FOUND,1,11884,11441,1,13816
13095,FOUND,1,589,12157,1,13817
14912,FOUND,1,2335,11378,1,13818
34054,NOT_FOUND,0,,,2,13819
23614,FOUND,1,9493,12157,1,13821
27174,FOUND,1,11811,11295,1,13822
33886,FOUND,1,14103,22985,1,13823
14689,FOUND,1,2129,11295,1,13824
14615,FOUND,1,2059,11277,1,13825
40159,FOUND,1,19742,14177,1,13826
47226,FOUND,1,28603,14567,1,13827
47246,FOUND,1,28623,14575,1,13828
26250,FOUND,1,10895,12157,1,13829
27050,FOUND,1,11688,11414,1,13830
40150,FOUND,1,19733,14171,1,13831
40174,FOUND,1,19756,14182,1,13832
63231,FOUND,1,30285,26684,1,13833
47233,FOUND,1,28610,14552,1,13834
47253,FOUND,1,28630,14565,1,13835
39665,FOUND,1,19307,14106,1,13836
47258,FOUND,1,28635,14573,1,13837
47221,FOUND,1,28598,14563,1,13838
40190,FOUND,1,19772,14179,1,13839
47247,FOUND,1,28624,14576,1,13840
40164,FOUND,1,19747,14179,1,13841
45249,FOUND,1,23886,14295,1,13842
46227,FOUND,1,28095,14516,1,13843
40395,FOUND,1,27779,14269,1,13844
22535,FOUND,1,8480,12157,1,13845
46235,FOUND,1,24549,14514,1,13846
30768,FOUND,1,12684,12157,1,13847
45250,FOUND,1,23887,14255,1,13848
46225,FOUND,1,27735,14515,1,13849
40396,FOUND,1,27780,14270,1,13850
14932,FOUND,1,2353,12157,1,13851
40400,FOUND,1,19940,14269,1,13852
46224,FOUND,1,27734,14515,1,13853
40372,FOUND,1,19938,14255,1,13854
40462,FOUND,1,27789,14295,1,13855
46226,FOUND,1,28577,14513,1,13856
40553,FOUND,1,20075,14330,1,13857
40425,FOUND,1,19960,14285,1,13858
40409,FOUND,1,19944,14278,1,13859
20493,FOUND,1,6576,12157,1,13860
40432,FOUND,1,19967,14285,1,13861
25979,FOUND,1,10677,12157,1,13862
40434,FOUND,1,19969,14264,1,13863
40441,FOUND,1,19976,14292,1,13864
40575,FOUND,1,20089,14339,1,13865
40418,FOUND,1,19953,14278,1,13866
46133,FOUND,1,24460,14507,1,13867
46139,FOUND,1,24466,14510,1,13868
23429,FOUND,1,9316,12157,1,13869
46138,FOUND,1,24465,14509,1,13870
30473,FOUND,1,12648,13641,1,13871
13033,FOUND,1,527,12157,1,13872
46136,FOUND,1,24463,14508,1,13873
60260,FOUND,1,26628,14619,1,13874
59772,FOUND,1,26357,14511,1,13875
40466,FOUND,1,19997,14298,1,13876
46137,FOUND,1,24464,14510,1,13877
46142,FOUND,1,24469,14506,1,13878
40545,FOUND,1,20067,14327,1,13879
22712,FOUND,1,8657,12157,1,13880
46129,FOUND,1,24456,14504,1,13881
40465,FOUND,1,19996,14297,1,13882
40469,FOUND,1,20000,14301,1,13883
40577,FOUND,1,20091,14327,1,13884
40393,FOUND,1,27777,14268,1,13885
40394,FOUND,1,27778,14267,1,13886
46132,FOUND,1,24459,14506,1,13887
40546,FOUND,1,20068,14328,1,13888
40464,FOUND,1,19995,14297,1,13889
27462,FOUND,1,12099,20762,1,13890
40403,FOUND,1,27784,14268,1,13891
40392,FOUND,1,27776,14267,1,13892
39567,FOUND,1,19241,14097,1,13893
39638,FOUND,1,19294,14104,1,13894
39637,FOUND,1,19293,14104,1,13895
46976,FOUND,1,25226,14039,1,13896
39385,FOUND,1,19073,14017,1,13897
39633,FOUND,1,19290,14100,1,13898
39666,FOUND,1,19308,14100,1,13899
39357,FOUND,1,19045,14016,1,13900
39358,FOUND,1,19046,14017,1,13901
39389,FOUND,1,19076,14036,1,13902
39407,FOUND,1,19094,14048,1,13903
39639,FOUND,1,19295,14011,1,13904
39352,FOUND,1,19040,14011,1,13905
39388,FOUND,1,19075,14035,1,13906
39391,FOUND,1,19078,14038,1,13907
60282,FOUND,1,29258,13363,1,13908
14102,FOUND,1,1555,12157,1,13909
60231,FOUND,1,26602,13353,1,13910
63004,FOUND,1,30077,26684,1,13911
40364,FOUND,1,27895,14250,1,13912
39855,FOUND,1,28551,14123,1,13913
17185,FOUND,1,4441,12157,1,13914
23580,FOUND,1,9459,12157,1,13915
40027,FOUND,1,19611,14152,1,13916
40368,FOUND,1,27899,14248,1,13917
45287,NOT_FOUND,0,,,2,13918
23573,FOUND,1,9452,12157,1,13920
22531,FOUND,1,8476,12157,1,13921
40347,FOUND,1,19928,14152,1,13922
20501,FOUND,1,6584,12157,1,13923
13838,FOUND,1,1295,12157,1,13924
40034,FOUND,1,19617,14120,1,13925
39778,FOUND,1,19370,14118,1,13926
45313,NOT_FOUND,0,,,2,13927
40348,FOUND,1,19929,14245,1,13929
40035,FOUND,1,19618,14150,1,13930
23795,FOUND,1,9660,12157,1,13931
39776,FOUND,1,19368,14120,1,13932
40369,FOUND,1,27900,14252,1,13933
14223,FOUND,1,1671,12157,1,13934
13714,FOUND,1,1191,12157,1,13935
40413,FOUND,1,19948,14281,1,13936
19417,NOT_FOUND,0,,,2,13937
42648,FOUND,1,21755,12157,1,13939
40415,FOUND,1,19950,14282,1,13940
40443,FOUND,1,19978,14291,1,13941
40438,FOUND,1,19973,14291,1,13942
14251,FOUND,1,1698,12157,1,13943
40408,FOUND,1,19943,14277,1,13944
40437,FOUND,1,19972,14290,1,13945
40442,FOUND,1,19977,14290,1,13946
22855,FOUND,1,8797,12157,1,13947
26166,NOT_FOUND,0,,,1,13948
22768,FOUND,1,8711,12157,1,13949
14557,FOUND,1,2002,12157,1,13950
40428,FOUND,1,19963,14282,1,13951
22706,FOUND,1,8651,12157,1,13952
40355,FOUND,1,27310,14153,1,13953
40412,FOUND,1,19947,14277,1,13954
40036,FOUND,1,19619,14153,1,13955
40345,FOUND,1,19926,14244,1,13956
23566,FOUND,1,9445,12157,1,13957
40367,FOUND,1,27898,14251,1,13958
40363,FOUND,1,27894,14251,1,13959
40346,FOUND,1,19927,14244,1,13960
47113,FOUND,1,25362,12157,1,13961
15127,FOUND,1,2525,20339,1,13962
31867,NOT_FOUND,0,,,2,13963
16393,FOUND,1,3771,12157,1,13965
27068,FOUND,1,11705,20216,1,13966
47149,FOUND,1,25398,12157,1,13967
27442,FOUND,1,12079,20261,1,13968
22519,FOUND,1,8464,12157,1,13969
34031,FOUND,1,14199,20891,1,13970
34050,FOUND,1,14212,20902,1,13971
14631,FOUND,1,2073,12157,1,13972
15680,FOUND,1,3062,12157,1,13973
26580,FOUND,1,11222,20657,1,13974
27318,FOUND,1,11955,20760,1,13975
17187,FOUND,1,4443,12157,1,13976
23651,FOUND,1,9528,12157,1,13977
11817,FOUND,1,63,20227,1,13978
23895,FOUND,1,9760,12157,1,13979
27438,FOUND,1,12075,20760,1,13980
27196,FOUND,1,11833,20721,1,13981
23881,FOUND,1,9746,12157,1,13982
22689,FOUND,1,8634,12157,1,13983
35996,FOUND,1,16092,21305,1,13984
23237,FOUND,1,9139,12157,1,13985
26775,FOUND,1,11413,12157,1,13986
40485,NOT_FOUND,0,,,2,13987
13869,FOUND,1,1326,12157,1,13989
40499,NOT_FOUND,0,,,2,13990
40542,FOUND,1,20066,14325,1,13992
40495,FOUND,1,20024,13594,1,13993
40576,FOUND,1,20090,14337,1,13994
40573,FOUND,1,20087,14341,1,13995
15641,FOUND,1,3023,12157,1,13996
32905,NOT_FOUND,0,,,2,13997
40574,FOUND,1,20088,14341,1,13999
40458,FOUND,1,19991,14294,1,14000
40539,FOUND,1,20064,14315,1,14001
40544,NOT_FOUND,0,,,2,14002
40497,NOT_FOUND,0,,,2,14004
40484,NOT_FOUND,0,,,2,14006
37310,FOUND,1,17207,21353,1,14008
14712,FOUND,1,2150,12157,1,14009
27197,FOUND,1,11834,20307,1,14010
13801,FOUND,1,1273,12157,1,14011
16406,FOUND,1,3784,12157,1,14012
26635,FOUND,1,11275,12157,1,14013
15017,FOUND,1,2431,20307,1,14014
37344,FOUND,1,17240,20402,1,14015
17281,FOUND,1,4517,12157,1,14016
14560,FOUND,1,2005,12157,1,14017
14728,FOUND,1,2164,12157,1,14018
37994,FOUND,1,17827,21599,1,14019
16440,FOUND,1,3818,12157,1,14020
13272,FOUND,1,757,12157,1,14021
13907,FOUND,1,1364,12157,1,14022
26258,FOUND,1,10903,12157,1,14023
27819,FOUND,1,12452,26402,1,14024
22703,FOUND,1,8648,12157,1,14025
30761,FOUND,1,12677,12157,1,14026
22954,FOUND,1,8864,12157,1,14027
27829,FOUND,1,12461,26360,1,14028
13920,FOUND,1,1377,12157,1,14029
18007,FOUND,1,5077,26371,1,14030
12921,FOUND,1,422,12157,1,14031
12845,FOUND,1,350,12157,1,14032
15661,FOUND,1,3043,12157,1,14033
12933,FOUND,1,433,12157,1,14034
15222,FOUND,1,2611,12157,1,14035
12951,FOUND,1,451,12157,1,14036
15662,FOUND,1,3044,12157,1,14037
22690,FOUND,1,8635,12157,1,14038
16223,FOUND,1,3601,12157,1,14039
45685,NOT_FOUND,0,,,1,14040
13175,FOUND,1,667,12157,1,14041
23883,FOUND,1,9748,12157,1,14042
16271,FOUND,1,3649,12157,1,14043
37943,FOUND,1,17776,20338,1,14044
45349,FOUND,1,23918,12157,1,14045
44171,FOUND,1,22943,12157,1,14046
18417,FOUND,1,5471,12157,1,14047
22686,FOUND,1,8631,12157,1,14048
22590,FOUND,1,8535,12157,1,14049
25303,FOUND,1,10023,12157,1,14050
17658,FOUND,1,4823,12157,1,14051
14143,FOUND,1,1596,12157,1,14052
13624,FOUND,1,1101,12157,1,14053
16251,FOUND,1,3629,12157,1,14054
14116,FOUND,1,1569,12157,1,14055
20386,FOUND,1,6477,12157,1,14056
32980,NOT_FOUND,0,,,1,14057
16058,FOUND,1,3438,12157,1,14058
31913,NOT_FOUND,0,,,1,14059
16152,FOUND,1,3531,12157,1,14060
38144,FOUND,1,17977,21711,1,14061
13840,FOUND,1,1297,12157,1,14062
15959,FOUND,1,3339,12157,1,14063
14399,FOUND,1,1844,12157,1,14064
18150,FOUND,1,5217,12157,1,14065
16042,FOUND,1,3422,12157,1,14066
36281,FOUND,1,16377,21558,1,14067
44174,FOUND,1,22946,12157,1,14068
13688,FOUND,1,1165,12157,1,14069
15512,FOUND,1,2894,12157,1,14070
47108,FOUND,1,25357,12157,1,14071
14522,FOUND,1,1967,12157,1,14072
45354,NOT_FOUND,0,,,1,14073
30776,FOUND,1,12692,12157,1,14074
45309,NOT_FOUND,0,,,1,14075
14154,FOUND,1,1607,12157,1,14076
38294,FOUND,1,18124,20894,1,14077
14516,FOUND,1,1961,12157,1,14078
26170,NOT_FOUND,0,,,1,14079
15921,FOUND,1,3301,12157,1,14080
27991,FOUND,1,12555,12157,1,14081
23808,FOUND,1,9673,12157,1,14082
16304,FOUND,1,3682,12157,1,14083
16745,FOUND,1,4071,12157,1,14084
47121,FOUND,1,25370,12157,1,14085
14488,FOUND,1,1933,12157,1,14086
22628,FOUND,1,8573,12157,1,14087
23397,FOUND,1,9290,12157,1,14088
22751,FOUND,1,8694,12157,1,14089
16290,FOUND,1,3668,12157,1,14090
34048,NOT_FOUND,0,,,1,14091
27457,FOUND,1,12094,20696,1,14092
60102,FOUND,1,26533,14606,1,14093
13930,FOUND,1,1387,12157,1,14094
14499,FOUND,1,1944,12157,1,14095
26180,NOT_FOUND,0,,,1,14096
23458,FOUND,1,9345,12157,1,14097
27109,FOUND,1,11746,20696,1,14098
32913,NOT_FOUND,0,,,1,14099
36003,FOUND,1,16099,20796,1,14100
45293,NOT_FOUND,0,,,1,14101
27108,FOUND,1,11745,20695,1,14102
25975,FOUND,1,10673,12157,1,14103
38314,FOUND,1,18144,21775,1,14104
27578,FOUND,1,12215,20763,1,14105
22847,FOUND,1,8789,12157,1,14106
45590,FOUND,1,24122,12157,1,14107
26810,FOUND,1,11448,12157,1,14108
26277,FOUND,1,10922,12157,1,14109
27327,FOUND,1,11964,20763,1,14110
13705,FOUND,1,1182,12157,1,14111
45855,FOUND,1,24344,14472,1,14112
15185,FOUND,1,2580,12157,1,14113
38293,FOUND,1,18123,21765,1,14114
37921,FOUND,1,17754,21706,1,14115
37811,FOUND,1,17645,21705,1,14116
24026,FOUND,1,9889,12157,1,14117
12795,FOUND,1,301,12157,1,14118
16438,FOUND,1,3816,12157,1,14119
35989,FOUND,1,16085,21495,1,14120
16715,FOUND,1,4044,20382,1,14121
13926,FOUND,1,1383,12157,1,14122
17359,FOUND,1,4570,20242,1,14123
39003,FOUND,1,27678,12157,1,14124
26935,FOUND,1,11573,12157,1,14125
13704,FOUND,1,1181,12157,1,14126
23571,FOUND,1,9450,12157,1,14127
15068,FOUND,1,2475,20320,1,14128
45776,FOUND,1,24265,14433,1,14129
23127,FOUND,1,9034,12157,1,14130
27447,FOUND,1,12084,20791,1,14131
17186,FOUND,1,4442,12157,1,14132
15224,FOUND,1,2613,12157,1,14133
23436,FOUND,1,9323,12157,1,14134
17226,FOUND,1,4473,20481,1,14135
18208,FOUND,1,5275,12157,1,14136
13028,FOUND,1,523,12157,1,14137
18617,FOUND,1,5515,12157,1,14138
32858,FOUND,1,13301,12157,1,14139
17736,FOUND,1,4884,20390,1,14140
17613,FOUND,1,4785,12157,1,14141
17433,FOUND,1,4620,20520,1,14142
16767,FOUND,1,4093,20390,1,14143
13007,FOUND,1,502,12157,1,14144
14671,FOUND,1,2112,12157,1,14145
26198,FOUND,1,10846,12157,1,14146
30872,FOUND,1,12746,12157,1,14147
17687,FOUND,1,4843,12157,1,14148
23976,FOUND,1,9841,12157,1,14149
22475,FOUND,1,8420,12157,1,14150
45596,FOUND,1,24128,12157,1,14151
27537,FOUND,1,12174,20641,1,14152
12793,FOUND,1,299,12157,1,14153
15878,FOUND,1,3258,12157,1,14154
17521,FOUND,1,4697,20528,1,14155
14216,FOUND,1,1664,12157,1,14156
27564,FOUND,1,12201,20827,1,14157
27561,FOUND,1,12198,20825,1,14158
27275,FOUND,1,11912,20744,1,14159
15584,FOUND,1,2966,12157,1,14160
27618,FOUND,1,12255,20695,1,14161
13501,FOUND,1,979,12157,1,14162
14954,FOUND,1,2373,20300,1,14163
45278,NOT_FOUND,0,,,1,14164
30853,FOUND,1,12727,12157,1,14165
27194,FOUND,1,11831,20720,1,14166
27122,FOUND,1,11759,20703,1,14167
13669,FOUND,1,1146,12157,1,14168
16277,FOUND,1,3655,12157,1,14169
13917,FOUND,1,1374,12157,1,14170
17029,FOUND,1,4318,20433,1,14171
27240,FOUND,1,11877,20701,1,14172
27203,FOUND,1,11840,20720,1,14173
15911,FOUND,1,3291,12157,1,14174
17417,FOUND,1,4610,20452,1,14175
27215,FOUND,1,11852,20724,1,14176
27312,FOUND,1,11949,26154,1,14177
15612,FOUND,1,2994,26142,1,14178
26948,FOUND,1,11586,26143,1,14179
26986,FOUND,1,11624,26144,1,14180
25960,FOUND,1,10658,26117,1,14181
17644,FOUND,1,4811,26120,1,14182
27282,FOUND,1,11919,26121,1,14183
17461,FOUND,1,4644,26143,1,14184
14920,FOUND,1,2342,12157,1,14185
15234,FOUND,1,2623,12157,1,14186
16679,FOUND,1,4010,26150,1,14187
15709,FOUND,1,3091,12157,1,14188
13375,FOUND,1,854,12157,1,14189
37347,FOUND,1,17243,26189,1,14190
15290,FOUND,1,2677,12157,1,14191
23894,FOUND,1,9759,12157,1,14192
12852,FOUND,1,357,12157,1,14193
37339,FOUND,1,27736,26194,1,14194
13251,FOUND,1,736,12157,1,14195
15092,FOUND,1,2494,26234,1,14196
30754,FOUND,1,12670,13586,1,14197
27118,FOUND,1,11755,20704,1,14198
14012,FOUND,1,1467,12157,1,14199
17525,FOUND,1,4700,20529,1,14200
27117,FOUND,1,11754,20703,1,14201
17522,FOUND,1,4698,20529,1,14202
14375,FOUND,1,1820,12157,1,14203
13746,FOUND,1,1223,12157,1,14204
13631,FOUND,1,1108,12157,1,14205
13742,FOUND,1,1219,12157,1,14206
13034,FOUND,1,528,12157,1,14207
25944,FOUND,1,10642,26118,1,14208
17997,FOUND,1,5069,26106,1,14209
26382,FOUND,1,11026,26102,1,14210
17093,FOUND,1,4371,26105,1,14211
14125,FOUND,1,1578,12157,1,14212
16678,FOUND,1,4009,26151,1,14213
27665,FOUND,1,12302,26122,1,14214
16710,FOUND,1,4039,26149,1,14215
26164,NOT_FOUND,0,,,1,14216
16720,FOUND,1,4049,26152,1,14217
26985,FOUND,1,11623,26101,1,14218
17572,FOUND,1,4745,26100,1,14219
27238,FOUND,1,11875,26101,1,14220
15067,FOUND,1,2474,26100,1,14221
37326,FOUND,1,17223,26197,1,14222
15636,FOUND,1,3018,12157,1,14223
18622,FOUND,1,5520,12157,1,14224
42647,FOUND,1,21754,12157,1,14225
13224,FOUND,1,716,12157,1,14226
18394,FOUND,1,27517,12157,1,14227
22525,FOUND,1,8470,12157,1,14228
37356,FOUND,1,17252,26193,1,14229
37370,FOUND,1,17266,26195,1,14230
13037,FOUND,1,531,12157,1,14231
15534,FOUND,1,2916,12157,1,14232
37341,FOUND,1,17237,26194,1,14233
23983,FOUND,1,9848,12157,1,14234
14068,FOUND,1,1522,12157,1,14235
37374,FOUND,1,17270,26189,1,14236
16974,FOUND,1,4272,12157,1,14237
23800,FOUND,1,9665,12157,1,14238
45725,FOUND,1,24228,26410,1,14239
14697,FOUND,1,2137,20278,1,14240
37335,FOUND,1,17232,20278,1,14241
14123,FOUND,1,1576,12157,1,14242
16003,FOUND,1,3383,12157,1,14243
38289,FOUND,1,18119,21763,1,14244
42634,FOUND,1,21741,12157,1,14245
34033,FOUND,1,14201,20893,1,14246
15729,FOUND,1,3111,12157,1,14247
14587,FOUND,1,2032,12157,1,14248
18409,FOUND,1,5463,12157,1,14249
14521,FOUND,1,1966,12157,1,14250
38287,FOUND,1,18117,21767,1,14251
23606,FOUND,1,9485,12157,1,14252
38282,FOUND,1,18112,21763,1,14253
38284,FOUND,1,18114,20820,1,14254
28009,FOUND,1,12570,12157,1,14255
23697,FOUND,1,9574,12157,1,14256
15233,FOUND,1,2622,12157,1,14257
21357,FOUND,1,7341,12157,1,14258
13876,FOUND,1,1333,12157,1,14259
15692,FOUND,1,3074,12157,1,14260
27220,FOUND,1,11857,12157,1,14261
30760,FOUND,1,12676,12157,1,14262
23175,FOUND,1,9077,12157,1,14263
34145,FOUND,1,14286,12157,1,14264
14283,FOUND,1,1729,12157,1,14265
22574,FOUND,1,8519,12157,1,14266
45681,NOT_FOUND,0,,,1,14267
17458,FOUND,1,4641,12157,1,14268
27567,FOUND,1,12204,20829,1,14269
14132,FOUND,1,1585,12157,1,14270
23183,FOUND,1,9085,12157,1,14271
44204,FOUND,1,22976,12157,1,14272
26042,FOUND,1,10739,12157,1,14273
37501,FOUND,1,17397,21672,1,14274
42616,FOUND,1,21723,12157,1,14275
27747,FOUND,1,12382,20873,1,14276
26906,FOUND,1,11544,12157,1,14277
45667,FOUND,1,28082,12157,1,14278
27512,FOUND,1,12149,20794,1,14279
34722,FOUND,1,14830,21129,1,14280
15884,FOUND,1,3264,12157,1,14281
17688,FOUND,1,4844,20544,1,14282
14140,FOUND,1,1593,12157,1,14283
34147,FOUND,1,14288,12157,1,14284
23180,FOUND,1,9082,12157,1,14285
13965,FOUND,1,1421,12157,1,14286
26303,FOUND,1,10948,12157,1,14287
23064,FOUND,1,8971,12157,1,14288
39016,FOUND,1,18813,12157,1,14289
27557,FOUND,1,12194,20823,1,14290
22496,FOUND,1,8441,12157,1,14291
27560,FOUND,1,12197,20824,1,14292
24035,FOUND,1,9898,12157,1,14293
14405,FOUND,1,1850,12157,1,14294
15567,FOUND,1,2949,12157,1,14295
14420,FOUND,1,1865,12157,1,14296
45374,NOT_FOUND,0,,,1,14297
26590,FOUND,1,11232,12157,1,14298
45835,FOUND,1,24324,14460,1,14299
14141,FOUND,1,1594,12157,1,14300
15721,FOUND,1,3103,12157,1,14301
14079,FOUND,1,1532,12157,1,14302
37444,FOUND,1,17340,21030,1,14303
27648,FOUND,1,12285,20852,1,14304
44183,FOUND,1,22955,12157,1,14305
13839,FOUND,1,1296,12157,1,14306
27804,FOUND,1,12437,20856,1,14307
27609,FOUND,1,12246,20839,1,14308
37449,FOUND,1,17345,20708,1,14309
27129,FOUND,1,11766,20708,1,14310
27742,FOUND,1,12377,20752,1,14311
27296,FOUND,1,11933,20752,1,14312
27649,FOUND,1,12286,20564,1,14313
27653,FOUND,1,12290,20854,1,14314
27646,FOUND,1,12283,20852,1,14315
45788,FOUND,1,24277,14442,1,14316
27657,FOUND,1,12294,20856,1,14317
14667,FOUND,1,2108,12157,1,14318
34747,FOUND,1,14855,21145,1,14319
14816,FOUND,1,2245,12157,1,14320
37495,FOUND,1,17391,21150,1,14321
23576,FOUND,1,9455,12157,1,14322
25825,FOUND,1,10526,20596,1,14323
37570,FOUND,1,17465,20445,1,14324
23124,FOUND,1,9031,12157,1,14325
16945,FOUND,1,4252,20380,1,14326
27209,FOUND,1,11846,20723,1,14327
14401,FOUND,1,1846,12157,1,14328
23258,FOUND,1,9160,12157,1,14329
14299,FOUND,1,1745,12157,1,14330
47152,FOUND,1,25401,12157,1,14331
18156,FOUND,1,5223,12157,1,14332
45833,FOUND,1,24322,14459,1,14333
27344,FOUND,1,11981,20768,1,14334
31877,NOT_FOUND,0,,,1,14335
13127,FOUND,1,621,12157,1,14336
27309,FOUND,1,11946,20756,1,14337
42632,FOUND,1,21739,12157,1,14338
23655,FOUND,1,9532,12157,1,14339
27307,FOUND,1,11944,20755,1,14340
17343,FOUND,1,4558,12157,1,14341
27204,FOUND,1,11841,20697,1,14342
27110,FOUND,1,11747,20697,1,14343
15700,FOUND,1,3082,12157,1,14344
34163,FOUND,1,14302,12157,1,14345
27292,FOUND,1,11929,20749,1,14346
27236,FOUND,1,11873,20733,1,14347
15656,FOUND,1,3038,12157,1,14348
15724,FOUND,1,3106,12157,1,14349
27290,FOUND,1,11927,20325,1,14350
27054,FOUND,1,11692,20679,1,14351
27293,FOUND,1,11930,20750,1,14352
18355,FOUND,1,5415,12157,1,14353
13390,FOUND,1,869,12157,1,14354
60273,FOUND,1,28193,13359,1,14355
26291,FOUND,1,10936,12157,1,14356
59199,FOUND,1,25903,13246,1,14357
22249,NOT_FOUND,0,,,1,14358
60195,FOUND,1,26569,13335,1,14359
38513,FOUND,1,18339,26410,1,14360
60213,FOUND,1,26584,13344,1,14361
38516,FOUND,1,27224,26410,1,14362
46244,FOUND,1,28100,13179,1,14363
46724,FOUND,1,24981,12157,1,14364
60212,FOUND,1,26583,13344,1,14365
16114,FOUND,1,3493,12157,1,14366
60202,FOUND,1,26575,13339,1,14367
37487,FOUND,1,17383,21667,1,14368
37486,FOUND,1,17382,20732,1,14369
14052,FOUND,1,1506,12157,1,14370
13946,FOUND,1,1403,12157,1,14371
15339,FOUND,1,2723,12157,1,14372
42586,FOUND,1,21696,12157,1,14373
15433,FOUND,1,2817,12157,1,14374
27230,FOUND,1,11867,20732,1,14375
13297,FOUND,1,782,12157,1,14376
37448,FOUND,1,17344,21657,1,14377
16725,FOUND,1,4054,20268,1,14378
37484,FOUND,1,17380,21664,1,14379
26081,FOUND,1,10776,20347,1,14380
37446,FOUND,1,17342,21658,1,14381
37443,FOUND,1,17339,21184,1,14382
37447,FOUND,1,17343,21658,1,14383
37470,FOUND,1,17366,21664,1,14384
13997,FOUND,1,1452,12157,1,14385
15345,FOUND,1,2729,20347,1,14386
37380,FOUND,1,17276,20315,1,14387
45710,FOUND,1,24214,14391,1,14388
38013,FOUND,1,17846,21596,1,14389
23707,FOUND,1,9584,12157,1,14390
17610,FOUND,1,4782,12157,1,14391
37369,FOUND,1,17265,21642,1,14392
36026,FOUND,1,16122,21023,1,14393
15695,FOUND,1,3077,12157,1,14394
37383,FOUND,1,17279,21645,1,14395
37385,FOUND,1,17281,21646,1,14396
38016,FOUND,1,17849,21045,1,14397
15173,FOUND,1,2568,12157,1,14398
15045,FOUND,1,2454,20315,1,14399
37384,FOUND,1,17280,20848,1,14400
38015,FOUND,1,17848,21585,1,14401
35992,FOUND,1,16088,21497,1,14402
15129,FOUND,1,2527,20341,1,14403
15697,FOUND,1,3079,12157,1,14404
45818,FOUND,1,24307,14442,1,14405
26929,FOUND,1,11567,20567,1,14406
14897,FOUND,1,2322,12157,1,14407
17744,FOUND,1,4891,20551,1,14408
27224,FOUND,1,11861,20729,1,14409
14177,FOUND,1,1630,12157,1,14410
27226,FOUND,1,11863,20655,1,14411
26983,FOUND,1,11621,20551,1,14412
23117,FOUND,1,9024,12157,1,14413
26492,FOUND,1,11135,20655,1,14414
22492,FOUND,1,8437,12157,1,14415
22463,FOUND,1,8408,12157,1,14416
45262,NOT_FOUND,0,,,1,14417
23173,FOUND,1,9075,12157,1,14418
22350,FOUND,1,8298,12157,1,14419
15635,FOUND,1,3017,12157,1,14420
23158,FOUND,1,27546,12157,1,14421
45822,FOUND,1,24311,14432,1,14422
14293,FOUND,1,1739,12157,1,14423
15609,FOUND,1,2991,12157,1,14424
26416,FOUND,1,11059,12157,1,14425
34735,FOUND,1,14843,21136,1,14426
26930,FOUND,1,11568,20534,1,14427
26968,FOUND,1,11606,20665,1,14428
27069,FOUND,1,11706,20685,1,14429
15394,FOUND,1,2778,12157,1,14430
27219,FOUND,1,11856,20727,1,14431
27071,FOUND,1,11708,20686,1,14432
23916,FOUND,1,9781,12157,1,14433
26672,FOUND,1,11311,20543,1,14434
26220,FOUND,1,10868,12157,1,14435
34748,FOUND,1,14856,21135,1,14436
17984,FOUND,1,5056,12157,1,14437
26970,FOUND,1,11608,20665,1,14438
44228,FOUND,1,23000,12157,1,14439
34165,FOUND,1,14304,12157,1,14440
17552,FOUND,1,4725,20534,1,14441
17672,FOUND,1,4832,20238,1,14442
45209,FOUND,1,23852,12157,1,14443
23370,FOUND,1,9265,12157,1,14444
23123,FOUND,1,9030,12157,1,14445
26405,FOUND,1,11048,12157,1,14446
17996,FOUND,1,5068,20530,1,14447
17441,FOUND,1,4628,20356,1,14448
16525,FOUND,1,3885,20356,1,14449
17527,FOUND,1,4702,20530,1,14450
13996,FOUND,1,1451,12157,1,14451
27206,FOUND,1,11843,20260,1,14452
28036,FOUND,1,12597,12157,1,14453
17369,FOUND,1,4577,20415,1,14454
26967,FOUND,1,11605,20566,1,14455
17637,FOUND,1,4805,20403,1,14456
38999,FOUND,1,18803,12157,1,14457
26628,FOUND,1,11268,12157,1,14458
13546,FOUND,1,1024,20260,1,14459
16187,FOUND,1,3565,12157,1,14460
39032,FOUND,1,18823,12157,1,14461
30757,FOUND,1,12673,12157,1,14462
14304,FOUND,1,1749,20268,1,14463
37459,FOUND,1,17355,21187,1,14464
25851,FOUND,1,10552,20605,1,14465
37467,FOUND,1,17363,21662,1,14466
37469,FOUND,1,17365,21663,1,14467
37468,FOUND,1,17364,21663,1,14468
16943,FOUND,1,4250,12157,1,14469
23140,FOUND,1,9047,12157,1,14470
34720,FOUND,1,14828,21127,1,14471
27619,FOUND,1,12256,20845,1,14472
18216,FOUND,1,5283,12157,1,14473
23648,FOUND,1,9525,12157,1,14474
39035,FOUND,1,18826,12157,1,14475
34729,FOUND,1,14837,21133,1,14476
34723,FOUND,1,14831,21130,1,14477
22479,FOUND,1,8424,12157,1,14478
34725,FOUND,1,14833,21131,1,14479
34721,FOUND,1,14829,21128,1,14480
27190,FOUND,1,11827,20719,1,14481
22348,FOUND,1,8296,12157,1,14482
22520,FOUND,1,8465,12157,1,14483
23340,FOUND,1,9235,12157,1,14484
32957,NOT_FOUND,0,,,1,14485
15576,FOUND,1,2958,12157,1,14486
36085,FOUND,1,16181,20719,1,14487
23511,FOUND,1,9396,12157,1,14488
26413,FOUND,1,11056,20629,1,14489
27680,FOUND,1,12317,20826,1,14490
17807,FOUND,1,4920,20500,1,14491
14617,FOUND,1,2061,12157,1,14492
45275,NOT_FOUND,0,,,1,14493
41427,FOUND,1,20766,12972,1,14494
44501,FOUND,1,23197,24443,1,14495
46340,FOUND,1,24647,13233,1,14496
13474,FOUND,1,952,12157,1,14497
41833,FOUND,1,21162,12381,1,14498
12748,FOUND,1,256,12157,1,14499
46342,FOUND,1,24649,13234,1,14500
15989,FOUND,1,3369,12157,1,14501
46428,FOUND,1,24714,12644,1,14502
16032,FOUND,1,3412,12157,1,14503
46426,FOUND,1,24712,13252,1,14504
21498,FOUND,1,7481,15857,1,14505
39508,FOUND,1,19186,12380,1,14506
27141,FOUND,1,11778,18728,1,14507
47316,FOUND,1,25430,13296,1,14508
27185,FOUND,1,11822,24230,1,14509
40319,FOUND,1,19900,12944,1,14510
46415,FOUND,1,24702,13267,1,14511
34146,FOUND,1,14287,12157,1,14512
37461,FOUND,1,17357,21086,1,14513
37453,FOUND,1,17349,21659,1,14514
28035,FOUND,1,12596,12157,1,14515
22960,FOUND,1,8870,12157,1,14516
15505,FOUND,1,2888,12157,1,14517
38014,FOUND,1,17847,21589,1,14518
27248,FOUND,1,11885,20737,1,14519
15432,FOUND,1,2816,12157,1,14520
17530,FOUND,1,4705,20532,1,14521
44221,FOUND,1,22993,12157,1,14522
15403,FOUND,1,2787,12157,1,14523
37452,FOUND,1,17348,21659,1,14524
13770,FOUND,1,1247,12157,1,14525
15481,FOUND,1,2865,12157,1,14526
22292,FOUND,1,8242,12157,1,14527
14971,FOUND,1,2390,20303,1,14528
37460,FOUND,1,17356,21192,1,14529
27650,FOUND,1,12287,20737,1,14530
19974,FOUND,1,6158,20384,1,14531
16744,FOUND,1,4070,20384,1,14532
17726,FOUND,1,4876,20419,1,14533
32911,NOT_FOUND,0,,,1,14534
27080,FOUND,1,11717,20681,1,14535
27056,FOUND,1,11694,20681,1,14536
37450,FOUND,1,17346,20458,1,14537
26239,FOUND,1,10884,12157,1,14538
16754,FOUND,1,4080,12157,1,14539
27173,FOUND,1,11810,12157,1,14540
17222,FOUND,1,4470,20479,1,14541
17321,FOUND,1,4546,20499,1,14542
17077,FOUND,1,4362,20447,1,14543
14637,FOUND,1,2079,12157,1,14544
27613,FOUND,1,12250,20447,1,14545
13052,FOUND,1,546,12157,1,14546
16106,FOUND,1,3485,12157,1,14547
37451,FOUND,1,17347,21219,1,14548
16711,FOUND,1,4040,12157,1,14549
16373,FOUND,1,3751,12157,1,14550
15982,FOUND,1,3362,12157,1,14551
15928,FOUND,1,3308,12157,1,14552
23377,FOUND,1,9270,12157,1,14553
27565,FOUND,1,12202,20677,1,14554
17391,FOUND,1,4588,20446,1,14555
13388,FOUND,1,867,12157,1,14556
25956,FOUND,1,10654,20450,1,14557
15033,FOUND,1,2443,20312,1,14558
20473,FOUND,1,6558,12157,1,14559
27047,FOUND,1,11685,20677,1,14560
26302,FOUND,1,10947,12157,1,14561
26365,FOUND,1,11009,20648,1,14562
14773,FOUND,1,2205,20287,1,14563
45775,FOUND,1,24264,14432,1,14564
17233,FOUND,1,4480,20483,1,14565
17127,FOUND,1,4392,20436,1,14566
14254,FOUND,1,1701,12157,1,14567
15156,FOUND,1,2551,12157,1,14568
14441,FOUND,1,1886,12157,1,14569
16222,FOUND,1,3600,12157,1,14570
22566,FOUND,1,8511,12157,1,14571
44213,FOUND,1,22985,12157,1,14572
14523,FOUND,1,1968,12157,1,14573
18157,FOUND,1,5224,12157,1,14574
22489,FOUND,1,8434,12157,1,14575
16252,FOUND,1,3630,12157,1,14576
15655,FOUND,1,3037,12157,1,14577
34059,NOT_FOUND,0,,,1,14578
23574,FOUND,1,9453,12157,1,14579
27145,FOUND,1,11782,20674,1,14580
45813,FOUND,1,24302,14418,1,14581
27010,FOUND,1,11648,20672,1,14582
47110,FOUND,1,25359,12157,1,14583
14548,FOUND,1,1993,12157,1,14584
17400,FOUND,1,4595,20514,1,14585
17291,FOUND,1,4523,20492,1,14586
27012,FOUND,1,11650,20672,1,14587
27013,FOUND,1,11651,20674,1,14588
27028,FOUND,1,11666,20676,1,14589
14437,FOUND,1,1882,12157,1,14590
16375,FOUND,1,3753,12157,1,14591
15075,FOUND,1,2482,20323,1,14592
27131,FOUND,1,11768,20323,1,14593
39236,FOUND,1,18985,14001,1,14594
30756,FOUND,1,12672,12157,1,14595
39303,FOUND,1,19011,14004,1,14596
39340,FOUND,1,19030,14004,1,14597
39302,FOUND,1,19010,13987,1,14598
39209,FOUND,1,18960,13987,1,14599
39210,FOUND,1,18961,13985,1,14600
39207,FOUND,1,18958,13985,1,14601
39301,FOUND,1,19009,14003,1,14602
39339,FOUND,1,28546,14003,1,14603
39219,FOUND,1,18970,13993,1,14604
39212,FOUND,1,18963,13989,1,14605
39313,FOUND,1,19017,13989,1,14606
38108,FOUND,1,17941,13748,1,14607
39310,FOUND,1,19015,13748,1,14608
39309,FOUND,1,19014,13994,1,14609
39220,FOUND,1,18971,13994,1,14610
39344,FOUND,1,28547,13983,1,14611
39204,FOUND,1,18955,13983,1,14612
39214,FOUND,1,18965,13991,1,14613
39305,FOUND,1,19012,13991,1,14614
44218,FOUND,1,22990,12157,1,14615
39211,FOUND,1,18962,13988,1,14616
44202,FOUND,1,22974,12157,1,14617
39213,FOUND,1,18964,13990,1,14618
38970,FOUND,1,18777,13952,1,14619
38968,FOUND,1,18775,13952,1,14620
38971,FOUND,1,18778,13949,1,14621
38965,FOUND,1,18772,13949,1,14622
23950,FOUND,1,9815,12157,1,14623
37304,FOUND,1,17201,13726,1,14624
22456,FOUND,1,8401,12157,1,14625
38966,FOUND,1,18773,13950,1,14626
39237,FOUND,1,18986,13950,1,14627
18217,FOUND,1,5284,12157,1,14628
27585,FOUND,1,12222,20678,1,14629
39235,FOUND,1,18984,14000,1,14630
36539,FOUND,1,16635,13678,1,14631
36535,FOUND,1,16631,13678,1,14632
14256,FOUND,1,1703,12157,1,14633
39315,FOUND,1,19019,14005,1,14634
23605,FOUND,1,9484,12157,1,14635
36533,FOUND,1,16629,13676,1,14636
16151,FOUND,1,3530,12157,1,14637
39312,FOUND,1,19016,13967,1,14638
39341,FOUND,1,19031,13969,1,14639
15675,FOUND,1,3057,12157,1,14640
32865,FOUND,1,13308,12157,1,14641
39298,FOUND,1,19006,13972,1,14642
39183,FOUND,1,28540,13972,1,14643
39188,FOUND,1,18941,13970,1,14644
22679,FOUND,1,8624,12157,1,14645
45772,FOUND,1,24261,14422,1,14646
27048,FOUND,1,11686,20678,1,14647
27574,FOUND,1,12211,20833,1,14648
27644,FOUND,1,12281,20833,1,14649
12827,FOUND,1,333,20249,1,14650
26034,FOUND,1,10731,20249,1,14651
17930,FOUND,1,5012,12157,1,14652
27311,FOUND,1,11948,20233,1,14653
26016,FOUND,1,10714,20639,1,14654
14173,FOUND,1,1626,12157,1,14655
36127,FOUND,1,16223,20759,1,14656
27316,FOUND,1,11953,20759,1,14657
18039,FOUND,1,5108,20444,1,14658
17067,FOUND,1,4353,20444,1,14659
23777,FOUND,1,9643,12157,1,14660
27638,FOUND,1,12275,20847,1,14661
14745,FOUND,1,2177,20284,1,14662
14213,FOUND,1,1661,20229,1,14663
22719,FOUND,1,8664,12157,1,14664
16019,FOUND,1,3399,12157,1,14665
23108,FOUND,1,9015,12157,1,14666
26168,NOT_FOUND,0,,,1,14667
27064,FOUND,1,11702,20684,1,14668
37822,FOUND,1,17656,20684,1,14669
26186,NOT_FOUND,0,,,1,14670
37785,FOUND,1,17622,21702,1,14671
37389,FOUND,1,17285,21302,1,14672
37952,FOUND,1,17785,21702,1,14673
37336,FOUND,1,17233,21639,1,14674
37381,FOUND,1,17277,21300,1,14675
15728,FOUND,1,3110,12157,1,14676
13884,FOUND,1,1341,12157,1,14677
23506,FOUND,1,9391,12157,1,14678
44226,FOUND,1,22998,12157,1,14679
17117,FOUND,1,4390,20461,1,14680
14716,FOUND,1,2153,20280,1,14681
37396,FOUND,1,17292,21648,1,14682
28038,FOUND,1,12599,12157,1,14683
37354,FOUND,1,17250,21639,1,14684
37463,FOUND,1,17359,21661,1,14685
27336,FOUND,1,11973,20498,1,14686
37465,FOUND,1,17361,21661,1,14687
13070,FOUND,1,564,12157,1,14688
17028,FOUND,1,4317,20432,1,14689
26339,FOUND,1,10984,20612,1,14690
15682,FOUND,1,3064,12157,1,14691
36305,FOUND,1,16401,20857,1,14692
27661,FOUND,1,12298,20859,1,14693
36304,FOUND,1,16400,20859,1,14694
26978,FOUND,1,11616,12157,1,14695
42605,FOUND,1,21714,12157,1,14696
17320,FOUND,1,4545,20498,1,14697
44135,FOUND,1,22907,12157,1,14698
45820,FOUND,1,24309,14417,1,14699
36529,FOUND,1,16625,13674,1,14700
36531,FOUND,1,16627,13675,1,14701
36532,FOUND,1,16628,13675,1,14702
36527,FOUND,1,16623,13672,1,14703
23107,FOUND,1,9014,12157,1,14704
23394,FOUND,1,9287,12157,1,14705
36536,FOUND,1,16632,13679,1,14706
36530,FOUND,1,16626,13672,1,14707
38396,FOUND,1,18226,13756,1,14708
38397,FOUND,1,18227,13756,1,14709
16366,FOUND,1,3744,12157,1,14710
38439,FOUND,1,27222,13720,1,14711
37298,FOUND,1,17195,13720,1,14712
38404,FOUND,1,18234,13760,1,14713
38438,FOUND,1,18266,13772,1,14714
38449,FOUND,1,18275,13772,1,14715
45808,FOUND,1,24297,14436,1,14716
38450,FOUND,1,18276,13725,1,14717
37303,FOUND,1,17200,13725,1,14718
37299,FOUND,1,17196,13721,1,14719
37305,FOUND,1,17202,13721,1,14720
38398,FOUND,1,18228,13724,1,14721
16734,FOUND,1,4061,25841,1,14722
42299,FOUND,1,27975,17418,1,14723
15950,FOUND,1,3330,12157,1,14724
46846,FOUND,1,25101,13290,1,14725
16196,FOUND,1,3574,12157,1,14726
46266,FOUND,1,24573,13194,1,14727
46896,FOUND,1,25146,12157,1,14728
41798,FOUND,1,21129,12711,1,14729
36309,FOUND,1,16405,25830,1,14730
60474,FOUND,1,26709,13383,1,14731
43801,FOUND,1,22810,23804,1,14732
46400,FOUND,1,24687,13259,1,14733
37095,FOUND,1,17006,26410,1,14734
16530,FOUND,1,3890,20359,1,14735
35981,FOUND,1,16077,21329,1,14736
14589,FOUND,1,2034,12157,1,14737
18228,FOUND,1,5294,12157,1,14738
15116,FOUND,1,2516,12157,1,14739
15484,FOUND,1,2868,12157,1,14740
26453,FOUND,1,11096,20359,1,14741
26865,FOUND,1,11503,20322,1,14742
25929,FOUND,1,10628,20603,1,14743
25853,FOUND,1,10554,20602,1,14744
37867,FOUND,1,17701,20461,1,14745
35969,FOUND,1,16065,21490,1,14746
35966,FOUND,1,16062,21490,1,14747
22675,FOUND,1,8620,12157,1,14748
16043,FOUND,1,3423,12157,1,14749
45600,FOUND,1,24132,12157,1,14750
22529,FOUND,1,8474,12157,1,14751
19630,FOUND,1,5877,12157,1,14752
16254,FOUND,1,3632,12157,1,14753
14547,FOUND,1,1992,12157,1,14754
45263,NOT_FOUND,0,,,1,14755
26381,FOUND,1,11025,12157,1,14756
16550,FOUND,1,3907,12157,1,14757
22558,FOUND,1,8503,12157,1,14758
17608,FOUND,1,4780,12157,1,14759
26813,FOUND,1,11451,12157,1,14760
16343,FOUND,1,3721,12157,1,14761
32892,NOT_FOUND,0,,,1,14762
37363,FOUND,1,17259,21636,1,14763
37392,FOUND,1,17288,21644,1,14764
44192,FOUND,1,22964,12157,1,14765
16122,FOUND,1,3501,12157,1,14766
12864,FOUND,1,369,12157,1,14767
37394,FOUND,1,17290,21647,1,14768
37331,FOUND,1,17228,21636,1,14769
37379,FOUND,1,17275,21644,1,14770
37349,FOUND,1,17245,21522,1,14771
37328,FOUND,1,17225,20813,1,14772
37337,FOUND,1,17234,21640,1,14773
23951,FOUND,1,9816,12157,1,14774
37397,FOUND,1,17293,21301,1,14775
37399,FOUND,1,17295,21640,1,14776
12797,FOUND,1,303,12157,1,14777
15810,FOUND,1,3192,12157,1,14778
37253,FOUND,1,17151,21268,1,14779
45587,FOUND,1,24119,12157,1,14780
37813,FOUND,1,17647,21706,1,14781
13132,FOUND,1,626,12157,1,14782
16668,FOUND,1,4001,20379,1,14783
25934,FOUND,1,10632,20631,1,14784
15242,FOUND,1,2631,12157,1,14785
17932,FOUND,1,5014,12157,1,14786
16230,FOUND,1,3608,12157,1,14787
16075,FOUND,1,3454,12157,1,14788
16718,FOUND,1,4047,20383,1,14789
16743,FOUND,1,4069,20345,1,14790
16166,FOUND,1,3545,12157,1,14791
27897,FOUND,1,12522,20549,1,14792
26472,FOUND,1,11115,20623,1,14793
17577,FOUND,1,4750,20539,1,14794
18017,FOUND,1,5086,20580,1,14795
27124,FOUND,1,11761,20698,1,14796
27691,FOUND,1,12328,20559,1,14797
26931,FOUND,1,11569,20664,1,14798
17834,FOUND,1,4932,20557,1,14799
26945,FOUND,1,11583,20459,1,14800
17304,FOUND,1,4532,20493,1,14801
15564,FOUND,1,2946,12157,1,14802
17721,FOUND,1,4873,20549,1,14803
17283,FOUND,1,4519,20383,1,14804
35983,FOUND,1,16079,20664,1,14805
35984,FOUND,1,16080,21494,1,14806
16360,FOUND,1,3738,12157,1,14807
37913,FOUND,1,17747,21729,1,14808
14841,FOUND,1,2269,12157,1,14809
37941,FOUND,1,17774,21735,1,14810
37808,FOUND,1,17642,21704,1,14811
37807,FOUND,1,17641,21704,1,14812
26331,FOUND,1,10976,12157,1,14813
13169,FOUND,1,661,12157,1,14814
37914,FOUND,1,17748,21730,1,14815
16011,FOUND,1,3391,12157,1,14816
15854,FOUND,1,3235,12157,1,14817
45815,FOUND,1,24304,14451,1,14818
37911,FOUND,1,17745,21729,1,14819
17455,FOUND,1,4638,12157,1,14820
17601,FOUND,1,4773,12157,1,14821
37809,FOUND,1,17643,21703,1,14822
37810,FOUND,1,17644,20989,1,14823
30772,FOUND,1,12688,12157,1,14824
15415,FOUND,1,2799,12157,1,14825
37915,FOUND,1,17749,21730,1,14826
15400,FOUND,1,2784,12157,1,14827
22715,FOUND,1,8660,12157,1,14828
22671,FOUND,1,8616,12157,1,14829
15041,FOUND,1,2450,20314,1,14830
15069,FOUND,1,2476,20321,1,14831
23875,FOUND,1,9740,12157,1,14832
23069,FOUND,1,8976,12157,1,14833
23643,FOUND,1,9520,12157,1,14834
13115,FOUND,1,609,12157,1,14835
45777,FOUND,1,24266,14434,1,14836
23815,FOUND,1,9680,12157,1,14837
27086,FOUND,1,11723,20578,1,14838
14480,FOUND,1,1925,12157,1,14839
23834,FOUND,1,9699,12157,1,14840
18013,FOUND,1,5082,20578,1,14841
15271,FOUND,1,2658,12157,1,14842
27620,FOUND,1,12257,20846,1,14843
22521,FOUND,1,8466,12157,1,14844
42612,FOUND,1,27694,12157,1,14845
45598,FOUND,1,24130,12157,1,14846
45605,FOUND,1,24137,12157,1,14847
13378,FOUND,1,857,12157,1,14848
13968,FOUND,1,1424,12157,1,14849
14544,FOUND,1,1989,12157,1,14850
17082,FOUND,1,4366,20448,1,14851
45773,FOUND,1,24262,14430,1,14852
15112,FOUND,1,2512,20333,1,14853
27259,FOUND,1,11896,20333,1,14854
12937,FOUND,1,437,12157,1,14855
16761,FOUND,1,4087,20388,1,14856
15110,FOUND,1,2510,20332,1,14857
26800,FOUND,1,11438,20661,1,14858
18048,FOUND,1,5117,20584,1,14859
14786,FOUND,1,2218,20292,1,14860
13065,FOUND,1,559,12157,1,14861
17076,FOUND,1,4361,20446,1,14862
27130,FOUND,1,11767,20257,1,14863
17085,FOUND,1,4368,20450,1,14864
37366,FOUND,1,17262,21638,1,14865
37332,FOUND,1,17229,21637,1,14866
37391,FOUND,1,17287,21637,1,14867
13268,FOUND,1,753,12157,1,14868
30752,FOUND,1,12669,13644,1,14869
13239,FOUND,1,731,12157,1,14870
27212,FOUND,1,11849,12157,1,14871
26444,FOUND,1,11087,12157,1,14872
17139,FOUND,1,4400,20468,1,14873
17392,FOUND,1,4589,20512,1,14874
23427,FOUND,1,9314,12157,1,14875
14431,FOUND,1,1876,12157,1,14876
37400,FOUND,1,17296,21325,1,14877
34063,NOT_FOUND,0,,,1,14878
27343,FOUND,1,11980,20767,1,14879
13091,FOUND,1,585,12157,1,14880
17847,FOUND,1,4944,20532,1,14881
14955,FOUND,1,2374,20301,1,14882
22608,FOUND,1,8553,12157,1,14883
30782,FOUND,1,12698,12157,1,14884
14803,FOUND,1,2233,20293,1,14885
17452,FOUND,1,4635,20293,1,14886
14918,FOUND,1,2340,20299,1,14887
26838,FOUND,1,11476,20299,1,14888
15074,FOUND,1,2481,20322,1,14889
14751,FOUND,1,2183,12157,1,14890
26383,FOUND,1,11027,12157,1,14891
22601,FOUND,1,8546,12157,1,14892
16289,FOUND,1,3667,12157,1,14893
31862,NOT_FOUND,0,,,1,14894
13518,FOUND,1,996,12157,1,14895
13779,FOUND,1,27096,12157,1,14896
26918,FOUND,1,11556,12157,1,14897
23577,FOUND,1,9456,12157,1,14898
14453,FOUND,1,1898,12157,1,14899
39023,FOUND,1,18816,12157,1,14900
25322,FOUND,1,10039,12157,1,14901
26722,FOUND,1,11360,12157,1,14902
34728,FOUND,1,14836,20228,1,14903
27112,FOUND,1,11749,20699,1,14904
23504,FOUND,1,9389,12157,1,14905
17550,FOUND,1,4723,20317,1,14906
14147,FOUND,1,1600,12157,1,14907
15048,FOUND,1,2457,20317,1,14908
15046,FOUND,1,2455,20316,1,14909
44194,FOUND,1,22966,12157,1,14910
23449,FOUND,1,9336,12157,1,14911
27397,FOUND,1,12034,20776,1,14912
26424,FOUND,1,11067,12157,1,14913
15913,FOUND,1,3293,12157,1,14914
27398,FOUND,1,12035,20776,1,14915
27123,FOUND,1,11760,20707,1,14916
24038,FOUND,1,9901,12157,1,14917
14062,FOUND,1,1516,12157,1,14918
13108,FOUND,1,602,12157,1,14919
14297,FOUND,1,1743,12157,1,14920
16741,FOUND,1,4068,12157,1,14921
38679,NOT_FOUND,0,,,1,14922
13990,FOUND,1,1445,12157,1,14923
27134,FOUND,1,11771,20464,1,14924
27319,FOUND,1,11956,20683,1,14925
37953,FOUND,1,17786,20582,1,14926
37938,FOUND,1,17771,21734,1,14927
44216,FOUND,1,22988,12157,1,14928
17558,FOUND,1,4731,20381,1,14929
37401,FOUND,1,17297,21645,1,14930
37939,FOUND,1,17772,21646,1,14931
15795,FOUND,1,3177,12157,1,14932
17131,FOUND,1,4395,20464,1,14933
18026,FOUND,1,5095,20582,1,14934
37937,FOUND,1,17770,21734,1,14935
13989,FOUND,1,1444,12157,1,14936
45824,FOUND,1,24313,14430,1,14937
15251,FOUND,1,2639,12157,1,14938
12796,FOUND,1,302,12157,1,14939
36007,FOUND,1,16103,21497,1,14940
23627,FOUND,1,9504,12157,1,14941
39192,FOUND,1,18945,13977,1,14942
39190,FOUND,1,18943,13977,1,14943
26972,FOUND,1,11610,12157,1,14944
39349,FOUND,1,19037,13973,1,14945
39347,FOUND,1,19035,14009,1,14946
39348,FOUND,1,19036,14009,1,14947
39186,FOUND,1,27247,13975,1,14948
39299,FOUND,1,19007,13975,1,14949
39197,FOUND,1,18949,13981,1,14950
39202,FOUND,1,18954,13982,1,14951
39196,FOUND,1,18948,13980,1,14952
39198,FOUND,1,18950,13980,1,14953
45807,FOUND,1,24296,14434,1,14954
39195,FOUND,1,18947,13979,1,14955
39200,FOUND,1,18952,13979,1,14956
39191,FOUND,1,18944,13974,1,14957
45821,FOUND,1,24310,14451,1,14958
45780,FOUND,1,24269,14436,1,14959
45801,FOUND,1,24290,14438,1,14960
20121,FOUND,1,6251,23169,1,14961
60297,FOUND,1,27434,24053,1,14962
18061,FOUND,1,5130,22647,1,14963
39473,FOUND,1,19155,12702,1,14964
20278,FOUND,1,6386,22868,1,14965
47321,FOUND,1,25435,13298,1,14966
43551,FOUND,1,28872,23753,1,14967
15620,FOUND,1,3002,12157,1,14968
40058,FOUND,1,19641,12885,1,14969
60442,FOUND,1,28891,24090,1,14970
40010,FOUND,1,19595,12728,1,14971
46948,FOUND,1,25198,12157,1,14972
39948,FOUND,1,19535,12733,1,14973
44140,FOUND,1,22912,23771,1,14974
39926,FOUND,1,19513,12737,1,14975
26825,FOUND,1,11463,12157,1,14976
45852,FOUND,1,24341,14465,1,14977
39602,FOUND,1,19276,12737,1,14978
63021,FOUND,1,30113,26684,1,14979
14285,FOUND,1,1731,12157,1,14980
40064,FOUND,1,19647,12910,1,14981
44041,FOUND,1,22839,23816,1,14982
40067,FOUND,1,19650,12912,1,14983
20210,FOUND,1,6327,23124,1,14984
46419,FOUND,1,28352,13269,1,14985
60513,FOUND,1,26741,23871,1,14986
46422,FOUND,1,24708,13270,1,14987
43816,FOUND,1,22824,23811,1,14988
45828,FOUND,1,24317,14449,1,14989
40196,FOUND,1,19778,12930,1,14990
23016,FOUND,1,8924,23202,1,14991
46420,FOUND,1,24706,13269,1,14992
45291,NOT_FOUND,0,,,1,14993
26177,NOT_FOUND,0,,,1,14994
46421,FOUND,1,24707,13270,1,14995
31869,NOT_FOUND,0,,,1,14996
43085,FOUND,1,22154,13112,1,14997
60515,FOUND,1,26743,24117,1,14998
43016,FOUND,1,22086,13078,1,14999
60514,FOUND,1,26742,24118,1,15000
43021,FOUND,1,22091,13078,1,15001
45403,FOUND,1,23939,24015,1,15002
18294,FOUND,1,5356,14885,1,15003
43023,FOUND,1,22093,13076,1,15004
44496,FOUND,1,23192,23906,1,15005
46414,FOUND,1,24701,13266,1,15006
43010,FOUND,1,28339,13076,1,15007
46453,FOUND,1,24726,12157,1,15008
46417,FOUND,1,24704,13268,1,15009
44078,FOUND,1,22876,23819,1,15010
43084,FOUND,1,22153,13112,1,15011
39129,FOUND,1,18886,23726,1,15012
46418,FOUND,1,24705,13268,1,15013
13347,FOUND,1,826,12157,1,15014
39590,FOUND,1,19264,12721,1,15015
15238,FOUND,1,2627,12157,1,15016
39447,FOUND,1,19134,12682,1,15017
46736,FOUND,1,24993,12157,1,15018
39593,FOUND,1,19267,12730,1,15019
16268,FOUND,1,3646,12157,1,15020
39582,FOUND,1,19256,12682,1,15021
39629,FOUND,1,27259,12757,1,15022
45787,FOUND,1,24276,14441,1,15023
39627,FOUND,1,27258,12755,1,15024
34182,FOUND,1,14321,17293,1,15025
40202,FOUND,1,19784,12932,1,15026
39583,FOUND,1,19257,12726,1,15027
43017,FOUND,1,22087,13079,1,15028
31306,FOUND,1,12963,12444,1,15029
31305,FOUND,1,12962,12444,1,15030
40048,FOUND,1,19631,12894,1,15031
31304,FOUND,1,12961,12443,1,15032
43012,FOUND,1,22082,13077,1,15033
43011,FOUND,1,22081,13077,1,15034
31303,FOUND,1,12960,12443,1,15035
43020,FOUND,1,22090,13080,1,15036
43019,FOUND,1,22089,13080,1,15037
43014,FOUND,1,22084,13074,1,15038
31294,FOUND,1,12951,12438,1,15039
43009,FOUND,1,22080,13075,1,15040
43002,FOUND,1,22073,13070,1,15041
45782,FOUND,1,24271,14438,1,15042
28002,FOUND,1,12563,15261,1,15043
31296,FOUND,1,12953,12439,1,15044
31300,FOUND,1,12957,12441,1,15045
43008,FOUND,1,22079,13075,1,15046
31260,FOUND,1,12917,12421,1,15047
31295,FOUND,1,12952,12439,1,15048
43022,FOUND,1,22092,13081,1,15049
31259,FOUND,1,12916,12421,1,15050
43001,FOUND,1,22072,13070,1,15051
31299,FOUND,1,12956,12441,1,15052
31288,FOUND,1,12945,12435,1,15053
31293,FOUND,1,12950,12438,1,15054
43026,FOUND,1,22096,13081,1,15055
43007,FOUND,1,22078,13074,1,15056
43015,FOUND,1,22085,13071,1,15057
31297,FOUND,1,12954,12440,1,15058
43003,FOUND,1,22074,13071,1,15059
43004,FOUND,1,22075,13072,1,15060
45843,FOUND,1,24332,14465,1,15061
63020,FOUND,1,30110,26684,1,15062
43039,FOUND,1,22109,13089,1,15063
45146,FOUND,1,23793,13147,1,15064
43038,FOUND,1,22108,13088,1,15065
46411,FOUND,1,24698,13265,1,15066
46412,FOUND,1,24699,13265,1,15067
43040,FOUND,1,22110,13089,1,15068
46410,FOUND,1,24697,13264,1,15069
43028,FOUND,1,22098,13084,1,15070
43030,FOUND,1,22100,13083,1,15071
43032,FOUND,1,22102,13086,1,15072
43029,FOUND,1,22099,13084,1,15073
43025,FOUND,1,22095,13083,1,15074
43034,FOUND,1,22104,13087,1,15075
43035,FOUND,1,22105,13087,1,15076
43036,FOUND,1,22106,13085,1,15077
31279,FOUND,1,12936,12431,1,15078
45806,FOUND,1,24295,14449,1,15079
31277,FOUND,1,12934,12430,1,15080
31278,FOUND,1,12935,12430,1,15081
39594,FOUND,1,19268,12731,2,15082
31280,FOUND,1,12937,12431,1,15083
33347,FOUND,1,13671,12619,1,15084
45809,FOUND,1,24298,14441,1,15085
37120,FOUND,1,17031,26410,1,15086
45755,FOUND,1,24244,14416,1,15087
45751,FOUND,1,24240,14412,1,15088
17757,FOUND,1,4900,24165,1,15089
16328,FOUND,1,3706,12157,1,15090
36501,FOUND,1,16597,24166,1,15091
38199,FOUND,1,18032,26410,1,15092
27839,FOUND,1,12471,26410,1,15093
23259,FOUND,1,9161,12157,1,15094
17361,FOUND,1,4572,24164,1,15095
36512,FOUND,1,16608,24163,1,15096
39106,FOUND,1,18865,24165,1,15097
36341,FOUND,1,16437,26410,1,15098
36491,FOUND,1,16587,24161,1,15099
36494,FOUND,1,16590,24161,1,15100
45791,FOUND,1,24280,14444,1,15101
36340,FOUND,1,16436,26410,1,15102
45286,NOT_FOUND,0,,,1,15103
17753,FOUND,1,4897,24164,1,15104
17735,NOT_FOUND,0,,,1,15105
27737,FOUND,1,12374,26410,1,15106
36495,FOUND,1,16591,24160,1,15107
26653,FOUND,1,11292,26410,1,15108
26666,FOUND,1,11305,26410,1,15109
36502,FOUND,1,16598,24160,1,15110
27814,FOUND,1,12447,26410,1,15111
36487,FOUND,1,16583,24159,1,15112
17661,NOT_FOUND,0,,,1,15113
14301,NOT_FOUND,0,,,1,15114
19648,FOUND,1,5894,22936,1,15115
19150,FOUND,1,5597,22816,1,15116
44427,FOUND,1,23132,23854,1,15117
21361,FOUND,1,7345,23543,1,15118
45759,FOUND,1,24248,14419,1,15119
63227,FOUND,1,30295,26684,2,15120
63183,FOUND,1,30261,26684,2,15122
61761,NOT_FOUND,0,,,2,15124
33345,FOUND,1,13669,12617,1,15126
37098,FOUND,1,17009,26410,1,15127
37118,FOUND,1,17029,26410,1,15128
33278,FOUND,1,13602,12578,1,15129
33348,FOUND,1,13672,12620,1,15130
31236,NOT_FOUND,0,,,1,15131
31101,NOT_FOUND,0,,,1,15132
33346,FOUND,1,13670,12618,1,15133
37104,FOUND,1,17015,26410,1,15134
37112,FOUND,1,17023,26410,1,15135
33288,FOUND,1,13612,12583,1,15136
31239,NOT_FOUND,0,,,1,15137
31237,NOT_FOUND,0,,,1,15138
33331,FOUND,1,13655,12609,1,15139
37110,FOUND,1,17021,26410,1,15140
33289,FOUND,1,13613,12584,1,15141
37100,FOUND,1,17011,26410,1,15142
33292,FOUND,1,13616,12587,1,15143
37093,FOUND,1,17004,26410,1,15144
37097,FOUND,1,17008,26410,1,15145
37087,FOUND,1,16998,26410,1,15146
37091,FOUND,1,17002,26410,1,15147
37096,FOUND,1,17007,26410,1,15148
37092,FOUND,1,17003,26410,1,15149
31110,NOT_FOUND,0,,,1,15150
37101,FOUND,1,17012,26410,1,15151
31235,NOT_FOUND,0,,,1,15152
33336,FOUND,1,13660,12612,1,15153
37108,FOUND,1,17019,26410,1,15154
37105,FOUND,1,17016,26410,1,15155
37106,FOUND,1,17017,26410,1,15156
37107,FOUND,1,17018,26410,1,15157
37114,FOUND,1,17025,26410,1,15158
37111,FOUND,1,17022,26410,1,15159
37119,FOUND,1,17030,26410,1,15160
45765,FOUND,1,24254,14425,1,15161
34211,FOUND,1,14350,17305,1,15162
33122,FOUND,1,13495,17122,1,15163
33031,FOUND,1,13404,17069,1,15164
33032,FOUND,1,13405,17067,1,15165
32723,FOUND,1,28764,17026,1,15166
33107,FOUND,1,13480,17122,1,15167
37109,FOUND,1,17020,26410,1,15168
37102,FOUND,1,17013,26410,1,15169
37122,FOUND,1,17033,26410,1,15170
61975,FOUND,1,29765,26655,1,15171
37072,FOUND,1,16983,26410,1,15172
61988,FOUND,1,29778,26645,1,15173
37062,FOUND,1,16973,26410,1,15174
45197,FOUND,1,23840,26410,1,15175
37082,FOUND,1,16993,26410,1,15176
45192,FOUND,1,23835,26410,1,15177
45198,FOUND,1,23841,26410,1,15178
45495,FOUND,1,24031,25073,1,15179
34232,FOUND,1,14371,17305,1,15180
34234,FOUND,1,14373,17314,1,15181
34177,FOUND,1,14316,17288,1,15182
34189,FOUND,1,14328,17297,1,15183
33195,FOUND,1,28789,17083,1,15184
40116,FOUND,1,19699,12758,1,15185
61412,NOT_FOUND,0,,,2,15186
39845,FOUND,1,19435,12832,1,15187
15472,FOUND,1,2856,12157,1,15188
39836,FOUND,1,19426,12826,1,15189
23559,FOUND,1,9438,12157,1,15190
39758,FOUND,1,19355,12789,1,15191
23980,FOUND,1,9845,12157,1,15192
39705,FOUND,1,27275,12764,1,15193
38499,FOUND,1,18325,26410,1,15194
39911,FOUND,1,19498,12832,1,15195
38500,FOUND,1,18326,26410,1,15196
39933,FOUND,1,19520,12727,1,15197
15603,FOUND,1,2985,12157,1,15198
39588,FOUND,1,19262,12727,1,15199
26322,FOUND,1,10967,12157,1,15200
41846,FOUND,1,21173,13040,1,15201
35762,FOUND,1,15858,26410,1,15202
39606,FOUND,1,19280,12726,1,15203
26428,FOUND,1,11071,16919,1,15204
44928,FOUND,1,23609,25682,1,15205
40113,FOUND,1,19696,12925,1,15207
25837,FOUND,1,10538,25860,1,15208
41639,FOUND,1,20975,13013,1,15209
23239,FOUND,1,9141,12157,1,15210
40090,FOUND,1,19673,12919,1,15211
26265,FOUND,1,10910,12157,1,15212
39518,FOUND,1,19194,12718,1,15213
36302,FOUND,1,16398,25847,1,15214
40094,FOUND,1,19677,12920,1,15215
26361,FOUND,1,11005,12157,1,15216
40104,FOUND,1,19687,12919,1,15217
23594,FOUND,1,9473,12157,1,15218
43762,FOUND,1,22777,13125,1,15219
60670,FOUND,1,26854,24392,1,15220
40109,FOUND,1,19692,12924,1,15221
23579,FOUND,1,9458,12157,1,15222
40019,FOUND,1,19604,12886,1,15223
61414,NOT_FOUND,0,,,2,15224
37889,FOUND,1,17723,26056,1,15225
41849,FOUND,1,21175,13013,1,15226
46618,FOUND,1,24886,12157,1,15227
43761,FOUND,1,22776,13029,1,15228
13373,FOUND,1,852,12157,1,15229
46403,FOUND,1,24690,13261,1,15230
63089,FOUND,1,30202,26684,1,15231
37063,FOUND,1,16974,26410,1,15232
63090,FOUND,1,30204,26684,1,15233
45143,FOUND,1,23790,13146,1,15234
63087,FOUND,1,30197,26684,1,15235
37077,FOUND,1,16988,26410,1,15236
63088,FOUND,1,30200,26684,1,15237
46409,FOUND,1,24696,13264,1,15238
63081,FOUND,1,30186,26684,1,15239
41766,FOUND,1,21101,12972,1,15240
31530,FOUND,1,13046,13656,1,15241
63073,FOUND,1,30169,26684,1,15242
46406,FOUND,1,24693,13262,1,15243
63080,FOUND,1,30185,26684,1,15244
46401,FOUND,1,24688,13260,1,15245
63082,FOUND,1,30187,26684,1,15246
37064,FOUND,1,16975,26410,1,15247
14072,FOUND,1,1526,12157,1,15248
26456,FOUND,1,11099,20653,1,15249
39021,FOUND,1,27229,12157,1,15250
14328,FOUND,1,1773,12157,1,15251
27210,FOUND,1,11847,20469,1,15252
13045,FOUND,1,539,12157,1,15253
27300,FOUND,1,11937,20753,1,15254
35579,FOUND,1,15676,21323,1,15255
27133,FOUND,1,11770,20709,1,15256
27793,FOUND,1,12426,20753,1,15257
25761,FOUND,1,10462,12157,1,15258
34070,NOT_FOUND,0,,,1,15259
27229,FOUND,1,11866,20666,1,15260
17229,FOUND,1,4476,20482,1,15261
15871,FOUND,1,3252,12157,1,15262
46201,FOUND,1,24525,12157,1,15263
47115,FOUND,1,25364,12157,1,15264
14053,FOUND,1,1507,12157,1,15265
42636,FOUND,1,21743,12157,1,15266
44136,FOUND,1,22908,12157,1,15267
14536,FOUND,1,1981,12157,1,15268
23383,FOUND,1,9276,12157,1,15269
14097,FOUND,1,1550,12157,1,15270
14067,FOUND,1,1521,12157,1,15271
17914,FOUND,1,5000,20571,1,15272
13619,FOUND,1,1096,12157,1,15273
12769,FOUND,1,277,12157,1,15274
16528,FOUND,1,3888,20358,1,15275
17534,FOUND,1,4709,20358,1,15276
15119,FOUND,1,27503,20335,1,15277
17009,FOUND,1,4299,20423,1,15278
23169,FOUND,1,9071,12157,1,15279
27228,FOUND,1,11865,20731,1,15280
45817,FOUND,1,24306,14425,1,15281
28014,FOUND,1,12575,12157,1,15282
27155,FOUND,1,11792,20409,1,15283
27207,FOUND,1,11844,20460,1,15284
16762,FOUND,1,4088,20389,1,15285
17654,FOUND,1,4821,20389,1,15286
17641,FOUND,1,4808,20394,1,15287
26969,FOUND,1,11607,20666,1,15288
27395,FOUND,1,12032,20250,1,15289
14608,FOUND,1,2052,20271,1,15290
15981,FOUND,1,3361,12157,1,15291
15487,FOUND,1,2870,12157,1,15292
25961,FOUND,1,10659,20634,1,15293
14963,FOUND,1,2382,20302,1,15294
31250,FOUND,1,12907,13648,1,15295
31540,FOUND,1,28528,13659,1,15296
31523,FOUND,1,13039,13652,1,15297
45799,FOUND,1,24288,14446,1,15298
31527,FOUND,1,13043,13654,1,15299
26171,NOT_FOUND,0,,,1,15300
30751,FOUND,1,12668,13644,1,15301
31532,FOUND,1,28525,13656,1,15302
31529,FOUND,1,13045,13654,1,15303
23512,FOUND,1,9397,12157,1,15304
22604,FOUND,1,8549,12157,1,15305
14138,FOUND,1,1591,12157,1,15306
26167,NOT_FOUND,0,,,1,15307
15856,FOUND,1,3237,12157,1,15308
60070,FOUND,1,26503,14602,1,15309
60071,FOUND,1,26504,14603,1,15310
59962,FOUND,1,26424,14599,1,15311
59959,FOUND,1,28519,21992,1,15312
59961,FOUND,1,26423,14598,1,15313
59960,FOUND,1,26422,14597,1,15314
60072,FOUND,1,26505,14604,1,15315
59966,FOUND,1,26428,14597,1,15316
60079,FOUND,1,26512,14604,1,15317
31531,FOUND,1,13047,13657,1,15318
28206,FOUND,1,12620,13633,1,15319
31539,FOUND,1,13052,13655,1,15320
31536,FOUND,1,28526,13658,1,15321
28209,FOUND,1,12623,13635,1,15322
28207,FOUND,1,12621,13634,1,15323
31519,FOUND,1,13035,13649,1,15324
31521,FOUND,1,13037,13650,1,15325
28208,FOUND,1,12622,13635,1,15326
60081,FOUND,1,26514,13634,1,15327
12867,FOUND,1,371,12157,1,15328
31520,FOUND,1,13036,13650,1,15329
12868,FOUND,1,372,12157,1,15330
60077,FOUND,1,26510,14529,1,15331
60073,FOUND,1,26506,13667,1,15332
23839,FOUND,1,9704,12157,1,15333
60078,FOUND,1,26511,14607,1,15334
22472,FOUND,1,8417,12157,1,15335
46668,FOUND,1,24935,14529,1,15336
60103,FOUND,1,26534,14616,1,15337
45714,FOUND,1,24217,14393,1,15338
60089,FOUND,1,26520,14611,1,15339
60097,FOUND,1,26528,14615,1,15340
40551,FOUND,1,20073,14332,1,15341
32923,NOT_FOUND,0,,,1,15342
40572,FOUND,1,20086,14340,1,15343
39007,FOUND,1,18807,12157,1,15344
15637,FOUND,1,3019,12157,1,15345
45802,FOUND,1,24291,14448,1,15346
45803,FOUND,1,24292,14448,1,15347
45781,FOUND,1,24270,14437,1,15348
45837,FOUND,1,24326,14462,1,15349
45853,FOUND,1,24342,14470,1,15350
45800,FOUND,1,24289,14447,1,15351
45785,FOUND,1,24274,14439,1,15352
45717,FOUND,1,24220,14391,1,15353
45763,FOUND,1,24252,14423,1,15354
45805,FOUND,1,24294,14429,1,15355
45792,FOUND,1,24281,14427,1,15356
45798,FOUND,1,24287,14428,1,15357
45770,FOUND,1,24259,14428,1,15358
45769,FOUND,1,24258,14427,1,15359
45771,FOUND,1,24260,14429,1,15360
45768,FOUND,1,24257,14423,1,15361
45842,FOUND,1,24331,14461,1,15362
45858,FOUND,1,24347,14473,1,15363
45857,FOUND,1,24346,14471,1,15364
45849,FOUND,1,24338,14469,1,15365
63084,FOUND,1,30191,26684,1,15366
31283,FOUND,1,12940,12433,1,15367
63085,FOUND,1,30193,26684,1,15368
45861,FOUND,1,28089,14475,1,15369
14065,FOUND,1,1519,12157,1,15370
26852,FOUND,1,11490,21836,2,15371
22483,FOUND,1,8428,12157,1,15372
46038,FOUND,1,28094,14496,1,15373
15284,FOUND,1,2671,12157,1,15374
23814,FOUND,1,9679,12157,1,15375
14077,FOUND,1,1530,12157,1,15376
15714,FOUND,1,3096,12157,1,15377
15927,FOUND,1,3307,12157,1,15378
14117,FOUND,1,1570,12157,1,15379
26613,FOUND,1,11254,11607,1,15380
26647,FOUND,1,11287,11613,1,15381
26226,FOUND,1,10874,11563,1,15382
26582,FOUND,1,11224,11563,1,15383
32416,FOUND,1,13158,16976,1,15384
39038,FOUND,1,18829,11271,1,15385
14596,FOUND,1,2040,11271,1,15386
26229,FOUND,1,10877,11564,1,15387
26230,FOUND,1,10878,11564,1,15388
26658,FOUND,1,11297,11381,1,15389
14928,FOUND,1,2349,11381,1,15390
26631,FOUND,1,11271,11356,1,15391
14858,FOUND,1,2286,11356,1,15392
26677,FOUND,1,11316,11611,1,15393
26634,FOUND,1,11274,11611,1,15394
26558,FOUND,1,11200,11330,1,15395
14809,FOUND,1,27497,11330,1,15396
26678,FOUND,1,11317,11450,1,15397
14862,FOUND,1,2290,11337,1,15398
14827,FOUND,1,2255,11337,1,15399
14829,FOUND,1,2257,11339,1,15400
14765,FOUND,1,2197,11310,1,15401
26553,FOUND,1,11195,11591,1,15402
17317,FOUND,1,4542,11476,1,15403
26543,FOUND,1,11186,11591,1,15404
17306,FOUND,1,4534,11373,1,15405
17770,FOUND,1,4910,11464,1,15406
14901,FOUND,1,2326,11373,1,15407
26694,FOUND,1,11333,11462,1,15408
14857,FOUND,1,2285,11355,1,15409
26689,FOUND,1,11328,11621,1,15410
14835,FOUND,1,2263,11328,1,15411
14766,FOUND,1,2198,11311,1,15412
17297,FOUND,1,4527,11392,1,15413
14943,FOUND,1,2364,11283,1,15414
14642,FOUND,1,2084,11283,1,15415
63175,FOUND,1,30248,26684,1,15416
14965,FOUND,1,2384,11392,1,15417
14807,FOUND,1,2237,11328,1,15418
17334,FOUND,1,4554,11480,1,15419
26227,FOUND,1,10875,11480,1,15420
26282,FOUND,1,10927,11463,1,15421
33202,FOUND,1,28795,17147,1,15422
33173,FOUND,1,13545,17138,1,15423
33214,FOUND,1,28807,17150,1,15424
33177,FOUND,1,28773,17144,1,15425
33057,FOUND,1,13430,17099,1,15426
33079,FOUND,1,13452,17102,1,15427
13365,FOUND,1,844,12157,1,15428
33216,FOUND,1,28809,17148,1,15429
33082,FOUND,1,13455,17087,1,15430
33204,FOUND,1,28797,17106,1,15431
63225,FOUND,1,30302,26684,2,15432
33073,FOUND,1,13446,17105,1,15433
33085,FOUND,1,13458,17111,1,15434
33049,FOUND,1,13422,17093,1,15435
33069,FOUND,1,13442,17103,1,15436
33070,FOUND,1,13443,17080,1,15437
33072,FOUND,1,13445,17104,1,15438
33130,FOUND,1,13503,17104,1,15439
33029,FOUND,1,13402,17080,1,15440
33185,FOUND,1,28780,17103,1,15441
33129,FOUND,1,13502,17093,1,15442
33090,FOUND,1,13463,17099,1,15443
33065,FOUND,1,13438,17102,1,15444
33061,FOUND,1,13434,17042,1,15445
32999,FOUND,1,13372,17062,1,15446
33110,FOUND,1,13483,17120,1,15447
33039,FOUND,1,13412,17029,1,15448
14594,FOUND,1,2038,12157,1,15449
33012,FOUND,1,13385,17071,1,15450
33047,FOUND,1,13420,17071,1,15451
33027,FOUND,1,13400,17073,1,15452
33014,FOUND,1,13387,17073,1,15453
33025,FOUND,1,13398,17041,1,15454
32883,FOUND,1,28769,17041,1,15455
33103,FOUND,1,13476,17118,1,15456
33109,FOUND,1,13482,17118,1,15457
33105,FOUND,1,13478,17120,1,15458
33008,FOUND,1,13381,17062,1,15459
33001,FOUND,1,13374,17050,1,15460
33038,FOUND,1,13411,17086,1,15461
33024,FOUND,1,13397,16919,1,15462
33162,FOUND,1,13534,17034,2,15463
33078,FOUND,1,13451,17109,1,15464
33187,FOUND,1,28782,17060,1,15465
33108,FOUND,1,13481,17068,1,15467
33114,FOUND,1,13487,17049,1,15468
33121,FOUND,1,13494,17109,1,15469
32997,FOUND,1,13370,17060,1,15470
33007,FOUND,1,13380,17068,1,15471
33181,FOUND,1,28776,17086,1,15472
17312,FOUND,1,4539,11475,1,15473
26231,FOUND,1,10879,11475,1,15474
39037,FOUND,1,18828,11585,1,15475
26502,FOUND,1,11145,11585,1,15476
15001,FOUND,1,2419,11376,1,15477
14907,FOUND,1,2331,11376,1,15478
15806,FOUND,1,3188,11425,1,15479
15823,FOUND,1,3204,11425,1,15480
25991,FOUND,1,10689,11273,1,15481
14604,FOUND,1,2048,11273,1,15482
26292,FOUND,1,10937,11422,1,15483
15793,FOUND,1,3175,11422,1,15484
26567,FOUND,1,11209,11597,1,15485
26556,FOUND,1,11198,11597,1,15486
26572,FOUND,1,11214,11600,1,15487
26595,FOUND,1,11237,11600,1,15488
26549,FOUND,1,11192,26410,1,15489
26225,FOUND,1,10873,11562,1,15490
26540,FOUND,1,11183,26410,1,15491
25993,FOUND,1,10691,26410,1,15492
33127,FOUND,1,13500,17130,1,15493
33120,FOUND,1,13493,17127,1,15494
33168,FOUND,1,13540,17039,1,15495
32881,FOUND,1,28767,17039,1,15496
32880,FOUND,1,28766,17038,1,15497
33183,FOUND,1,28778,17038,1,15498
33104,FOUND,1,13477,17119,1,15499
33102,FOUND,1,13475,17117,1,15500
33188,FOUND,1,28783,17117,1,15501
33218,FOUND,1,28811,17119,1,15502
33213,FOUND,1,28806,17054,1,15503
16448,FOUND,1,3826,12157,1,15504
33068,FOUND,1,13441,17052,1,15505
33059,FOUND,1,13432,17100,1,15506
33119,FOUND,1,13492,17100,1,15507
15667,FOUND,1,3049,12157,1,15508
33064,FOUND,1,13437,17053,1,15509
14343,FOUND,1,1788,12157,1,15510
33115,FOUND,1,13488,17126,1,15511
33179,FOUND,1,28775,17126,1,15512
33055,FOUND,1,13428,17098,1,15513
33062,FOUND,1,13435,17098,1,15514
63181,FOUND,1,30258,26684,2,15515
33063,FOUND,1,13436,17101,1,15516
33117,FOUND,1,13490,17101,1,15517
33106,FOUND,1,13479,17121,1,15518
26802,FOUND,1,11440,11416,1,15519
15825,FOUND,1,3206,11434,1,15520
14692,FOUND,1,2132,11296,1,15521
26217,FOUND,1,10865,11481,1,15522
14628,FOUND,1,2070,11279,1,15523
14870,FOUND,1,2297,11362,1,15524
25943,FOUND,1,10641,11310,1,15525
14710,FOUND,1,2148,11279,1,15526
17332,FOUND,1,4553,11479,1,15527
26223,FOUND,1,10871,11296,1,15528
14888,FOUND,1,2313,11365,1,15529
15784,FOUND,1,3166,11416,1,15530
15829,FOUND,1,3210,11436,1,15531
14902,FOUND,1,27499,11365,1,15532
15821,NOT_FOUND,0,,,1,15533
25992,FOUND,1,10690,11374,1,15534
14903,FOUND,1,2327,11374,1,15535
26278,FOUND,1,10923,11479,1,15536
26281,FOUND,1,10926,11434,1,15537
26565,FOUND,1,11207,11599,1,15538
43183,FOUND,1,22239,12782,1,15539
63086,FOUND,1,30195,26684,1,15540
45142,FOUND,1,23789,13145,1,15541
63083,FOUND,1,30189,26684,1,15542
46407,FOUND,1,24694,13263,1,15543
63076,FOUND,1,30175,26684,1,15544
46408,FOUND,1,24695,13263,1,15545
63072,FOUND,1,30166,26684,1,15546
37085,FOUND,1,16996,26410,1,15547
63075,FOUND,1,30173,26684,1,15548
33318,FOUND,1,13642,12600,1,15549
20762,FOUND,1,6812,23390,1,15550
33307,FOUND,1,13631,12595,1,15551
20917,FOUND,1,6915,22630,1,15552
33323,FOUND,1,13647,12603,1,15553
12238,FOUND,1,110,12157,1,15554
33321,FOUND,1,13645,12602,1,15555
19388,FOUND,1,5781,22922,1,15556
33313,FOUND,1,13637,12598,1,15557
43731,FOUND,1,22746,23155,1,15558
33310,FOUND,1,13634,12596,1,15559
19351,FOUND,1,5746,22895,1,15560
33312,FOUND,1,13636,12597,1,15561
20360,FOUND,1,6454,23241,1,15562
33344,FOUND,1,13668,12616,1,15563
20765,FOUND,1,6814,23392,1,15564
33311,FOUND,1,13635,12597,1,15565
23823,FOUND,1,9688,12157,1,15566
33294,FOUND,1,13618,12588,1,15567
18063,FOUND,1,5132,22649,1,15568
45210,FOUND,1,23853,12157,1,15569
38536,FOUND,1,18355,12646,1,15570
39156,FOUND,1,18913,23634,1,15571
33298,FOUND,1,13622,12590,1,15572
20734,FOUND,1,6788,23372,1,15573
33299,FOUND,1,13623,12591,1,15574
41851,FOUND,1,21177,13025,1,15575
26287,FOUND,1,10932,16908,1,15576
26423,FOUND,1,11066,16917,1,15577
26352,FOUND,1,10997,16917,1,15578
26275,FOUND,1,10920,16907,1,15579
26319,FOUND,1,10964,16913,1,15580
18146,FOUND,1,5213,14850,1,15581
26318,FOUND,1,10963,16913,1,15582
30865,FOUND,1,12739,16908,1,15583
45591,FOUND,1,24123,12157,1,15584
33186,FOUND,1,28781,17124,1,15585
33160,FOUND,1,13532,17130,1,15586
33207,FOUND,1,28800,17127,1,15587
33112,FOUND,1,13485,17124,1,15588
33116,FOUND,1,13489,17121,1,15589
33015,FOUND,1,13388,17074,1,15590
33004,FOUND,1,13377,17066,1,15591
59472,FOUND,1,28486,22197,2,15592
33067,FOUND,1,13440,17066,1,15593
14308,FOUND,1,1753,12157,1,15594
33005,FOUND,1,13378,17065,1,15595
32718,FOUND,1,13280,17023,1,15596
33080,FOUND,1,13453,17023,1,15597
33003,FOUND,1,13376,17065,1,15598
33100,FOUND,1,13473,17074,1,15599
33196,FOUND,1,28790,17059,1,15600
32995,FOUND,1,13368,17058,1,15601
33060,FOUND,1,13433,17047,1,15602
33071,FOUND,1,13444,17058,1,15603
32996,FOUND,1,13369,17059,1,15604
33169,FOUND,1,13541,17142,1,15605
33171,FOUND,1,13543,17142,1,15606
33210,FOUND,1,28803,17146,1,15607
33182,FOUND,1,28777,17146,1,15608
33165,FOUND,1,13537,17139,1,15609
33193,FOUND,1,28787,17139,1,15610
33124,FOUND,1,13497,17128,1,15611
33146,FOUND,1,13519,17030,1,15612
34207,FOUND,1,14346,14679,1,15613
32417,FOUND,1,13159,16977,1,15614
23460,FOUND,1,9347,12157,1,15615
16439,FOUND,1,3817,12157,1,15616
23809,FOUND,1,9674,12157,1,15617
47120,FOUND,1,25369,12157,1,15618
14478,FOUND,1,1923,12157,1,15619
26545,FOUND,1,11188,26410,1,15620
26569,FOUND,1,11211,26410,1,15621
26571,FOUND,1,11213,26410,1,15622
22859,FOUND,1,8801,12157,1,15623
26431,FOUND,1,11074,26410,1,15624
45317,NOT_FOUND,0,,,1,15625
26560,FOUND,1,11202,26410,1,15626
26430,FOUND,1,11073,26410,1,15627
31856,NOT_FOUND,0,,,1,15628
13142,FOUND,1,634,12157,1,15629
26508,FOUND,1,11151,26410,1,15630
26432,FOUND,1,11075,26410,1,15631
26506,FOUND,1,11149,26410,1,15632
16429,FOUND,1,3807,12157,1,15633
26564,FOUND,1,11206,26410,1,15634
12876,FOUND,1,379,12157,1,15635
14491,FOUND,1,1936,12157,1,15636
13185,FOUND,1,677,12157,1,15637
16044,FOUND,1,3424,12157,1,15638
23519,FOUND,1,9404,12157,1,15639
14247,FOUND,1,1694,12157,1,15640
20194,FOUND,1,6315,23198,1,15641
33297,FOUND,1,13621,12590,1,15642
43574,FOUND,1,22593,23758,1,15643
15640,FOUND,1,3022,12157,1,15644
15608,FOUND,1,2990,12157,1,15645
14892,FOUND,1,2317,12157,1,15646
45358,NOT_FOUND,0,,,1,15647
21185,NOT_FOUND,0,,,1,15648
23228,FOUND,1,9130,12157,1,15649
26070,FOUND,1,10766,12157,1,15650
23065,FOUND,1,8972,12157,1,15651
15573,FOUND,1,2955,12157,1,15652
34153,FOUND,1,14294,12157,1,15653
47111,FOUND,1,25360,12157,1,15654
47123,FOUND,1,25372,12157,1,15655
13394,FOUND,1,873,12157,1,15656
44254,FOUND,1,23026,12157,1,15657
16007,FOUND,1,3387,12157,1,15658
17596,FOUND,1,4768,12157,1,15659
60086,FOUND,1,26517,14609,1,15660
39012,FOUND,1,18810,12157,1,15661
47139,FOUND,1,25388,12157,1,15662
47138,FOUND,1,25387,12157,1,15663
16164,FOUND,1,3543,12157,1,15664
44252,FOUND,1,23024,12157,1,15665
15553,FOUND,1,2935,12157,1,15666
13314,FOUND,1,799,12157,1,15667
16086,FOUND,1,3465,12157,1,15668
45281,NOT_FOUND,0,,,1,15669
16128,FOUND,1,3507,12157,1,15670
45347,FOUND,1,23916,12157,1,15671
41011,FOUND,1,27941,12157,1,15672
16127,FOUND,1,3506,12157,1,15673
16480,FOUND,1,3858,12157,1,15674
16461,FOUND,1,3839,12157,1,15675
14104,FOUND,1,1557,12157,1,15676
60099,FOUND,1,26530,14614,1,15677
13136,FOUND,1,630,12157,1,15678
26491,FOUND,1,11134,16923,1,15679
16177,FOUND,1,3555,12157,1,15680
12775,FOUND,1,283,12157,1,15681
15571,FOUND,1,2953,12157,1,15682
13526,FOUND,1,1004,12157,1,15683
15671,FOUND,1,3053,12157,1,15684
47924,FOUND,1,25798,22020,1,15685
59449,FOUND,1,28464,22187,2,15686
45748,FOUND,1,24238,21843,1,15687
59473,FOUND,1,28487,22198,2,15688
59444,FOUND,1,26088,22183,1,15689
59457,FOUND,1,28472,22192,2,15690
59474,FOUND,1,26091,22205,1,15691
59356,FOUND,1,26013,22142,2,15692
47917,FOUND,1,25791,22019,1,15693
59471,FOUND,1,28485,22204,2,15694
47918,FOUND,1,25792,22012,1,15695
59460,FOUND,1,28475,22194,2,15696
59451,FOUND,1,28466,22170,2,15697
47919,FOUND,1,25793,22015,1,15698
59441,FOUND,1,26085,22181,1,15699
59469,FOUND,1,28483,22202,2,15700
59483,FOUND,1,28490,22209,2,15701
59476,FOUND,1,26093,24441,2,15702
59475,FOUND,1,26092,22205,2,15703
47910,FOUND,1,25784,22015,1,15704
59761,FOUND,1,26347,22339,1,15705
59464,FOUND,1,28478,22197,2,15706
59461,FOUND,1,28476,22195,2,15707
59748,FOUND,1,26334,22332,1,15708
59806,FOUND,1,26386,22361,1,15709
47929,FOUND,1,25803,22009,1,15710
59781,FOUND,1,26365,22332,1,15711
59456,FOUND,1,28471,22191,2,15712
59463,FOUND,1,26090,22196,2,15713
59788,FOUND,1,26372,22339,1,15714
59801,FOUND,1,26381,22360,1,15715
59838,FOUND,1,28516,22376,2,15716
59774,FOUND,1,26359,22343,1,15717
59767,FOUND,1,26352,22343,1,15718
59735,FOUND,1,26321,22317,1,15719
59727,FOUND,1,26313,22317,1,15720
59726,FOUND,1,26312,22314,1,15721
47926,FOUND,1,25800,22023,1,15722
47927,FOUND,1,25801,22023,1,15723
47904,FOUND,1,25779,22008,1,15724
47896,FOUND,1,25771,22007,1,15725
47913,FOUND,1,25787,22017,1,15726
47907,FOUND,1,25782,22013,1,15727
47912,FOUND,1,25786,22017,1,15728
47903,FOUND,1,25778,22007,1,15729
47899,FOUND,1,25774,22009,1,15730
47911,FOUND,1,25785,22016,1,15731
47930,FOUND,1,25804,22024,1,15732
47893,FOUND,1,25769,26410,1,15733
47897,FOUND,1,25772,22008,1,15734
59776,FOUND,1,26361,22347,1,15735
47906,FOUND,1,25781,22013,1,15736
47914,FOUND,1,25788,22011,1,15737
47902,FOUND,1,25777,22011,1,15738
59805,FOUND,1,26385,22361,1,15739
59843,FOUND,1,26405,22347,1,15740
59800,FOUND,1,26380,22359,1,15741
47925,FOUND,1,25799,22014,1,15742
47909,FOUND,1,25783,22014,1,15743
59797,FOUND,1,26377,22358,1,15744
59798,FOUND,1,26378,22357,1,15745
59745,FOUND,1,26331,22322,1,15746
59734,FOUND,1,26320,22322,1,15747
59768,FOUND,1,26353,22336,1,15748
59766,FOUND,1,28500,11610,1,15749
59754,FOUND,1,26340,22335,1,15750
60094,FOUND,1,26525,14614,1,15751
59760,FOUND,1,26346,22338,1,15752
59818,FOUND,1,28505,22366,1,15753
59782,FOUND,1,26366,22351,1,15754
59775,FOUND,1,26360,22346,1,15755
59804,FOUND,1,26384,22360,1,15756
59759,FOUND,1,26345,22337,1,15757
59817,FOUND,1,28504,22365,1,15758
59722,FOUND,1,26309,22314,1,15759
59757,FOUND,1,26343,22336,1,15760
59794,FOUND,1,27430,22356,1,15761
59828,FOUND,1,28513,22358,1,15762
59763,FOUND,1,26349,22340,1,15763
59802,FOUND,1,26382,22351,1,15764
47890,FOUND,1,28141,22003,1,15765
59455,FOUND,1,28470,22190,2,15766
59459,FOUND,1,28474,22193,2,15767
59431,FOUND,1,26075,22176,1,15768
59377,FOUND,1,26032,22150,1,15769
59462,FOUND,1,28477,22196,2,15770
59375,FOUND,1,26030,22149,1,15771
59447,FOUND,1,28167,22185,2,15772
59466,FOUND,1,28480,22199,2,15774
47898,FOUND,1,25773,22003,1,15775
59432,FOUND,1,26076,22177,1,15776
47905,FOUND,1,25780,22012,1,15777
59433,FOUND,1,26077,22178,1,15778
59379,FOUND,1,26034,22151,1,15779
59434,FOUND,1,26078,22179,1,15780
59443,FOUND,1,26087,22176,1,15781
59454,FOUND,1,28469,22189,2,15782
59470,FOUND,1,28484,22203,2,15783
59448,FOUND,1,28463,22186,2,15784
59446,FOUND,1,28166,22184,2,15785
59445,FOUND,1,26089,22180,1,15786
47928,FOUND,1,25802,22018,1,15787
59299,FOUND,1,25968,22117,1,15788
47915,FOUND,1,25789,22010,1,15789
47895,FOUND,1,25770,22006,1,15790
47920,FOUND,1,25794,22020,1,15791
60091,FOUND,1,26522,14613,1,15792
47900,FOUND,1,25775,22010,1,15793
47901,FOUND,1,25776,22006,1,15794
59367,FOUND,1,26024,22144,1,15795
59442,FOUND,1,26086,22182,1,15796
59374,FOUND,1,26029,22148,1,15797
47916,FOUND,1,25790,22018,1,15798
59438,FOUND,1,26082,22180,1,15799
59480,FOUND,1,26095,22207,2,15800
59320,FOUND,1,25983,22117,1,15801
59361,FOUND,1,26018,22138,2,15802
59304,FOUND,1,25973,22120,1,15803
47892,FOUND,1,28143,22004,1,15804
47921,FOUND,1,25795,22004,1,15805
31473,FOUND,1,13027,11668,1,15806
26612,FOUND,1,11253,11606,1,15807
30929,FOUND,1,12802,11668,1,15808
16264,FOUND,1,3642,12157,1,15809
30960,FOUND,1,12825,11675,1,15810
30948,FOUND,1,12817,11675,1,15811
45257,NOT_FOUND,0,,,1,15812
23585,FOUND,1,9464,12157,1,15813
30922,FOUND,1,12796,11664,1,15814
30927,FOUND,1,12800,11664,1,15815
32977,NOT_FOUND,0,,,1,15816
25994,FOUND,1,10692,11561,1,15817
22547,FOUND,1,8492,12157,1,15818
14898,FOUND,1,2323,11371,1,15819
15108,FOUND,1,2509,11371,1,15820
30937,FOUND,1,12809,11670,1,15821
16213,FOUND,1,3591,12157,1,15822
34124,FOUND,1,14266,11705,1,15823
34084,FOUND,1,14226,11703,1,15824
13208,FOUND,1,700,12157,1,15825
34074,FOUND,1,14216,11696,1,15826
34097,FOUND,1,14239,11710,1,15827
34095,FOUND,1,14237,11709,1,15828
23921,FOUND,1,9786,12157,1,15829
60095,FOUND,1,26526,14613,1,15830
17176,FOUND,1,4432,12157,1,15831
26372,FOUND,1,11016,11575,1,15832
26357,FOUND,1,11001,11571,1,15833
26354,FOUND,1,28389,11570,1,15834
26584,FOUND,1,11226,11601,1,15835
26366,FOUND,1,11010,11573,1,15836
26465,FOUND,1,11108,11581,1,15837
26370,FOUND,1,11014,11574,1,15838
30905,FOUND,1,12779,11658,1,15839
18349,FOUND,1,5409,11535,1,15840
30885,FOUND,1,12759,11650,1,15841
30904,FOUND,1,12778,11651,1,15842
30887,FOUND,1,12761,11651,1,15843
30918,FOUND,1,12792,11650,1,15844
30914,FOUND,1,12788,11535,1,15845
30911,FOUND,1,12785,11658,1,15846
18356,FOUND,1,5416,11536,1,15847
13228,FOUND,1,720,12157,1,15848
30883,FOUND,1,12757,11648,1,15849
30917,FOUND,1,12791,11649,1,15850
30884,FOUND,1,12758,11649,1,15851
13593,FOUND,1,1070,12157,1,15852
13172,FOUND,1,664,12157,1,15853
25948,FOUND,1,10646,11504,1,15854
23943,FOUND,1,9808,12157,1,15855
15822,FOUND,1,3203,11432,1,15856
15812,FOUND,1,3194,11351,1,15857
14851,FOUND,1,2279,11351,1,15858
14865,FOUND,1,27498,11360,1,15859
26889,FOUND,1,11527,11432,1,15860
26888,FOUND,1,11526,11645,1,15861
14999,FOUND,1,2417,11408,1,15862
26885,FOUND,1,11523,11408,1,15863
26891,FOUND,1,11529,11645,1,15865
14992,FOUND,1,2410,11405,1,15866
14846,FOUND,1,2274,11348,1,15867
14845,FOUND,1,2273,11348,1,15868
14759,FOUND,1,2191,11305,1,15869
14760,FOUND,1,2192,11306,1,15870
26626,FOUND,1,11266,11409,1,15871
14775,FOUND,1,2207,11314,1,15872
12837,FOUND,1,343,11237,1,15873
26887,FOUND,1,11525,11237,1,15874
33309,FOUND,1,13633,12596,1,15875
33664,FOUND,1,13891,22754,1,15876
33301,FOUND,1,13625,12592,1,15877
18143,FOUND,1,5211,22719,1,15878
39947,FOUND,1,19534,12671,1,15879
20694,FOUND,1,6759,22905,1,15880
40017,FOUND,1,19602,12885,1,15881
46204,FOUND,1,24528,12157,1,15882
23925,FOUND,1,9790,12157,1,15883
30834,FOUND,1,12708,12157,1,15884
47135,FOUND,1,25384,12157,1,15885
23776,FOUND,1,9642,12157,1,15886
16287,FOUND,1,3665,12157,1,15887
13218,FOUND,1,710,12157,1,15888
17565,FOUND,1,4738,11484,1,15889
18646,FOUND,1,5544,11484,1,15890
17765,FOUND,1,4905,11245,1,15891
13389,FOUND,1,868,11245,1,15892
17972,FOUND,1,5044,11256,1,15893
17771,FOUND,1,4911,11467,1,15894
18421,FOUND,1,5475,11547,1,15895
13371,FOUND,1,850,12157,1,15896
63238,FOUND,1,30265,26684,2,15897
17700,FOUND,1,4854,11488,1,15898
59746,FOUND,1,26332,22331,1,15899
59458,FOUND,1,28473,22079,2,15900
59792,FOUND,1,26375,22354,1,15901
59839,FOUND,1,28517,22377,2,15902
59803,FOUND,1,26383,22325,1,15903
59723,FOUND,1,26310,22315,1,15904
46395,FOUND,1,24685,26410,1,15905
59753,FOUND,1,26339,22315,1,15906
59747,FOUND,1,26333,22331,1,15907
59845,FOUND,1,26407,22321,1,15908
59724,FOUND,1,26311,26410,1,15909
59825,FOUND,1,28510,22370,1,15910
59725,FOUND,1,28499,22316,1,15911
59738,FOUND,1,26324,22325,1,15912
59842,FOUND,1,28518,22380,2,15913
59733,FOUND,1,26319,22321,1,15914
59732,FOUND,1,26318,22320,1,15915
59752,FOUND,1,26338,22334,1,15917
41005,FOUND,1,27935,12157,1,15918
28013,FOUND,1,12574,14888,1,15919
28003,FOUND,1,12564,16926,1,15920
18218,FOUND,1,5285,14869,1,15921
17243,FOUND,1,4487,14695,1,15922
18135,FOUND,1,5203,14842,1,15923
18235,FOUND,1,5301,14877,1,15924
26638,FOUND,1,11278,16925,1,15925
17680,FOUND,1,4836,14726,1,15926
45379,NOT_FOUND,0,,,1,15927
28000,FOUND,1,12561,16942,1,15928
28001,FOUND,1,12562,16942,1,15929
28008,FOUND,1,12569,16933,1,15930
16050,FOUND,1,3430,12157,1,15931
28006,FOUND,1,12567,16931,1,15932
63173,FOUND,1,30245,26684,1,15933
16390,FOUND,1,3768,12157,1,15934
42555,FOUND,1,27689,12157,1,15935
27380,FOUND,1,12017,14896,1,15936
16173,FOUND,1,3551,14658,1,15937
26789,FOUND,1,11427,16930,1,15938
19773,FOUND,1,5977,14953,1,15939
18625,FOUND,1,5523,14946,1,15940
16270,FOUND,1,3648,12157,1,15941
33010,FOUND,1,13383,17069,1,15942
33006,FOUND,1,13379,17067,1,15943
33030,FOUND,1,13403,17026,1,15944
33035,FOUND,1,13408,17083,1,15945
33209,FOUND,1,28802,17085,1,15946
33037,FOUND,1,13410,17085,1,15947
33118,FOUND,1,13491,17091,1,15948
33045,FOUND,1,13418,17091,1,15949
63230,FOUND,1,30287,26684,2,15950
33111,FOUND,1,13484,17123,1,15951
33159,FOUND,1,13531,17123,1,15952
33191,FOUND,1,28785,17147,1,15953
33164,FOUND,1,13536,17138,1,15954
33217,FOUND,1,28810,17150,1,15955
33219,FOUND,1,28812,17144,1,15956
33040,FOUND,1,13413,17087,1,15957
33074,FOUND,1,13447,17106,1,15958
33205,FOUND,1,28798,17105,1,15959
33086,FOUND,1,13459,17111,1,15960
23157,FOUND,1,9061,12157,1,15961
45709,FOUND,1,24213,14390,1,15962
45750,FOUND,1,28573,14410,1,15963
16359,FOUND,1,3737,12157,1,15964
32945,NOT_FOUND,0,,,1,15965
45716,FOUND,1,24219,14395,1,15966
47932,FOUND,1,25806,22025,1,15967
17943,FOUND,1,5025,12157,1,15968
45735,FOUND,1,24233,14404,1,15969
30850,FOUND,1,12724,12157,1,15970
27019,FOUND,1,11657,12157,1,15971
14756,FOUND,1,2188,12157,1,15972
14876,FOUND,1,2301,12157,1,15973
45733,FOUND,1,24232,14403,1,15974
14549,FOUND,1,1994,12157,1,15975
45734,FOUND,1,28567,14399,1,15976
22454,FOUND,1,8399,12157,1,15977
45728,FOUND,1,24229,14401,1,15978
39005,FOUND,1,27679,12157,1,15979
60579,FOUND,1,28672,14635,1,15980
60576,FOUND,1,28669,14633,1,15981
60583,FOUND,1,28676,14634,1,15982
60578,FOUND,1,28671,14635,1,15983
59426,FOUND,1,26070,22029,1,15984
60590,FOUND,1,28683,14633,1,15985
60577,FOUND,1,28670,14634,1,15986
60582,FOUND,1,28675,14400,1,15987
60569,FOUND,1,28663,14621,1,15988
60550,FOUND,1,26774,14621,1,15989
60563,FOUND,1,26787,14628,1,15990
60561,FOUND,1,26785,14625,1,15991
60560,FOUND,1,26784,14628,1,15992
60554,FOUND,1,26778,14625,1,15993
60556,FOUND,1,26780,14626,1,15994
60555,FOUND,1,26779,14626,1,15995
60559,FOUND,1,26783,14627,1,15996
60558,FOUND,1,26782,14627,1,15997
60588,FOUND,1,28681,14641,1,15998
60593,FOUND,1,28686,14641,1,15999
60580,FOUND,1,28673,14636,1,16000
60592,FOUND,1,28685,14636,1,16001
59424,FOUND,1,26068,22025,1,16002
60589,FOUND,1,28682,14639,1,16003
60585,FOUND,1,28678,14639,1,16004
60584,FOUND,1,28677,14638,1,16005
60587,FOUND,1,28680,14638,1,16006
19822,FOUND,1,6012,22825,1,16007
40031,FOUND,1,19614,12894,1,16008
19790,FOUND,1,5980,23041,1,16009
40054,FOUND,1,19637,12906,1,16010
18321,FOUND,1,5382,22739,1,16011
41605,FOUND,1,20942,12930,1,16012
14089,FOUND,1,1542,12157,1,16013
39585,FOUND,1,19259,12689,1,16014
19196,FOUND,1,5638,22827,1,16015
40042,FOUND,1,19625,12897,1,16016
14482,FOUND,1,1927,12157,1,16017
34215,FOUND,1,14354,17290,1,16018
61760,NOT_FOUND,0,,,1,16019
59964,FOUND,1,26426,14601,1,16020
59963,FOUND,1,26425,14600,1,16021
60082,FOUND,1,26515,14600,1,16022
60087,FOUND,1,26518,14608,1,16023
60080,FOUND,1,26513,14608,1,16024
31522,FOUND,1,13038,13651,1,16025
29110,FOUND,1,12645,13636,1,16026
29112,FOUND,1,12647,13640,1,16027
28211,FOUND,1,12625,13637,1,16028
31534,FOUND,1,13049,13637,1,16029
29111,FOUND,1,12646,13640,1,16030
28210,FOUND,1,12624,13636,1,16031
28212,FOUND,1,12626,13638,1,16032
31538,FOUND,1,28527,13657,1,16033
31533,FOUND,1,13048,13633,1,16034
31528,FOUND,1,13044,13655,1,16035
31535,FOUND,1,13050,13658,1,16036
37874,FOUND,1,17708,20387,1,16037
38985,FOUND,1,18792,12157,1,16038
15890,FOUND,1,3270,12157,1,16039
26255,FOUND,1,10900,12157,1,16040
15082,FOUND,1,2486,20327,1,16041
15078,FOUND,1,2483,20324,1,16042
44168,FOUND,1,22940,12157,1,16043
14215,FOUND,1,1663,20265,1,16044
26860,FOUND,1,11498,20324,1,16045
26863,FOUND,1,11501,20327,1,16046
27040,FOUND,1,11678,20487,1,16047
16652,FOUND,1,3985,20375,1,16048
32961,NOT_FOUND,0,,,1,16049
26864,FOUND,1,11502,20662,1,16050
14661,FOUND,1,2103,12157,1,16051
16012,FOUND,1,3392,12157,1,16052
44480,FOUND,1,23177,21832,1,16053
20231,FOUND,1,6348,21833,1,16054
59333,FOUND,1,25991,22131,1,16055
59324,FOUND,1,25986,22128,1,16056
44481,FOUND,1,23178,21830,1,16057
46000,FOUND,1,24348,21833,1,16058
19996,FOUND,1,6179,21832,1,16059
46001,FOUND,1,24349,21831,1,16060
44483,FOUND,1,23180,21840,1,16061
59785,FOUND,1,26369,22352,1,16062
59784,FOUND,1,26368,22353,1,16063
59783,FOUND,1,26367,22352,1,16064
44482,FOUND,1,23179,21840,1,16065
59429,FOUND,1,26073,22005,1,16066
59425,FOUND,1,26069,22027,1,16067
59428,FOUND,1,26072,22026,1,16068
60004,FOUND,1,28176,22405,1,16069
60003,FOUND,1,26457,22405,1,16070
47933,FOUND,1,25807,22026,1,16071
47934,FOUND,1,25808,22027,1,16072
47894,FOUND,1,28144,22005,1,16073
47889,FOUND,1,25768,22002,1,16074
47935,FOUND,1,25809,22028,1,16075
47891,FOUND,1,28142,22002,1,16076
27205,FOUND,1,11842,20702,1,16077
47007,FOUND,1,25257,12157,1,16078
27154,FOUND,1,11791,20715,1,16079
46881,FOUND,1,25131,12157,1,16080
27119,FOUND,1,11756,20705,1,16081
46492,FOUND,1,24760,12157,1,16082
14476,FOUND,1,1921,12157,1,16083
46549,FOUND,1,24817,12157,1,16084
27201,FOUND,1,11838,20369,1,16085
46879,FOUND,1,25129,12157,1,16086
18206,FOUND,1,5273,12157,1,16087
46533,FOUND,1,24801,12157,1,16088
13973,NOT_FOUND,0,,,1,16089
46554,FOUND,1,24822,12157,1,16090
27715,FOUND,1,12352,26318,1,16091
47048,FOUND,1,25298,12157,1,16092
27749,FOUND,1,12384,26325,1,16094
46489,FOUND,1,24757,12157,1,16095
27157,FOUND,1,11794,26329,1,16096
46809,FOUND,1,25066,12157,1,16097
46541,FOUND,1,24809,12157,1,16098
14673,FOUND,1,2114,12157,1,16099
46586,FOUND,1,24854,12157,1,16100
28049,FOUND,1,12610,12157,1,16101
47035,FOUND,1,25285,12157,1,16102
15977,FOUND,1,3357,12157,1,16103
46600,FOUND,1,24868,12157,1,16104
26345,FOUND,1,10990,26325,1,16105
47026,FOUND,1,25276,12157,1,16106
14098,FOUND,1,1551,12157,1,16107
46605,FOUND,1,24873,12157,1,16108
26847,FOUND,1,11485,12157,1,16109
46609,FOUND,1,24877,12157,1,16110
23139,FOUND,1,9046,12157,1,16111
47024,FOUND,1,25274,12157,1,16112
15653,FOUND,1,3035,12157,1,16113
46610,FOUND,1,24878,12157,1,16114
16488,FOUND,1,3866,12157,1,16115
16586,FOUND,1,3941,12157,1,16116
13427,FOUND,1,905,12157,1,16117
46873,FOUND,1,25123,12157,1,16118
16382,FOUND,1,3760,12157,1,16119
46994,FOUND,1,25244,12157,1,16120
16588,FOUND,1,3942,12157,1,16121
46865,FOUND,1,25115,12157,1,16122
22762,FOUND,1,8705,12157,1,16123
46556,FOUND,1,24824,12157,1,16124
23349,FOUND,1,9244,12157,1,16125
14574,FOUND,1,2019,12157,1,16126
13044,FOUND,1,538,12157,1,16127
46596,FOUND,1,24864,12157,1,16128
28033,FOUND,1,12594,12157,1,16129
46823,FOUND,1,25080,12157,1,16130
16031,FOUND,1,3411,12157,1,16131
46993,FOUND,1,25243,12157,1,16132
13041,FOUND,1,535,12157,1,16133
46755,FOUND,1,25012,12157,1,16134
13109,FOUND,1,603,12157,1,16135
46475,FOUND,1,24743,12157,1,16136
22641,FOUND,1,8586,12157,1,16137
46717,FOUND,1,24974,26410,1,16138
13284,FOUND,1,769,12157,1,16139
46490,FOUND,1,24758,12157,1,16140
27580,FOUND,1,12217,26179,1,16141
47059,FOUND,1,25309,12157,1,16142
46643,FOUND,1,24911,12157,1,16143
23866,FOUND,1,9731,12157,1,16144
25951,FOUND,1,10649,26186,1,16145
37375,FOUND,1,17271,26192,1,16146
26583,FOUND,1,11225,12157,1,16147
14602,FOUND,1,2046,12157,1,16148
27331,FOUND,1,11968,26181,1,16149
46801,FOUND,1,25058,12157,1,16150
23178,FOUND,1,9080,12157,1,16151
47040,FOUND,1,25290,12157,1,16152
47093,FOUND,1,25343,12157,1,16153
46530,FOUND,1,24798,12157,1,16154
46476,FOUND,1,24744,12157,1,16155
46606,FOUND,1,24874,12157,1,16156
47090,FOUND,1,25340,12157,1,16157
46709,FOUND,1,24966,26410,1,16158
47073,FOUND,1,25323,12157,1,16159
46535,FOUND,1,24803,12157,1,16160
46770,FOUND,1,25027,12157,1,16161
46474,FOUND,1,24742,12157,1,16162
27153,FOUND,1,11790,20714,1,16163
46587,FOUND,1,24855,12157,1,16164
17774,FOUND,1,4913,20553,1,16165
47070,FOUND,1,25320,12157,1,16166
26348,FOUND,1,10993,12157,1,16167
46753,FOUND,1,25010,12157,1,16168
13099,FOUND,1,593,12157,1,16169
46833,FOUND,1,25090,12157,1,16170
26300,FOUND,1,10945,12157,1,16171
46784,FOUND,1,25041,12157,1,16172
13104,FOUND,1,598,12157,1,16173
46877,FOUND,1,25127,12157,1,16174
17528,FOUND,1,4703,20531,1,16175
46953,FOUND,1,25203,12157,1,16176
15351,FOUND,1,2735,12157,1,16177
46491,FOUND,1,24759,12157,1,16178
27149,FOUND,1,11786,20553,1,16179
46924,FOUND,1,25174,12157,1,16180
27116,FOUND,1,11753,20702,1,16181
46601,FOUND,1,24869,12157,1,16182
17529,FOUND,1,4704,20531,1,16183
46477,FOUND,1,24745,12157,1,16184
17623,FOUND,1,4795,12157,1,16185
46588,FOUND,1,24856,12157,1,16186
37416,FOUND,1,17312,21651,1,16187
46747,FOUND,1,25004,12157,1,16188
14630,FOUND,1,2072,12157,1,16189
16621,FOUND,1,3962,26182,1,16190
26592,FOUND,1,11234,12157,1,16191
17167,FOUND,1,4423,12157,1,16192
16724,FOUND,1,4053,26147,1,16193
27573,FOUND,1,12210,26181,1,16194
14597,FOUND,1,2041,12157,1,16195
18372,FOUND,1,5432,12157,1,16196
18018,FOUND,1,5087,26183,1,16197
37880,FOUND,1,17714,26211,1,16198
18037,FOUND,1,5106,26182,1,16199
60439,FOUND,1,26702,13381,1,16200
40055,FOUND,1,19638,12907,1,16201
39472,FOUND,1,19154,12699,1,16202
40056,FOUND,1,19639,12908,1,16203
40220,FOUND,1,19802,12908,1,16204
39485,FOUND,1,19164,12701,1,16205
39512,FOUND,1,19190,12714,1,16206
39465,FOUND,1,27765,12696,1,16207
40052,FOUND,1,19635,12904,1,16208
39463,FOUND,1,27764,12694,1,16209
46845,FOUND,1,25100,13289,1,16210
46847,FOUND,1,25102,13291,1,16211
61086,FOUND,1,29417,26504,1,16212
46858,FOUND,1,28357,13292,1,16213
46852,FOUND,1,28354,13160,1,16214
61097,FOUND,1,29436,26514,1,16215
40059,FOUND,1,19642,12909,1,16216
40213,FOUND,1,19795,12922,1,16217
40217,FOUND,1,19799,12695,1,16218
40326,FOUND,1,19907,12949,1,16219
60185,FOUND,1,26559,13330,1,16220
60184,FOUND,1,26558,13330,1,16221
60176,FOUND,1,28375,13324,1,16222
60174,FOUND,1,28373,13323,1,16223
60183,FOUND,1,28381,13315,1,16224
60178,FOUND,1,28376,13329,1,16225
60172,FOUND,1,28371,13322,1,16226
60217,FOUND,1,26588,13346,1,16227
59195,FOUND,1,28151,13309,1,16228
60196,FOUND,1,26570,13336,1,16229
60194,FOUND,1,26568,13335,1,16230
60187,FOUND,1,26561,13331,1,16231
60279,FOUND,1,28199,13362,1,16232
60235,FOUND,1,26606,13355,1,16233
60278,FOUND,1,28198,13361,1,16234
60173,FOUND,1,28372,13326,1,16235
60269,FOUND,1,28189,13357,1,16236
60175,FOUND,1,28374,13327,1,16237
60236,FOUND,1,26607,13355,1,16238
60226,FOUND,1,26597,13350,1,16239
63275,FOUND,1,30373,26684,2,16240
63285,FOUND,1,30385,26684,2,16242
63298,FOUND,1,30350,26684,2,16244
63274,FOUND,1,30371,26684,2,16247
63273,FOUND,1,30369,26684,2,16249
63312,FOUND,1,30325,26684,2,16251
63310,FOUND,1,30329,26684,2,16253
63301,FOUND,1,30346,26684,2,16255
63276,FOUND,1,30374,26684,2,16257
63295,FOUND,1,30364,26684,2,16259
63299,FOUND,1,30349,26684,2,16261
63294,FOUND,1,30366,26684,2,16263
63292,FOUND,1,30370,26684,2,16265
63293,FOUND,1,30368,26684,2,16267
63287,FOUND,1,30388,26684,2,16269
63309,FOUND,1,30331,26684,2,16271
63282,FOUND,1,30380,26684,2,16273
63283,FOUND,1,30381,26684,2,16275
63284,FOUND,1,30384,26684,2,16277
46153,FOUND,1,24480,13163,1,16279
46241,FOUND,1,24553,13158,1,16280
61594,NOT_FOUND,0,,,1,16281
46246,FOUND,1,28102,13181,1,16282
46251,FOUND,1,24559,13183,1,16283
46253,FOUND,1,24561,13183,1,16284
46248,FOUND,1,24556,13181,1,16285
46249,FOUND,1,24557,13182,1,16286
61641,NOT_FOUND,0,,,1,16287
38803,FOUND,1,28311,12658,1,16288
38802,FOUND,1,28310,12658,1,16289
46247,FOUND,1,28351,13159,1,16290
47322,FOUND,1,25436,13299,1,16291
46250,FOUND,1,24558,13180,1,16292
47323,FOUND,1,25437,13299,1,16293
46353,FOUND,1,24654,13237,1,16294
46146,FOUND,1,24473,13160,1,16295
60477,FOUND,1,26712,13385,1,16296
61614,NOT_FOUND,0,,,1,16297
44257,FOUND,1,28347,12648,1,16298
38654,FOUND,1,28309,12648,1,16299
46143,FOUND,1,24470,13158,1,16300
61629,NOT_FOUND,0,,,1,16301
61645,NOT_FOUND,0,,,1,16302
60016,FOUND,1,26467,9707,1,16303
61595,NOT_FOUND,0,,,1,16304
61630,NOT_FOUND,0,,,1,16305
61596,NOT_FOUND,0,,,1,16306
61597,NOT_FOUND,0,,,1,16307
63296,FOUND,1,30362,26684,2,16308
63306,FOUND,1,30336,26684,2,16310
63269,FOUND,1,30361,26684,2,16312
63288,FOUND,1,30386,26684,2,16314
63286,FOUND,1,30387,26684,2,16316
63258,FOUND,1,30345,26684,2,16318
63259,FOUND,1,30347,26684,2,16320
63302,FOUND,1,30344,26684,2,16322
63289,FOUND,1,30383,26684,2,16324
63261,FOUND,1,30352,26684,2,16326
63260,FOUND,1,30351,26684,2,16328
63300,FOUND,1,30348,26684,2,16330
63290,FOUND,1,30382,26684,2,16332
60854,FOUND,1,27000,13407,1,16334
14335,FOUND,1,1780,12376,1,16335
63317,NOT_FOUND,0,,,1,16336
41027,FOUND,1,20370,12970,1,16337
60856,FOUND,1,28388,13408,1,16338
33280,FOUND,1,13604,12579,1,16339
63068,FOUND,1,30158,26684,1,16340
33291,FOUND,1,13615,12586,1,16341
63056,FOUND,1,30136,26684,1,16342
42951,FOUND,1,22022,22472,1,16343
13211,FOUND,1,703,12157,1,16344
13192,FOUND,1,684,12157,1,16345
13482,FOUND,1,960,12157,1,16346
37798,FOUND,1,17632,26410,1,16347
13148,FOUND,1,640,12157,1,16348
14455,FOUND,1,1900,12157,1,16349
37706,FOUND,1,29135,25964,1,16350
14726,FOUND,1,2162,25956,1,16351
37918,FOUND,1,17752,25963,1,16352
15047,FOUND,1,2456,25963,1,16353
15574,FOUND,1,2956,12157,1,16354
37801,FOUND,1,17635,26026,1,16355
23598,FOUND,1,9477,12157,1,16356
23068,FOUND,1,8975,12157,1,16357
18362,FOUND,1,5422,12157,1,16358
16049,FOUND,1,3429,12157,1,16359
32933,NOT_FOUND,0,,,1,16360
23775,FOUND,1,9641,12157,1,16361
16260,FOUND,1,3638,12157,1,16362
15673,FOUND,1,3055,12157,1,16363
22721,FOUND,1,8666,12157,1,16364
12863,FOUND,1,368,12157,1,16365
14724,FOUND,1,2161,25980,1,16366
14479,FOUND,1,1924,12157,1,16367
18226,FOUND,1,5292,12157,1,16368
16494,FOUND,1,3872,12157,1,16369
45655,FOUND,1,24185,12157,1,16370
13113,FOUND,1,607,12157,1,16371
14061,FOUND,1,1515,12157,1,16372
22595,FOUND,1,8540,12157,1,16373
26574,FOUND,1,11216,12157,1,16374
16415,FOUND,1,3793,12157,1,16375
17503,FOUND,1,4684,12157,1,16376
14231,FOUND,1,1678,12157,1,16377
13925,FOUND,1,1382,12157,1,16378
13361,FOUND,1,840,12157,1,16379
30875,FOUND,1,12749,12157,1,16380
22476,FOUND,1,8421,12157,1,16381
13223,FOUND,1,715,12157,1,16382
15643,FOUND,1,3025,12157,1,16383
23624,FOUND,1,9501,12157,1,16384
15210,FOUND,1,2600,12157,1,16385
23608,FOUND,1,9487,12157,1,16386
15180,FOUND,1,2575,12157,1,16387
37896,FOUND,1,17730,25993,1,16388
35049,FOUND,1,15148,25984,1,16389
35483,FOUND,1,15580,25984,1,16390
15474,FOUND,1,2858,12157,1,16391
37351,FOUND,1,17247,25981,1,16392
37352,FOUND,1,17248,25981,1,16393
37365,FOUND,1,17261,25983,1,16394
13101,FOUND,1,595,12157,1,16395
37367,FOUND,1,17263,25983,1,16396
37825,FOUND,1,17659,25982,1,16397
34161,FOUND,1,14300,12157,1,16398
14244,FOUND,1,1691,12157,1,16399
15312,FOUND,1,2697,12157,1,16400
13418,FOUND,1,896,12157,1,16401
13558,FOUND,1,1035,12157,1,16402
16305,FOUND,1,3683,12157,1,16403
13627,FOUND,1,1104,12157,1,16404
37320,FOUND,1,17217,26249,1,16405
23567,FOUND,1,9446,12157,1,16406
19940,FOUND,1,6125,12157,1,16407
13629,FOUND,1,1106,12157,1,16408
14366,FOUND,1,1811,12157,1,16409
12982,FOUND,1,477,12157,1,16410
14325,FOUND,1,1770,12157,1,16411
16752,FOUND,1,4078,12157,1,16412
22956,FOUND,1,8866,12157,1,16413
45216,FOUND,1,23859,12157,1,16414
23628,FOUND,1,9505,12157,1,16415
61764,NOT_FOUND,0,,,2,16416
12881,FOUND,1,384,12157,1,16417
26767,FOUND,1,11405,12157,1,16418
17594,FOUND,1,4766,12157,1,16419
13582,FOUND,1,1059,12157,1,16420
37405,FOUND,1,17301,26233,1,16421
23062,FOUND,1,8969,12157,1,16422
22711,FOUND,1,8656,12157,1,16423
16629,FOUND,1,3967,25955,1,16424
15029,FOUND,1,2439,25957,1,16425
35103,FOUND,1,15202,25956,1,16426
14958,FOUND,1,2377,25958,1,16427
15028,FOUND,1,2438,25955,1,16428
15467,FOUND,1,2851,12157,1,16429
15943,FOUND,1,3323,12157,1,16430
23699,FOUND,1,9576,12157,1,16431
44478,FOUND,1,23175,12157,1,16432
30901,FOUND,1,12775,26410,1,16433
17191,FOUND,1,4447,12157,1,16434
23813,FOUND,1,9678,12157,1,16435
36038,FOUND,1,16134,25978,1,16436
15900,FOUND,1,3280,12157,1,16437
18361,FOUND,1,5421,12157,1,16438
14613,FOUND,1,2057,12157,1,16439
16466,FOUND,1,3844,12157,1,16440
26820,FOUND,1,11458,12157,1,16441
27692,FOUND,1,12329,25755,1,16442
22651,FOUND,1,8596,12157,1,16443
13262,FOUND,1,747,12157,1,16444
15577,FOUND,1,2959,12157,1,16445
26774,FOUND,1,11412,12157,1,16446
23616,FOUND,1,9495,12157,1,16447
15940,FOUND,1,3320,12157,1,16448
15974,FOUND,1,3354,12157,1,16449
30867,FOUND,1,12741,12157,1,16450
16454,FOUND,1,3832,12157,1,16451
18009,FOUND,1,5078,12157,1,16452
26349,FOUND,1,10994,12157,1,16453
30838,FOUND,1,12712,12157,1,16454
35670,FOUND,1,15767,25982,1,16455
14806,FOUND,1,2236,12157,1,16456
16197,FOUND,1,3575,12157,1,16457
16276,FOUND,1,3654,12157,1,16458
22672,FOUND,1,8617,12157,1,16459
23179,FOUND,1,9081,12157,1,16460
15951,FOUND,1,3331,12157,1,16461
23082,FOUND,1,8989,12157,1,16462
15280,FOUND,1,2667,12157,1,16463
14314,FOUND,1,1759,12157,1,16464
15551,FOUND,1,2933,12157,1,16465
46026,FOUND,1,24373,14488,1,16466
46028,FOUND,1,24375,14488,1,16467
31537,FOUND,1,13051,13659,1,16468
31524,FOUND,1,13040,13652,1,16469
31526,FOUND,1,13042,13653,1,16470
31525,FOUND,1,13041,13653,1,16471
17535,FOUND,1,4710,20533,1,16472
17767,FOUND,1,4907,12157,1,16473
14403,FOUND,1,1848,12157,1,16474
14151,FOUND,1,1604,12157,1,16475
27739,FOUND,1,12375,20871,1,16476
15409,FOUND,1,2793,12157,1,16477
15767,FOUND,1,3149,12157,1,16478
13531,FOUND,1,1009,12157,1,16479
18348,FOUND,1,5408,12157,1,16480
15649,FOUND,1,3031,12157,1,16481
18046,FOUND,1,5115,20285,1,16482
17546,FOUND,1,4719,20533,1,16483
34773,FOUND,1,14881,21157,1,16484
34824,FOUND,1,14924,21177,1,16485
22508,FOUND,1,8453,12157,1,16486
18029,FOUND,1,5098,20431,1,16487
23509,FOUND,1,9394,12157,1,16488
17699,FOUND,1,4853,20547,1,16489
36280,FOUND,1,16376,21558,1,16490
16946,FOUND,1,4253,20335,1,16491
17007,FOUND,1,4297,20421,1,16492
16834,FOUND,1,4151,12157,1,16493
16533,FOUND,1,3893,20361,1,16494
17568,FOUND,1,4741,20361,1,16495
27199,FOUND,1,11836,20576,1,16496
17990,FOUND,1,5062,20576,1,16497
22745,FOUND,1,8688,12157,1,16498
13956,FOUND,1,27495,12157,1,16499
34159,FOUND,1,27607,12157,1,16500
44201,FOUND,1,22973,12157,1,16501
32887,NOT_FOUND,0,,,1,16502
17084,FOUND,1,4367,20449,1,16503
14675,FOUND,1,2116,12157,1,16504
45255,NOT_FOUND,0,,,1,16505
13054,FOUND,1,548,12157,1,16506
22359,FOUND,1,8306,12157,1,16507
13076,FOUND,1,570,12157,1,16508
31884,NOT_FOUND,0,,,1,16509
27189,FOUND,1,11826,12157,1,16510
45254,NOT_FOUND,0,,,1,16511
14711,FOUND,1,2149,20279,1,16512
14584,FOUND,1,2029,12157,1,16513
27178,FOUND,1,11815,12157,1,16514
45253,NOT_FOUND,0,,,1,16515
45701,FOUND,1,24205,12157,1,16516
42639,FOUND,1,21746,12157,1,16517
17151,FOUND,1,4409,20449,1,16518
26947,FOUND,1,11585,12157,1,16519
27198,FOUND,1,11835,20669,1,16520
26984,FOUND,1,11622,20669,1,16521
26487,FOUND,1,11130,20654,1,16522
36283,FOUND,1,16379,20654,1,16523
15332,FOUND,1,2716,12157,1,16524
14915,FOUND,1,2338,20298,1,16525
23931,FOUND,1,9796,12157,1,16526
16160,FOUND,1,3539,12157,1,16527
14529,FOUND,1,1974,12157,1,16528
32970,NOT_FOUND,0,,,1,16529
27213,FOUND,1,11850,12157,1,16530
42615,FOUND,1,21722,12157,1,16531
16240,FOUND,1,3618,12157,1,16532
34157,FOUND,1,14297,12157,1,16533
14576,FOUND,1,2021,12157,1,16534
37113,FOUND,1,17024,26410,1,16535
63055,FOUND,1,30134,26684,1,16536
37123,FOUND,1,17034,26410,1,16537
63054,FOUND,1,30131,26684,1,16538
33286,FOUND,1,13610,12582,1,16539
63067,FOUND,1,30156,26684,1,16540
31115,NOT_FOUND,0,,,1,16541
63069,FOUND,1,30160,26684,1,16542
39757,FOUND,1,19354,12788,2,16543
44225,FOUND,1,22997,12157,1,16544
27382,FOUND,1,12019,20770,1,16545
27164,FOUND,1,11801,20235,1,16546
36008,FOUND,1,16104,20251,1,16547
16531,FOUND,1,3891,20360,1,16548
13870,FOUND,1,1327,12157,1,16549
15880,FOUND,1,3260,12157,1,16550
22747,FOUND,1,8690,12157,1,16551
14396,FOUND,1,1841,12157,1,16552
13826,FOUND,1,1283,12157,1,16553
17664,FOUND,1,4828,20543,1,16554
34169,FOUND,1,14308,12157,1,16555
14781,FOUND,1,2213,20289,1,16556
24034,FOUND,1,9897,12157,1,16557
27106,FOUND,1,11743,20694,1,16558
37382,FOUND,1,17278,21288,1,16559
14124,FOUND,1,1577,12157,1,16560
14783,FOUND,1,2215,20289,1,16561
34823,FOUND,1,14923,21176,1,16562
37488,FOUND,1,17384,21668,1,16563
23667,FOUND,1,9544,12157,1,16564
23564,FOUND,1,9443,12157,1,16565
15044,FOUND,1,2453,20291,1,16566
14784,FOUND,1,2216,20291,1,16567
32978,NOT_FOUND,0,,,1,16568
15128,FOUND,1,2526,20340,1,16569
13687,FOUND,1,1164,12157,1,16570
13018,FOUND,1,513,12157,1,16571
37483,FOUND,1,17379,20541,1,16572
23666,FOUND,1,9543,12157,1,16573
13058,FOUND,1,552,12157,1,16574
14139,FOUND,1,1592,12157,1,16575
37963,FOUND,1,17796,20728,1,16576
12915,FOUND,1,418,12157,1,16577
27221,FOUND,1,11858,20728,1,16578
39885,FOUND,1,19474,14139,1,16579
39860,FOUND,1,19449,14128,1,16580
39867,FOUND,1,19456,14128,1,16581
39871,FOUND,1,19460,14133,1,16582
39868,FOUND,1,19457,14129,1,16583
39861,FOUND,1,19450,14124,1,16584
39870,FOUND,1,19459,14134,1,16585
39865,FOUND,1,19454,14131,1,16586
39887,FOUND,1,19476,14136,1,16587
39856,FOUND,1,19445,14124,1,16588
39858,FOUND,1,19447,14126,1,16589
39892,FOUND,1,19481,14134,1,16590
39864,FOUND,1,19453,14126,1,16591
39881,FOUND,1,19470,14138,1,16592
39890,FOUND,1,19479,14131,1,16593
43794,FOUND,1,22803,14088,1,16594
39859,FOUND,1,19448,14127,1,16595
39875,FOUND,1,19464,14138,1,16596
39873,FOUND,1,19462,14136,1,16597
39874,FOUND,1,19463,14137,1,16598
39659,FOUND,1,27270,14117,1,16599
46660,FOUND,1,24927,14523,1,16600
46658,FOUND,1,24925,14521,1,16601
39876,FOUND,1,19465,14137,1,16602
39879,FOUND,1,19468,14127,1,16603
60266,FOUND,1,26634,14620,1,16604
46130,FOUND,1,24457,14505,1,16605
14111,FOUND,1,1564,12157,1,16606
15696,FOUND,1,3078,12157,1,16607
23705,FOUND,1,9582,12157,1,16608
40447,FOUND,1,19982,14272,1,16609
59770,FOUND,1,26355,14595,1,16610
40406,FOUND,1,27786,14273,1,16611
59771,FOUND,1,26356,14596,1,16612
60264,FOUND,1,26632,14620,1,16613
40398,FOUND,1,27782,14272,1,16614
40397,FOUND,1,27781,14271,1,16615
60265,FOUND,1,26633,14596,1,16616
60263,FOUND,1,26631,14595,1,16617
40422,FOUND,1,19957,14262,1,16618
40446,FOUND,1,19981,14259,1,16619
40399,FOUND,1,27783,14273,1,16620
26917,FOUND,1,11555,12157,1,16621
40457,FOUND,1,19990,14271,1,16622
60261,FOUND,1,26629,14507,1,16623
46134,FOUND,1,24461,14508,1,16624
60262,FOUND,1,26630,14619,1,16625
23145,FOUND,1,9050,12157,1,16627
40571,FOUND,1,20085,14298,1,16628
27670,FOUND,1,12307,20652,1,16629
46141,FOUND,1,24468,14505,1,16630
22453,FOUND,1,8398,12157,1,16631
32955,NOT_FOUND,0,,,1,16632
28029,FOUND,1,12590,12157,1,16633
22493,FOUND,1,8438,12157,1,16634
17018,FOUND,1,4307,20427,1,16635
26451,FOUND,1,11094,20652,1,16636
27538,FOUND,1,12175,20805,1,16637
27254,FOUND,1,11891,20649,1,16638
26398,FOUND,1,11041,20649,1,16639
22713,FOUND,1,8658,12157,1,16640
26196,FOUND,1,10844,12157,1,16641
28027,FOUND,1,12588,12157,1,16642
15718,FOUND,1,3100,12157,1,16643
22600,FOUND,1,8545,12157,1,16644
27264,FOUND,1,11901,20644,1,16645
22691,FOUND,1,8636,12157,1,16646
22699,FOUND,1,8644,12157,1,16647
17515,FOUND,1,4694,20483,1,16648
26946,FOUND,1,11584,12157,1,16649
27239,FOUND,1,11876,20735,1,16650
22480,FOUND,1,8425,12157,1,16651
27301,FOUND,1,11938,20754,1,16652
17305,FOUND,1,4533,20478,1,16653
22848,FOUND,1,8790,12157,1,16654
40245,FOUND,1,19827,14195,1,16655
40517,FOUND,1,20043,14320,1,16656
40240,FOUND,1,19822,14192,1,16657
40242,FOUND,1,19824,14194,1,16658
39897,FOUND,1,19486,14146,1,16659
40282,FOUND,1,19864,14217,1,16660
40264,FOUND,1,19846,14201,1,16661
39901,FOUND,1,19490,14146,1,16662
40255,FOUND,1,19837,14201,1,16663
40243,FOUND,1,19825,14195,1,16664
40280,FOUND,1,19862,14192,1,16665
39653,FOUND,1,28549,14114,1,16666
46657,FOUND,1,24924,14520,1,16667
46971,FOUND,1,25221,14542,1,16668
40141,FOUND,1,19724,14166,1,16669
40138,FOUND,1,19721,14164,1,16670
40169,FOUND,1,19751,14181,1,16671
40188,FOUND,1,19770,14187,1,16672
40136,FOUND,1,19719,14163,1,16673
40172,FOUND,1,19754,14181,1,16674
40180,FOUND,1,19762,14166,1,16675
27015,FOUND,1,11653,12157,1,16676
46967,FOUND,1,25217,13696,1,16677
40137,FOUND,1,19720,14163,1,16678
13992,FOUND,1,1447,12157,1,16679
46968,FOUND,1,25218,13702,1,16680
44208,FOUND,1,22980,12157,1,16681
46977,FOUND,1,25227,14542,1,16682
45353,NOT_FOUND,0,,,1,16683
44185,FOUND,1,22957,12157,1,16684
26675,FOUND,1,11314,12157,1,16685
40184,FOUND,1,19766,14187,1,16686
46974,FOUND,1,25224,14544,1,16687
22473,FOUND,1,8418,12157,1,16688
26429,FOUND,1,11072,12157,1,16689
31852,NOT_FOUND,0,,,1,16690
15657,FOUND,1,3039,12157,1,16691
16125,FOUND,1,3504,12157,1,16692
27183,FOUND,1,11820,12157,1,16693
15616,FOUND,1,2998,12157,1,16694
15537,FOUND,1,2919,12157,1,16695
63263,FOUND,1,30354,26684,1,16696
63264,FOUND,1,30355,26684,1,16697
46445,FOUND,1,27404,13280,1,16698
60480,FOUND,1,26715,13386,1,16699
60203,FOUND,1,28184,13339,1,16700
32918,FOUND,1,13331,12544,1,16701
61752,FOUND,1,29971,26673,1,16702
60482,FOUND,1,26717,13388,1,16703
61600,NOT_FOUND,0,,,1,16704
61642,NOT_FOUND,0,,,1,16705
15491,FOUND,1,2874,12157,1,16706
14145,FOUND,1,1598,12157,1,16707
14241,FOUND,1,1688,12157,1,16708
27227,FOUND,1,11864,20730,1,16709
12874,FOUND,1,377,12157,1,16710
12829,FOUND,1,335,20251,1,16711
16059,FOUND,1,3439,12157,1,16712
27087,FOUND,1,11724,20692,1,16713
15281,FOUND,1,2668,12157,1,16714
45252,NOT_FOUND,0,,,1,16715
60647,FOUND,1,26833,26410,1,16716
33442,FOUND,1,13685,22457,1,16717
61205,FOUND,1,29532,26556,1,16718
40014,FOUND,1,19599,12884,1,16719
61214,FOUND,1,29541,26560,1,16720
40102,FOUND,1,19685,12746,1,16721
61236,FOUND,1,29563,26571,1,16722
40015,FOUND,1,19600,12884,1,16723
61765,NOT_FOUND,0,,,1,16724
60970,FOUND,1,27082,26442,1,16725
39736,FOUND,1,27293,12778,1,16726
61027,FOUND,1,29354,26457,1,16727
42864,FOUND,1,21937,22563,1,16728
61026,FOUND,1,29353,26457,1,16729
43222,FOUND,1,28341,12777,1,16730
60867,FOUND,1,27011,26410,1,16731
39793,FOUND,1,19384,12785,1,16732
60964,FOUND,1,27076,26439,1,16733
39913,FOUND,1,19500,12843,1,16734
61013,FOUND,1,29340,26450,1,16735
39534,FOUND,1,19210,12720,1,16736
60868,FOUND,1,27012,26410,1,16737
43165,FOUND,1,22221,12836,1,16738
61092,FOUND,1,29428,26449,2,16739
43557,FOUND,1,22582,13129,1,16740
60915,FOUND,1,29268,26414,1,16741
39517,FOUND,1,19193,12717,1,16742
40000,FOUND,1,19586,12828,1,16743
60919,FOUND,1,29272,26416,1,16744
39849,FOUND,1,19439,12817,1,16745
61087,FOUND,1,29418,26504,1,16746
43559,FOUND,1,22583,13120,1,16747
60924,FOUND,1,29277,26419,1,16748
39846,FOUND,1,19436,12833,1,16749
60917,FOUND,1,29270,26415,1,16750
39825,FOUND,1,19416,12821,1,16751
60918,FOUND,1,29271,26416,1,16752
40006,FOUND,1,19591,12833,1,16753
61028,FOUND,1,29355,26458,1,16754
39819,FOUND,1,19410,12817,1,16755
60860,FOUND,1,27004,26410,1,16756
39821,FOUND,1,19412,12819,1,16757
39999,FOUND,1,19585,12882,1,16758
61644,NOT_FOUND,0,,,1,16759
39822,FOUND,1,19413,12819,1,16760
61244,FOUND,1,29571,26575,1,16761
39917,FOUND,1,19504,12844,1,16762
61662,NOT_FOUND,0,,,1,16763
39914,FOUND,1,19501,12844,1,16764
61229,FOUND,1,29556,26568,1,16765
39832,FOUND,1,19422,12824,1,16766
61657,NOT_FOUND,0,,,1,16767
60910,FOUND,1,27054,13410,1,16768
41484,FOUND,1,20822,22519,1,16769
60909,FOUND,1,27053,13409,1,16770
40084,FOUND,1,19667,12918,1,16771
61232,FOUND,1,29559,26569,1,16772
39936,FOUND,1,19523,12756,1,16773
61227,FOUND,1,29554,26567,1,16774
33436,FOUND,1,13679,22454,1,16775
61638,NOT_FOUND,0,,,1,16776
39781,FOUND,1,19372,12793,1,16777
61621,NOT_FOUND,0,,,1,16778
33438,FOUND,1,13681,22455,1,16779
61615,NOT_FOUND,0,,,1,16780
39610,FOUND,1,19283,12742,1,16781
61608,NOT_FOUND,0,,,1,16782
40083,FOUND,1,19666,12914,1,16783
61639,NOT_FOUND,0,,,1,16784
40331,FOUND,1,19912,12948,1,16785
61270,FOUND,1,29626,26590,1,16786
40068,FOUND,1,19651,12913,1,16787
61787,NOT_FOUND,0,,,1,16788
39937,FOUND,1,19524,12855,1,16789
61625,NOT_FOUND,0,,,1,16790
40330,FOUND,1,19911,12936,1,16791
61616,NOT_FOUND,0,,,1,16792
40087,FOUND,1,19670,12918,1,16793
61237,FOUND,1,29564,26572,1,16794
40214,FOUND,1,19796,12936,1,16795
61643,NOT_FOUND,0,,,1,16796
39628,FOUND,1,28319,12756,1,16797
61640,NOT_FOUND,0,,,1,16798
39624,FOUND,1,19287,12752,1,16799
34022,FOUND,1,14190,26410,1,16800
63070,FOUND,1,30162,26684,1,16801
31104,NOT_FOUND,0,,,1,16802
63065,FOUND,1,30153,26684,1,16803
34023,FOUND,1,14191,26410,1,16804
63064,FOUND,1,30149,26684,1,16805
61383,FOUND,1,29594,26486,1,16806
61782,NOT_FOUND,0,,,1,16807
61081,FOUND,1,29408,26500,1,16808
42564,FOUND,1,21676,22570,1,16809
39250,FOUND,1,18998,22467,1,16810
43045,FOUND,1,22114,22589,1,16811
41641,FOUND,1,20977,22524,1,16812
40993,FOUND,1,20356,22504,1,16813
24001,FOUND,1,27552,12380,1,16814
41642,FOUND,1,20978,22545,1,16815
61078,FOUND,1,29405,26496,1,16816
39248,FOUND,1,18996,22470,1,16817
61781,NOT_FOUND,0,,,1,16818
41472,FOUND,1,20810,22510,1,16819
61779,NOT_FOUND,0,,,1,16820
41487,FOUND,1,28330,22519,1,16821
40992,FOUND,1,20355,22503,1,16822
61083,FOUND,1,29410,26498,1,16823
39245,FOUND,1,18993,22468,1,16824
61377,FOUND,1,29585,26483,1,16825
43047,FOUND,1,22116,22589,1,16826
61374,FOUND,1,29706,26632,1,16827
39580,FOUND,1,19254,12688,1,16828
61399,FOUND,1,29722,26640,1,16829
39514,FOUND,1,28315,12691,1,16830
61016,FOUND,1,29343,26452,1,16831
39458,FOUND,1,19145,12691,1,16832
60975,FOUND,1,27087,26447,1,16833
40005,FOUND,1,19590,12765,1,16834
60928,FOUND,1,29281,26421,1,16835
39915,FOUND,1,19502,12845,1,16836
60973,FOUND,1,27085,26444,1,16837
43555,FOUND,1,22580,12859,1,16838
60944,FOUND,1,27061,13414,1,16839
39830,FOUND,1,27307,12824,1,16840
60943,FOUND,1,27060,13413,1,16841
40003,FOUND,1,28328,12834,1,16842
46359,FOUND,1,24660,13240,1,16843
39850,FOUND,1,19440,12834,1,16844
46360,FOUND,1,24661,13240,1,16845
39455,FOUND,1,19142,12688,1,16846
46358,FOUND,1,24659,13239,1,16847
39838,FOUND,1,19428,12828,1,16848
60979,AMBIGUOUS,15,27091;29298;29300;29310;29326;29327;29329;29330;29331;29332;29333;29334;29335;29336;29337,26449;63;20280;34;34;34;34;34;34;34;34;34;34;34;34,2,16849
39601,FOUND,1,19275,12736,1,16851
61408,NOT_FOUND,0,,,1,16852
39945,FOUND,1,19532,12732,1,16853
60929,FOUND,1,29282,26421,1,16854
39578,FOUND,1,19252,12724,1,16855
61733,NOT_FOUND,0,,,1,16856
39944,FOUND,1,19531,12859,1,16857
61740,NOT_FOUND,0,,,1,16858
39824,FOUND,1,19415,12820,1,16859
60940,FOUND,1,29574,13412,1,16860
43240,FOUND,1,28342,12882,1,16861
60925,FOUND,1,29278,26419,1,16862
39835,FOUND,1,19425,12820,1,16863
61379,FOUND,1,29588,26484,1,16864
61767,NOT_FOUND,0,,,1,16865
43169,FOUND,1,22225,13120,1,16866
60930,FOUND,1,29283,26422,1,16867
39842,FOUND,1,19432,12724,1,16868
60927,FOUND,1,29280,26420,1,16869
39991,FOUND,1,19578,12881,1,16870
61741,NOT_FOUND,0,,,1,16871
43166,FOUND,1,22222,13117,1,16872
61742,NOT_FOUND,0,,,1,16873
43065,FOUND,1,22134,22601,1,16874
60938,FOUND,1,29291,26426,1,16875
39955,FOUND,1,19542,12865,1,16876
61029,FOUND,1,29356,26458,1,16877
43074,FOUND,1,22143,22570,1,16878
61090,FOUND,1,29424,26508,1,16879
39992,FOUND,1,19579,12858,1,16880
46357,FOUND,1,24658,13239,1,16881
41633,FOUND,1,20969,22528,1,16882
61389,FOUND,1,29713,26634,1,16883
42863,FOUND,1,21936,22473,1,16884
41796,FOUND,1,21127,22527,1,16885
61014,FOUND,1,29341,26451,1,16886
41477,FOUND,1,20815,22513,1,16887
60939,FOUND,1,27056,13411,1,16888
39718,FOUND,1,27280,12771,1,16889
61393,FOUND,1,29717,26636,1,16890
39253,FOUND,1,19001,22473,1,16891
61384,FOUND,1,29708,26632,1,16892
41478,FOUND,1,20816,22514,1,16893
60941,FOUND,1,27058,13412,1,16894
39244,FOUND,1,18992,22467,1,16895
60942,FOUND,1,27059,13413,1,16896
39247,FOUND,1,18995,22469,1,16897
33681,FOUND,1,13908,12638,1,16898
39246,FOUND,1,18994,22469,1,16899
33680,FOUND,1,13907,12637,1,16900
43076,FOUND,1,22145,22600,1,16901
61378,FOUND,1,29587,26484,1,16902
42926,FOUND,1,21998,22468,1,16903
24002,FOUND,1,27553,12381,1,16904
41499,FOUND,1,20836,22525,1,16905
61407,NOT_FOUND,0,,,1,16906
41498,FOUND,1,20835,22524,1,16907
61201,FOUND,1,29523,26550,1,16908
41500,FOUND,1,20837,22525,1,16909
60932,FOUND,1,29285,26423,1,16910
41620,FOUND,1,20956,22532,1,16911
60933,FOUND,1,29286,26423,1,16912
43054,FOUND,1,22123,22595,1,16913
61406,FOUND,1,29729,26644,1,16914
42687,FOUND,1,21791,22491,1,16915
60945,FOUND,1,27062,13414,1,16916
41628,FOUND,1,20964,22536,1,16917
61381,FOUND,1,29591,26485,1,16918
41000,FOUND,1,20360,22506,1,16919
61101,FOUND,1,29413,26502,1,16920
43043,FOUND,1,22112,22588,1,16921
61095,FOUND,1,29435,26513,1,16922
41492,FOUND,1,20829,22521,1,16923
63212,FOUND,1,30306,26684,2,16924
41485,FOUND,1,20823,22520,1,16925
61386,FOUND,1,29710,26633,1,16926
43082,FOUND,1,22151,22608,1,16927
61096,FOUND,1,29437,26514,1,16928
43053,FOUND,1,22122,22594,1,16929
60912,FOUND,1,29265,26413,1,16930
43060,FOUND,1,22129,22586,1,16931
60916,FOUND,1,29269,26415,1,16932
43046,FOUND,1,22115,22590,1,16933
60922,FOUND,1,29275,26418,1,16934
43121,FOUND,1,22189,22611,1,16935
60923,FOUND,1,29276,26418,1,16936
42949,NOT_FOUND,0,,,1,16937
60914,FOUND,1,29267,26414,1,16938
41483,FOUND,1,20821,22518,1,16939
61376,FOUND,1,29584,26483,1,16940
41486,FOUND,1,20824,22520,1,16941
61783,NOT_FOUND,0,,,1,16942
41488,FOUND,1,20825,22518,1,16943
61382,FOUND,1,29593,26486,1,16945
41489,FOUND,1,20826,22521,1,16946
60913,FOUND,1,29266,26413,1,16947
39243,FOUND,1,18991,22466,1,16948
61077,FOUND,1,29404,26496,1,16949
39242,FOUND,1,18990,22466,1,16950
33342,FOUND,1,13666,12615,1,16951
63062,FOUND,1,30147,26684,1,16952
39175,NOT_FOUND,0,,,1,16953
14582,FOUND,1,2027,12157,1,16954
39599,FOUND,1,19273,12735,1,16955
38983,FOUND,1,18790,12157,1,16956
40098,FOUND,1,19681,12692,1,16957
38475,FOUND,1,18301,21818,1,16958
43179,FOUND,1,22235,12878,1,16959
15955,FOUND,1,3335,12157,1,16960
31005,FOUND,1,12864,12399,1,16961
15441,FOUND,1,2825,12157,1,16962
37069,FOUND,1,16980,26410,1,16963
63045,FOUND,1,30084,26684,1,16964
37083,FOUND,1,16994,26410,1,16965
20827,FOUND,1,6854,23415,1,16966
19982,FOUND,1,6165,23119,1,16967
18092,FOUND,1,5161,22677,1,16968
20423,FOUND,1,6512,23269,1,16969
20540,FOUND,1,6623,23309,1,16970
20354,FOUND,1,6449,22779,1,16971
60085,FOUND,1,26516,24029,1,16972
17954,FOUND,1,5036,22632,1,16973
19932,FOUND,1,6117,23115,1,16974
19536,FOUND,1,27522,22668,1,16975
22024,FOUND,1,7992,22951,1,16976
20967,FOUND,1,6959,23476,1,16977
20852,NOT_FOUND,0,,,1,16978
20246,FOUND,1,6363,23110,1,16979
19896,FOUND,1,6081,23098,1,16980
19528,FOUND,1,5784,22850,1,16981
43572,FOUND,1,28876,23754,1,16982
20628,FOUND,1,6706,23088,1,16983
18107,FOUND,1,5176,22692,1,16984
20230,FOUND,1,6347,23210,1,16985
44885,FOUND,1,23573,23491,1,16986
44429,FOUND,1,28881,23867,1,16987
21002,FOUND,1,6994,23424,1,16988
20270,NOT_FOUND,0,,,1,16989
20042,FOUND,1,6197,23143,1,16990
19542,FOUND,1,5793,22928,1,16991
22991,FOUND,1,8900,23104,1,16992
20914,FOUND,1,6912,23447,1,16993
21033,FOUND,1,7025,23506,1,16994
20894,FOUND,1,6892,23412,1,16995
63042,FOUND,1,30090,26684,1,16996
37079,FOUND,1,16990,26410,1,16997
63049,FOUND,1,30073,26684,1,16998
37078,FOUND,1,16989,26410,1,16999
63047,FOUND,1,30079,26684,1,17000
31287,FOUND,1,12944,12435,1,17001
34222,FOUND,1,14361,17311,1,17002
40097,FOUND,1,19680,12916,1,17003
40072,FOUND,1,19655,12740,1,17004
34228,FOUND,1,14367,17311,1,17005
34220,FOUND,1,14359,17310,1,17006
40117,FOUND,1,19700,12927,1,17007
34184,FOUND,1,14323,17294,1,17008
40119,FOUND,1,19702,12927,1,17009
34224,FOUND,1,14363,17294,1,17010
40076,FOUND,1,19659,12916,1,17011
34246,FOUND,1,14385,17313,1,17012
39934,FOUND,1,19521,12853,1,17013
34216,FOUND,1,14355,17304,1,17014
39630,FOUND,1,27260,12758,1,17015
34229,FOUND,1,14368,17313,1,17016
39943,FOUND,1,19530,12852,1,17017
34223,FOUND,1,14362,17312,1,17018
34230,FOUND,1,14369,17308,1,17019
39932,FOUND,1,19519,12735,1,17020
34227,FOUND,1,14366,17312,1,17021
31014,FOUND,1,12873,12404,1,17022
34219,FOUND,1,14358,17309,1,17023
31002,FOUND,1,12861,12397,1,17024
34218,FOUND,1,14357,17308,1,17025
37061,FOUND,1,16972,26410,1,17026
34212,FOUND,1,14351,17306,1,17027
37060,FOUND,1,16971,26410,1,17028
34217,FOUND,1,14356,17306,1,17029
37070,FOUND,1,16981,26410,1,17030
34226,FOUND,1,14365,17309,1,17031
26964,FOUND,1,11602,12157,1,17032
60088,FOUND,1,26519,14610,1,17033
26213,FOUND,1,10861,12157,1,17034
60093,FOUND,1,26524,14393,1,17035
14749,FOUND,1,2181,12157,1,17037
47262,FOUND,1,25403,14560,1,17038
22290,FOUND,1,8240,12157,1,17039
46686,FOUND,1,24951,14539,1,17040
17219,FOUND,1,4469,20478,1,17041
46695,FOUND,1,24960,14524,1,17042
18010,FOUND,1,5079,12157,1,17043
46687,FOUND,1,24952,14526,1,17044
27487,FOUND,1,12124,20718,1,17045
46936,FOUND,1,25186,12157,1,17046
34172,FOUND,1,14311,12157,1,17047
47297,FOUND,1,25420,26410,1,17048
27175,FOUND,1,11812,12157,1,17049
60675,FOUND,1,26859,24414,1,17050
27103,FOUND,1,11740,12157,1,17051
60679,FOUND,1,26863,24425,1,17052
23641,FOUND,1,9518,12157,1,17053
60614,FOUND,1,26800,24378,1,17054
27171,FOUND,1,11808,20718,1,17055
62016,FOUND,1,29806,26645,1,17056
23448,FOUND,1,9335,12157,1,17057
60602,FOUND,1,28949,24386,1,17058
34167,FOUND,1,14306,12157,1,17059
44255,FOUND,1,23027,12157,1,17060
28046,FOUND,1,12607,12157,1,17061
60720,FOUND,1,26904,24353,1,17062
23419,FOUND,1,9306,12157,1,17063
60608,FOUND,1,26794,24381,1,17064
34067,NOT_FOUND,0,,,1,17065
60728,FOUND,1,26912,24358,1,17066
14016,FOUND,1,1471,12157,1,17067
62017,FOUND,1,29807,26645,1,17068
22749,FOUND,1,8692,12157,1,17069
62021,FOUND,1,29811,26645,1,17070
27170,FOUND,1,11807,12157,1,17071
62020,FOUND,1,29810,26645,1,17072
32966,NOT_FOUND,0,,,1,17073
62009,FOUND,1,29799,26645,1,17074
30773,FOUND,1,12689,12157,1,17075
62015,FOUND,1,29805,26645,1,17076
16391,FOUND,1,3769,12157,1,17077
62022,FOUND,1,29812,26645,1,17078
45274,NOT_FOUND,0,,,1,17079
62013,FOUND,1,29803,26645,1,17080
14057,FOUND,1,1511,12157,1,17081
62024,FOUND,1,29814,26645,1,17082
46674,FOUND,1,24940,14533,1,17083
62018,FOUND,1,29808,26645,1,17084
40143,FOUND,1,19726,14167,1,17085
62019,FOUND,1,29809,26645,1,17086
39880,FOUND,1,19469,14140,1,17087
62008,FOUND,1,29798,26645,1,17088
62010,FOUND,1,29800,26645,1,17089
40155,FOUND,1,19738,14170,1,17090
62011,FOUND,1,29801,26645,1,17091
39862,FOUND,1,19451,14129,1,17092
62012,FOUND,1,29802,26645,1,17093
39891,FOUND,1,19480,14140,1,17094
62014,FOUND,1,29804,26645,1,17095
19317,FOUND,1,5712,22872,1,17096
21359,FOUND,1,7343,23543,1,17097
19884,FOUND,1,6070,22808,1,17098
19643,FOUND,1,5889,22872,1,17099
19650,FOUND,1,5896,22948,1,17100
19651,FOUND,1,5897,22937,1,17101
20667,FOUND,1,6744,23344,1,17102
19635,FOUND,1,5882,22982,1,17103
19738,FOUND,1,5949,22982,1,17104
20661,FOUND,1,6738,22669,1,17105
18254,FOUND,1,5317,14881,1,17106
43013,FOUND,1,22083,13073,1,17107
63193,FOUND,1,30277,26684,1,17108
43037,FOUND,1,22107,13088,1,17109
63224,FOUND,1,30304,26684,1,17110
31257,FOUND,1,12914,12420,1,17111
63192,FOUND,1,30276,26684,1,17112
43005,FOUND,1,22076,13072,1,17113
63190,FOUND,1,30272,26684,1,17114
31291,FOUND,1,12948,12437,1,17115
63217,FOUND,1,30315,26684,1,17116
43024,FOUND,1,22094,13082,1,17117
63223,FOUND,1,30307,26684,1,17118
43027,FOUND,1,22097,13082,1,17119
63199,FOUND,1,30286,26684,1,17120
31282,FOUND,1,12939,12432,1,17121
63200,FOUND,1,30288,26684,1,17122
31285,FOUND,1,12942,12434,1,17123
63189,FOUND,1,30270,26684,1,17124
31286,FOUND,1,12943,12434,1,17125
13313,FOUND,1,798,12157,1,17126
31302,FOUND,1,12959,12442,1,17127
63079,FOUND,1,30182,26684,1,17128
39869,FOUND,1,19458,14133,1,17129
23534,FOUND,1,9419,23586,1,17130
31292,FOUND,1,12949,12437,1,17131
63078,FOUND,1,30180,26684,1,17132
40030,FOUND,1,19613,12893,1,17133
63071,FOUND,1,30164,26684,1,17134
45149,FOUND,1,23796,13149,1,17135
63074,FOUND,1,30171,26684,1,17136
46405,FOUND,1,24692,13262,1,17137
15230,FOUND,1,2619,12157,1,17138
45144,FOUND,1,23791,13146,1,17139
63077,FOUND,1,30178,26684,1,17140
45150,FOUND,1,23797,13150,1,17141
63012,FOUND,1,30091,26684,1,17142
40210,FOUND,1,19792,12910,1,17143
63008,FOUND,1,30083,26684,1,17144
41850,FOUND,1,21176,13040,1,17145
63011,FOUND,1,30089,26684,1,17146
40209,FOUND,1,19791,12932,1,17147
63006,FOUND,1,30080,26684,1,17148
46404,FOUND,1,24691,13261,1,17149
63005,FOUND,1,30078,26684,1,17150
41647,FOUND,1,20983,12912,1,17151
63009,FOUND,1,30085,26684,1,17152
46413,FOUND,1,24700,13266,1,17153
31284,FOUND,1,12941,12433,1,17154
63022,FOUND,1,30115,26684,1,17155
31290,FOUND,1,12947,12436,1,17156
63017,FOUND,1,30103,26684,1,17157
31281,FOUND,1,12938,12432,1,17158
63015,FOUND,1,30099,26684,1,17159
31298,FOUND,1,12955,12440,1,17160
63014,FOUND,1,30096,26684,1,17161
31289,FOUND,1,12946,12436,1,17162
63019,FOUND,1,30108,26684,1,17163
42559,FOUND,1,21671,22567,1,17164
63000,FOUND,1,30070,26684,1,17165
40021,FOUND,1,19606,12887,1,17166
63003,FOUND,1,30075,26684,1,17167
44127,FOUND,1,28346,13143,1,17168
63002,FOUND,1,30074,26684,1,17169
39693,FOUND,1,19333,12761,1,17170
63001,FOUND,1,30072,26684,1,17171
39691,FOUND,1,19331,12759,1,17172
26182,NOT_FOUND,0,,,1,17173
31007,FOUND,1,12866,12400,1,17174
20708,FOUND,1,6770,23365,1,17175
42558,FOUND,1,21670,22566,1,17176
46215,FOUND,1,24539,13171,1,17177
45390,FOUND,1,23928,24010,1,17178
39443,FOUND,1,19130,22474,1,17179
19376,NOT_FOUND,0,,,1,17180
40557,FOUND,1,20078,22490,1,17181
20126,FOUND,1,6256,22755,1,17182
39802,FOUND,1,19393,12804,1,17183
20686,NOT_FOUND,0,,,1,17184
45147,FOUND,1,23794,13148,1,17185
45391,FOUND,1,23929,24010,1,17186
46126,FOUND,1,24453,22616,1,17187
20080,FOUND,1,6228,22631,1,17188
31329,FOUND,1,28274,12398,1,17189
19702,FOUND,1,5939,22704,1,17190
31015,FOUND,1,12874,12404,1,17191
23302,FOUND,1,9200,12157,1,17192
41764,FOUND,1,28332,13029,1,17193
18941,FOUND,1,27110,22791,1,17194
46128,FOUND,1,24455,22617,1,17195
47882,NOT_FOUND,0,,,1,17196
18772,FOUND,1,5560,22758,1,17197
43775,FOUND,1,22787,13134,1,17198
20371,FOUND,1,6465,22832,1,17199
43773,FOUND,1,28345,13133,1,17200
19659,FOUND,1,5899,22975,1,17201
45151,FOUND,1,23798,13150,1,17202
19152,FOUND,1,5599,22818,1,17203
43776,FOUND,1,22788,13134,1,17204
19192,FOUND,1,5636,22847,1,17205
31258,FOUND,1,12915,12420,1,17206
20143,NOT_FOUND,0,,,1,17207
45140,FOUND,1,23787,13144,1,17208
18779,FOUND,1,5566,22781,1,17209
31255,FOUND,1,12912,12419,1,17210
19753,FOUND,1,5960,22898,1,17211
31256,FOUND,1,12913,12419,1,17212
20115,FOUND,1,6246,23165,1,17213
47878,NOT_FOUND,0,,,1,17214
31267,FOUND,1,12924,12425,1,17215
20015,NOT_FOUND,0,,,1,17216
31268,FOUND,1,12925,12425,1,17217
19169,FOUND,1,5616,22832,1,17218
43031,FOUND,1,22101,13085,1,17219
19354,FOUND,1,5749,22898,1,17220
31265,FOUND,1,12922,12424,1,17221
26208,FOUND,1,10856,12157,1,17222
31266,FOUND,1,12923,12424,1,17223
63046,FOUND,1,30082,26684,1,17224
43018,FOUND,1,22088,13079,1,17225
63041,FOUND,1,30092,26684,1,17226
43033,FOUND,1,22103,13086,1,17227
63044,FOUND,1,30086,26684,1,17228
39953,FOUND,1,19540,12863,1,17229
38834,FOUND,1,18641,13892,1,17230
40227,FOUND,1,19809,12893,1,17231
38831,FOUND,1,18638,13674,1,17232
39608,FOUND,1,19282,12740,1,17233
38840,FOUND,1,18647,13892,1,17234
39922,FOUND,1,19509,12847,1,17235
38829,FOUND,1,18636,13760,1,17236
39940,FOUND,1,19527,12857,1,17237
38833,FOUND,1,18640,13889,1,17238
39923,FOUND,1,19510,12848,1,17239
38826,FOUND,1,18633,13889,1,17240
40100,FOUND,1,19683,12853,1,17241
38830,FOUND,1,18637,13891,1,17242
43167,FOUND,1,22223,13118,1,17243
38849,FOUND,1,18656,13890,1,17244
39604,FOUND,1,19278,12731,1,17245
38839,FOUND,1,18646,13895,1,17246
39576,FOUND,1,19250,12722,1,17247
38827,FOUND,1,18634,13890,1,17248
40012,FOUND,1,19597,12723,1,17249
38832,FOUND,1,18639,13709,1,17250
38848,FOUND,1,18655,13898,1,17252
39581,FOUND,1,19255,12725,1,17253
38843,FOUND,1,18650,13896,1,17254
39326,FOUND,1,19025,12674,1,17255
38835,FOUND,1,18642,13893,1,17256
40077,FOUND,1,19660,12741,1,17257
38845,FOUND,1,18652,13897,1,17258
39444,FOUND,1,19131,12679,1,17259
38847,FOUND,1,18654,13898,1,17260
39577,FOUND,1,19251,12723,1,17261
38837,FOUND,1,18644,13894,1,17262
39327,FOUND,1,19026,12675,1,17263
38828,FOUND,1,18635,13663,1,17264
39600,FOUND,1,19274,12725,2,17265
38846,FOUND,1,18653,13734,1,17267
39603,FOUND,1,19277,12738,2,17268
38836,FOUND,1,18643,13894,1,17270
31325,FOUND,1,28271,12454,1,17271
46716,FOUND,1,24973,26410,1,17272
31016,FOUND,1,12875,12400,1,17273
46762,FOUND,1,25019,12157,1,17274
39782,FOUND,1,19373,12794,1,17275
47006,FOUND,1,25256,12157,1,17276
46423,FOUND,1,24709,13271,2,17277
46752,FOUND,1,25009,12157,1,17279
44125,FOUND,1,22898,13143,1,17280
46959,FOUND,1,25209,12157,1,17281
41777,FOUND,1,21112,12798,1,17282
46763,FOUND,1,25020,12157,1,17283
44121,FOUND,1,22894,13140,1,17284
46553,FOUND,1,24821,12157,1,17285
41836,FOUND,1,21165,12796,1,17286
47068,FOUND,1,25318,12157,1,17287
44119,FOUND,1,22892,13139,1,17288
47071,FOUND,1,25321,12157,1,17289
44120,FOUND,1,22893,13043,1,17290
46467,FOUND,1,24735,12157,1,17291
44115,FOUND,1,22888,13136,1,17292
47056,FOUND,1,25306,12157,1,17293
44126,FOUND,1,22899,13140,1,17294
46768,FOUND,1,25025,12157,1,17295
41757,FOUND,1,21093,13025,1,17296
46469,FOUND,1,24737,12157,1,17297
41753,FOUND,1,21089,13023,1,17298
34197,FOUND,1,14336,17299,1,17299
39784,FOUND,1,19375,12796,1,17300
34203,FOUND,1,14342,17300,1,17301
40029,FOUND,1,19612,12892,1,17302
34193,FOUND,1,14332,17291,1,17303
41767,FOUND,1,21102,13024,1,17304
34198,FOUND,1,14337,17300,1,17305
40197,FOUND,1,19779,12906,1,17306
34240,FOUND,1,14379,17110,1,17307
41755,FOUND,1,21091,13024,1,17308
34241,FOUND,1,14380,17031,1,17309
40203,FOUND,1,19785,12892,1,17310
34188,FOUND,1,14327,17296,1,17311
39734,FOUND,1,28322,12776,2,17312
34205,FOUND,1,14344,17303,1,17314
39978,FOUND,1,19565,12812,1,17315
34233,FOUND,1,14372,17302,1,17316
39995,FOUND,1,19582,12811,1,17317
34239,FOUND,1,14378,17135,1,17318
43562,FOUND,1,22586,12759,1,17319
34185,FOUND,1,14324,17021,1,17320
41631,FOUND,1,20967,22537,1,17321
34181,FOUND,1,14320,17292,1,17322
39810,FOUND,1,19401,12811,1,17323
39812,FOUND,1,19403,12783,1,17324
61423,NOT_FOUND,0,,,2,17325
39743,FOUND,1,28324,12766,1,17327
61295,FOUND,1,29639,26597,1,17328
41638,FOUND,1,20974,22542,1,17329
61424,NOT_FOUND,0,,,2,17330
39744,FOUND,1,27296,12782,1,17332
61303,FOUND,1,29647,26601,1,17333
39694,FOUND,1,19334,12762,1,17334
61296,FOUND,1,29640,26597,1,17335
41636,FOUND,1,20972,22542,1,17336
61419,NOT_FOUND,0,,,2,17337
41616,FOUND,1,20952,22535,1,17339
61304,FOUND,1,29648,26601,1,17340
41845,FOUND,1,21172,22560,1,17341
61420,NOT_FOUND,0,,,2,17342
39811,FOUND,1,19402,12812,1,17344
61300,FOUND,1,29644,26599,1,17346
41848,FOUND,1,28336,22560,1,17347
61346,FOUND,1,29690,26623,1,17348
41627,FOUND,1,20963,22540,1,17349
61344,FOUND,1,29688,26622,1,17350
41622,FOUND,1,20958,22535,1,17351
61349,FOUND,1,29693,26625,1,17352
41621,FOUND,1,20957,22531,1,17353
61358,FOUND,1,29702,26630,1,17354
33300,FOUND,1,13624,12591,1,17355
61350,FOUND,1,29694,26625,1,17356
33326,FOUND,1,13650,12606,1,17357
61353,FOUND,1,29697,26627,1,17358
33327,FOUND,1,13651,12607,1,17359
61302,FOUND,1,29646,26600,1,17360
33325,FOUND,1,13649,12605,1,17361
61354,FOUND,1,29698,26627,1,17362
33328,FOUND,1,13652,12608,1,17363
61301,FOUND,1,29645,26600,1,17364
33343,FOUND,1,13667,12615,1,17365
38844,FOUND,1,18651,13896,1,17366
38841,FOUND,1,18648,13893,1,17367
33341,FOUND,1,13665,12614,1,17368
61456,NOT_FOUND,0,,,2,17369
33338,FOUND,1,13662,12613,1,17371
61357,FOUND,1,29701,26629,1,17372
38535,FOUND,1,18354,12647,1,17373
61297,FOUND,1,29641,26598,1,17374
32405,FOUND,1,13147,12542,1,17375
61455,NOT_FOUND,0,,,2,17376
33314,FOUND,1,13638,12598,1,17378
61415,NOT_FOUND,0,,,2,17379
33241,FOUND,1,13565,12558,1,17381
61457,NOT_FOUND,0,,,2,17382
33322,FOUND,1,13646,12602,1,17384
61293,FOUND,1,29637,26596,1,17385
43220,FOUND,1,28340,13126,1,17386
61343,FOUND,1,29687,26622,1,17387
39877,FOUND,1,19466,14139,1,17388
46466,FOUND,1,24734,12157,1,17389
47214,FOUND,1,28591,14559,1,17390
46788,FOUND,1,25045,12157,1,17391
47082,FOUND,1,25332,12157,1,17392
46671,FOUND,1,24937,14530,1,17393
46481,FOUND,1,24749,12157,1,17394
47203,FOUND,1,28580,14550,1,17395
46525,FOUND,1,24793,12157,1,17396
47216,FOUND,1,28593,14559,1,17397
46999,FOUND,1,25249,12157,1,17398
47217,FOUND,1,28594,14561,1,17399
46480,FOUND,1,24748,12157,1,17400
47229,FOUND,1,28606,14568,1,17401
46522,FOUND,1,24790,12157,1,17402
74134,NOT_FOUND,0,,,2,17403
46729,FOUND,1,24986,12157,1,17405
39889,FOUND,1,19478,14143,1,17406
46957,FOUND,1,25207,12157,1,17407
46524,FOUND,1,24792,12157,1,17408
46987,FOUND,1,25237,14530,1,17409
47863,NOT_FOUND,0,,,1,17410
47230,FOUND,1,28607,14568,1,17411
46465,FOUND,1,24733,12157,1,17412
47227,FOUND,1,28604,14561,1,17413
46505,FOUND,1,24773,12157,1,17414
39893,FOUND,1,19482,14143,1,17415
46484,FOUND,1,24752,12157,1,17416
39888,FOUND,1,19477,14130,1,17417
46782,FOUND,1,25039,12157,1,17418
46665,FOUND,1,24932,14521,1,17419
47091,FOUND,1,25341,12157,1,17420
39863,FOUND,1,19452,14130,1,17421
46727,FOUND,1,24984,12157,1,17422
74138,NOT_FOUND,0,,,2,17423
46511,FOUND,1,24779,12157,1,17425
40071,FOUND,1,19654,12889,1,17426
46499,FOUND,1,24767,12157,1,17427
40066,FOUND,1,19649,12911,1,17428
47010,FOUND,1,25260,12157,1,17429
61259,FOUND,1,29615,26585,1,17430
39459,FOUND,1,19146,12692,1,17431
46712,FOUND,1,24969,26410,1,17432
40023,FOUND,1,19607,12889,1,17433
46719,FOUND,1,24976,26410,1,17434
40086,FOUND,1,19669,12854,1,17435
46759,FOUND,1,25016,12157,1,17436
40079,FOUND,1,19662,12887,1,17437
46772,FOUND,1,25029,12157,1,17438
40080,FOUND,1,19663,12911,1,17439
46550,FOUND,1,24818,12157,1,17440
19155,FOUND,1,5602,22803,1,17441
19586,FOUND,1,5835,22955,1,17442
19644,FOUND,1,5890,22879,1,17443
19641,FOUND,1,5887,22986,1,17444
19143,FOUND,1,5590,22810,1,17445
19645,FOUND,1,5891,22933,1,17446
19144,FOUND,1,5591,22811,1,17447
18337,FOUND,1,5398,14903,1,17448
61387,FOUND,1,29711,26633,1,17449
61445,NOT_FOUND,0,,,1,17450
61388,FOUND,1,29712,26634,1,17451
39509,FOUND,1,19187,12711,1,17452
61094,FOUND,1,29433,26513,1,17453
41775,FOUND,1,21110,13032,1,17454
60936,FOUND,1,29289,26425,1,17455
46344,FOUND,1,24651,13235,1,17456
61098,FOUND,1,29438,26515,1,17457
46341,FOUND,1,24648,13233,1,17458
61099,FOUND,1,29439,26515,1,17459
41756,FOUND,1,21092,12708,1,17460
61104,FOUND,1,29419,26505,1,17461
61069,FOUND,1,29399,26491,1,17462
61093,FOUND,1,29430,26511,1,17463
47317,FOUND,1,25431,13296,1,17464
61100,FOUND,1,29412,26502,1,17465
46343,FOUND,1,24650,13234,1,17466
61088,FOUND,1,29421,26507,1,17467
41765,FOUND,1,21100,12945,1,17468
42514,FOUND,1,21647,22563,1,17469
60864,FOUND,1,27008,26410,1,17470
41609,FOUND,1,20945,12996,1,17471
61012,FOUND,1,29339,26450,1,17472
41840,FOUND,1,21169,12944,1,17473
60863,FOUND,1,27007,26410,1,17474
41773,FOUND,1,21108,12707,1,17475
60862,FOUND,1,27006,26410,1,17476
39480,FOUND,1,27768,12637,1,17477
60976,FOUND,1,27088,26447,1,17478
41758,FOUND,1,21094,12712,1,17479
61091,FOUND,1,29426,26507,1,17480
39477,FOUND,1,19159,26410,1,17481
61277,FOUND,1,29633,26594,1,17482
47313,FOUND,1,25427,13294,1,17483
60858,FOUND,1,27002,26410,1,17484
40016,FOUND,1,19601,12753,1,17485
60859,FOUND,1,27003,26410,1,17486
41832,FOUND,1,21161,12703,1,17487
60861,FOUND,1,27005,26410,1,17488
39823,FOUND,1,19414,12773,1,17489
60865,FOUND,1,27009,26410,1,17490
39826,FOUND,1,19417,12822,1,17491
61017,FOUND,1,29344,26452,1,17492
39783,FOUND,1,19374,12795,1,17493
61739,NOT_FOUND,0,,,1,17494
39967,FOUND,1,19554,12870,1,17495
60866,FOUND,1,27010,26410,1,17496
41852,FOUND,1,21178,22561,1,17497
61278,FOUND,1,29634,26594,1,17498
41604,FOUND,1,20941,22526,1,17499
60966,FOUND,1,27078,26439,1,17500
41501,FOUND,1,20838,22526,1,17501
61020,FOUND,1,29347,26454,1,17502
41603,FOUND,1,20940,22528,1,17503
61024,FOUND,1,29351,26456,1,17504
39844,FOUND,1,19434,12827,1,17505
61089,FOUND,1,29423,26441,1,17506
41618,FOUND,1,20954,22537,1,17507
60978,FOUND,1,27090,26448,1,17508
39809,FOUND,1,19400,12769,1,17509
61023,FOUND,1,29350,26455,1,17510
39800,FOUND,1,19391,12793,1,17511
60974,FOUND,1,27086,26444,1,17512
39805,FOUND,1,19396,12807,1,17513
60968,FOUND,1,27080,26440,1,17514
41480,FOUND,1,20818,22515,1,17515
39717,FOUND,1,27279,12770,1,17517
60931,FOUND,1,29284,26422,1,17518
39807,FOUND,1,19398,12809,1,17519
60971,FOUND,1,27083,26443,1,17520
41479,FOUND,1,20817,22515,1,17521
60967,FOUND,1,27079,26441,1,17522
42562,FOUND,1,21674,22569,1,17523
60977,FOUND,1,27089,26448,1,17524
42953,FOUND,1,22024,22587,1,17525
61769,NOT_FOUND,0,,,1,17526
60965,FOUND,1,27077,26440,1,17527
39712,FOUND,1,19344,12766,1,17528
61737,NOT_FOUND,0,,,1,17529
39746,FOUND,1,27297,12784,1,17530
61022,FOUND,1,29349,26455,1,17531
42952,FOUND,1,22023,22587,1,17532
61738,NOT_FOUND,0,,,1,17533
43062,FOUND,1,22131,22597,1,17534
61015,FOUND,1,29342,26451,1,17535
39790,FOUND,1,19381,12778,1,17536
61019,FOUND,1,29346,26453,1,17537
42561,FOUND,1,21673,22568,1,17538
61021,FOUND,1,29348,26454,1,17539
42950,FOUND,1,22021,22513,1,17540
61025,FOUND,1,29352,26456,1,17541
42566,FOUND,1,21678,22568,1,17542
61706,FOUND,1,29981,26670,1,17543
39735,FOUND,1,27292,12777,1,17544
60969,FOUND,1,27081,26442,1,17545
39788,FOUND,1,19379,12784,1,17546
60972,FOUND,1,27084,26443,1,17547
43069,FOUND,1,22138,22604,1,17548
61275,FOUND,1,29631,26593,1,17549
39750,FOUND,1,27300,12785,1,17550
61252,FOUND,1,29608,26581,1,17551
43055,FOUND,1,22124,22596,1,17552
60911,FOUND,1,27055,13410,1,17553
43079,FOUND,1,22148,22607,1,17554
61276,FOUND,1,29632,26593,1,17555
43113,FOUND,1,22181,22610,1,17556
61256,FOUND,1,29612,26583,1,17557
43070,FOUND,1,22139,22605,1,17558
61218,FOUND,1,29545,26562,1,17559
43111,FOUND,1,22179,22604,1,17560
61250,FOUND,1,29606,26580,1,17561
41481,FOUND,1,20819,22516,1,17562
61241,FOUND,1,29568,26574,1,17563
40229,FOUND,1,19811,22489,1,17564
61242,FOUND,1,29569,26574,1,17565
41491,FOUND,1,20828,22514,1,17566
61223,FOUND,1,29550,26565,1,17567
43083,FOUND,1,22152,22609,1,17568
41625,FOUND,1,20961,22538,1,17569
61269,FOUND,1,29625,26590,1,17570
39251,FOUND,1,18999,22471,1,17571
61249,FOUND,1,29605,26580,1,17572
43064,FOUND,1,22133,22571,1,17573
61789,NOT_FOUND,0,,,1,17574
40231,FOUND,1,19813,22489,1,17575
61790,NOT_FOUND,0,,,1,17576
42563,FOUND,1,21675,22474,1,17577
61248,FOUND,1,29604,26579,1,17578
41634,FOUND,1,20970,22541,1,17579
61267,FOUND,1,29623,26589,1,17580
39817,FOUND,1,19408,12807,1,17581
61258,FOUND,1,29614,26584,1,17582
39816,FOUND,1,19407,12809,1,17583
61788,NOT_FOUND,0,,,1,17584
39813,FOUND,1,19404,12813,1,17585
61257,FOUND,1,29613,26584,1,17586
39994,FOUND,1,19581,12813,1,17587
43112,FOUND,1,22180,22610,1,17588
47881,NOT_FOUND,0,,,1,17589
60645,FOUND,1,26831,26410,1,17590
43122,FOUND,1,22190,22613,1,17591
60779,FOUND,1,26927,13398,1,17592
42556,FOUND,1,21668,22564,1,17593
60786,FOUND,1,26934,13401,1,17594
43080,FOUND,1,22149,22607,1,17595
60778,FOUND,1,26926,13397,1,17596
43061,FOUND,1,22130,22600,1,17597
60782,FOUND,1,26930,13399,1,17598
42860,FOUND,1,21933,22585,1,17599
60787,FOUND,1,26935,13402,1,17600
43073,FOUND,1,22142,22606,1,17601
61773,NOT_FOUND,0,,,1,17602
39252,FOUND,1,19000,22472,1,17603
60780,FOUND,1,26928,13398,1,17604
41844,FOUND,1,21171,22544,1,17605
61771,NOT_FOUND,0,,,1,17606
41853,FOUND,1,21179,22562,1,17607
62029,NOT_FOUND,0,,,1,17608
60777,FOUND,1,26925,13397,1,17609
41626,FOUND,1,20962,22539,1,17610
61770,NOT_FOUND,0,,,1,17611
41855,FOUND,1,27312,22561,1,17612
60783,FOUND,1,26931,13400,1,17613
41854,FOUND,1,27946,22562,1,17614
61774,NOT_FOUND,0,,,1,17615
42859,FOUND,1,21932,22569,1,17616
60784,FOUND,1,26932,13400,1,17617
41635,FOUND,1,20971,22541,1,17618
60785,FOUND,1,26933,13401,1,17619
43071,FOUND,1,22140,22605,1,17620
62028,NOT_FOUND,0,,,1,17621
43057,FOUND,1,22126,22597,1,17622
61772,NOT_FOUND,0,,,1,17623
43072,FOUND,1,22141,22598,1,17624
62031,NOT_FOUND,0,,,1,17625
41644,FOUND,1,20980,22546,1,17626
61778,NOT_FOUND,0,,,1,17627
41640,FOUND,1,20976,22544,1,17628
47880,NOT_FOUND,0,,,1,17629
60775,FOUND,1,28263,26410,1,17630
45177,FOUND,1,23823,17813,1,17631
61605,NOT_FOUND,0,,,1,17632
60855,FOUND,1,28387,13408,1,17633
61225,FOUND,1,29552,26566,1,17634
46855,FOUND,1,27409,13292,1,17635
61622,NOT_FOUND,0,,,1,17636
41426,FOUND,1,20765,12971,1,17637
61606,NOT_FOUND,0,,,1,17638
41772,FOUND,1,21107,13032,1,17639
60774,FOUND,1,28262,26410,1,17640
46841,FOUND,1,25096,13285,1,17641
61623,NOT_FOUND,0,,,1,17642
46839,FOUND,1,25094,13284,1,17643
62030,NOT_FOUND,0,,,1,17644
41774,FOUND,1,21109,12971,1,17645
61213,FOUND,1,29540,26560,1,17646
39479,FOUND,1,27767,12706,1,17647
61076,FOUND,1,29403,26495,1,17648
44123,FOUND,1,22896,13142,1,17649
61634,NOT_FOUND,0,,,1,17650
47888,NOT_FOUND,0,,,1,17651
41841,FOUND,1,21170,12996,1,17652
60648,FOUND,1,26834,26410,1,17653
41770,FOUND,1,21105,12706,1,17654
61624,NOT_FOUND,0,,,1,17655
41761,FOUND,1,21097,13028,1,17656
61618,NOT_FOUND,0,,,1,17657
39513,FOUND,1,27684,12714,1,17658
61619,NOT_FOUND,0,,,1,17659
46843,FOUND,1,25098,13287,1,17660
61607,NOT_FOUND,0,,,1,17661
39471,FOUND,1,19153,12701,1,17662
61610,NOT_FOUND,0,,,1,17663
42861,FOUND,1,21934,13067,1,17664
61620,NOT_FOUND,0,,,1,17665
39470,FOUND,1,27766,12700,1,17666
61635,NOT_FOUND,0,,,1,17667
39966,FOUND,1,19553,12870,1,17668
61390,FOUND,1,29714,26635,1,17669
39762,FOUND,1,19357,12792,1,17670
60921,FOUND,1,29274,26417,1,17671
39984,FOUND,1,19571,12847,1,17672
60920,FOUND,1,29273,26417,1,17673
39971,FOUND,1,19558,12871,1,17674
61392,FOUND,1,29716,26636,1,17675
39965,FOUND,1,19552,12868,1,17676
61380,FOUND,1,29590,26485,1,17677
39981,FOUND,1,19568,12848,1,17678
60926,FOUND,1,29279,26420,1,17679
39957,FOUND,1,19544,12861,1,17680
60934,FOUND,1,29287,26424,1,17681
39761,FOUND,1,27306,12789,1,17682
60937,FOUND,1,29290,26425,1,17683
39843,FOUND,1,19433,12831,1,17684
61391,FOUND,1,29715,26635,1,17685
39951,FOUND,1,19538,12861,1,17686
60935,FOUND,1,29288,26424,1,17687
31349,FOUND,1,12983,12460,1,17688
31343,FOUND,1,12978,12460,1,17689
31556,FOUND,1,27575,12494,1,17690
31359,FOUND,1,12991,12471,1,17691
42577,FOUND,1,21688,12494,1,17692
31701,FOUND,1,28302,12495,1,17693
31572,FOUND,1,28298,12504,1,17694
31555,FOUND,1,27574,12492,1,17695
31702,FOUND,1,28303,12459,1,17696
31342,FOUND,1,12977,12459,1,17697
31692,FOUND,1,13071,12506,1,17698
31569,FOUND,1,13065,12501,1,17699
31579,FOUND,1,13070,12501,1,17700
31560,FOUND,1,27579,12489,1,17701
31557,FOUND,1,27576,12495,1,17702
31017,FOUND,1,12876,12405,1,17703
31328,FOUND,1,12969,12455,1,17704
31018,FOUND,1,12877,12405,1,17705
31549,FOUND,1,13060,12489,1,17706
31553,FOUND,1,13062,12492,1,17707
31006,FOUND,1,12865,12390,1,17708
31341,FOUND,1,12976,12455,1,17709
31363,FOUND,1,12994,12469,1,17710
31370,FOUND,1,28285,12474,1,17711
31356,FOUND,1,12988,12469,1,17712
30997,FOUND,1,12856,12394,1,17713
31345,FOUND,1,12980,12461,1,17714
32393,FOUND,1,13135,12514,1,17715
30991,FOUND,1,12850,12390,1,17716
31574,FOUND,1,13066,12505,1,17717
31550,FOUND,1,28289,22450,1,17718
31551,FOUND,1,28290,12490,1,17719
31703,FOUND,1,13079,26410,1,17720
31344,FOUND,1,12979,12461,1,17721
39791,FOUND,1,19382,12798,1,17722
42578,FOUND,1,21689,12464,1,17723
41835,FOUND,1,21164,13023,1,17724
43774,FOUND,1,22786,13133,1,17725
44124,FOUND,1,22897,13137,1,17726
31566,FOUND,1,28293,12498,1,17727
39516,FOUND,1,19192,12716,1,17728
31565,FOUND,1,27581,12500,1,17729
32383,FOUND,1,28307,12533,1,17730
39579,FOUND,1,19253,12374,1,17731
31567,FOUND,1,28294,12500,1,17732
31707,FOUND,1,28304,12514,1,17733
31568,FOUND,1,28295,12497,1,17734
31563,FOUND,1,28291,12498,1,17735
31577,FOUND,1,13068,12508,1,17736
31008,FOUND,1,12867,12399,1,17737
30989,FOUND,1,12848,12388,1,17738
32381,FOUND,1,13125,12533,1,17739
31693,FOUND,1,13072,12508,1,17740
30995,FOUND,1,12854,12388,1,17741
30999,FOUND,1,12858,12394,1,17742
31562,FOUND,1,13064,12497,1,17743
31564,FOUND,1,28292,12499,1,17744
31552,FOUND,1,13061,12491,1,17745
31561,FOUND,1,27580,12491,1,17746
61482,FOUND,1,29838,26645,1,17747
61525,FOUND,1,29874,26645,1,17748
45462,FOUND,1,23998,25053,1,17749
61509,FOUND,1,29863,26645,1,17750
61476,FOUND,1,29832,26645,1,17751
61563,FOUND,1,29878,26645,1,17752
61494,FOUND,1,29850,26645,1,17753
61568,FOUND,1,29891,26645,1,17754
61523,FOUND,1,29872,26645,1,17755
61565,FOUND,1,29888,26645,1,17756
61567,FOUND,1,29890,26645,1,17757
61472,FOUND,1,29825,26645,1,17758
61566,FOUND,1,29889,26645,1,17759
61584,FOUND,1,29907,26645,1,17760
61469,FOUND,1,29824,26645,1,17761
61467,FOUND,1,29823,26645,1,17762
61572,FOUND,1,29895,26645,1,17763
61569,FOUND,1,29892,26645,1,17764
61583,FOUND,1,29906,26645,1,17765
61527,FOUND,1,29875,26645,1,17766
61463,FOUND,1,29819,26645,1,17767
61575,FOUND,1,29898,26645,1,17768
61514,FOUND,1,29867,26645,1,17769
61574,FOUND,1,29897,26645,1,17770
61582,FOUND,1,29905,26645,1,17771
61492,FOUND,1,29848,26645,1,17772
61524,FOUND,1,29873,26645,1,17773
61480,FOUND,1,29836,26645,1,17774
61573,FOUND,1,29896,26645,1,17775
61477,FOUND,1,29833,26645,1,17776
61571,FOUND,1,29894,26645,1,17777
61564,FOUND,1,29887,26645,1,17778
61550,FOUND,1,29921,16947,1,17779
61459,FOUND,1,29815,17007,1,17780
61517,FOUND,1,29881,17004,1,17781
16107,FOUND,1,3486,12157,1,17782
16115,FOUND,1,3494,12157,1,17783
13147,FOUND,1,639,12157,1,17784
13187,FOUND,1,679,12157,1,17785
16023,FOUND,1,3403,12157,1,17786
21367,FOUND,1,7351,23546,1,17787
33882,FOUND,1,14101,22946,1,17788
60368,FOUND,1,26692,26410,1,17789
16245,FOUND,1,3623,12157,1,17790
39091,FOUND,1,18850,17081,1,17791
15876,FOUND,1,3257,12157,1,17792
33053,FOUND,1,13426,17096,1,17793
47151,FOUND,1,25400,12157,1,17794
16546,FOUND,1,3903,12157,1,17795
33163,FOUND,1,13535,16985,1,17796
33033,FOUND,1,13406,17081,1,17797
26942,FOUND,1,11580,26410,1,17798
26997,FOUND,1,11635,26410,1,17799
26938,FOUND,1,11576,26410,1,17800
26959,FOUND,1,11597,26410,1,17801
63113,FOUND,1,30239,26684,2,17802
63111,FOUND,1,30243,26684,2,17804
63116,FOUND,1,30233,26684,2,17806
63038,FOUND,1,30097,26684,2,17808
63036,FOUND,1,30102,26684,2,17810
63023,FOUND,1,30118,26684,1,17812
63039,FOUND,1,30095,26684,2,17813
63037,FOUND,1,30100,26684,1,17815
63030,FOUND,1,30112,26684,2,17816
63040,FOUND,1,30093,26684,1,17818
63026,FOUND,1,30121,26684,2,17819
63031,FOUND,1,30111,26684,1,17821
63034,FOUND,1,30105,26684,1,17822
63029,FOUND,1,30114,26684,1,17823
20619,FOUND,1,6697,22925,1,17824
45638,FOUND,1,24168,12157,1,17825
47235,FOUND,1,28612,14566,1,17826
33137,FOUND,1,13510,17131,1,17827
47237,FOUND,1,28614,14572,1,17828
26469,FOUND,1,11112,16921,1,17829
45260,NOT_FOUND,0,,,2,17830
26740,FOUND,1,11378,16928,1,17832
45690,FOUND,1,27386,12157,1,17833
15621,FOUND,1,3003,12157,1,17834
16700,NOT_FOUND,0,,,2,17835
45261,NOT_FOUND,0,,,1,17837
45594,FOUND,1,24126,12157,1,17838
14704,FOUND,1,2142,12157,1,17839
45310,NOT_FOUND,0,,,1,17840
20638,FOUND,1,6716,22807,1,17841
16236,FOUND,1,3614,12157,1,17842
20507,FOUND,1,6590,12157,1,17843
15157,FOUND,1,2552,12157,1,17844
19950,FOUND,1,6135,12157,1,17845
15226,FOUND,1,2615,12157,1,17846
22287,FOUND,1,8237,12157,1,17847
16402,FOUND,1,3780,12157,1,17848
14518,FOUND,1,1963,12157,1,17849
16455,FOUND,1,3833,12157,1,17850
13923,FOUND,1,1380,12157,1,17851
14064,FOUND,1,1518,12157,1,17852
32907,NOT_FOUND,0,,,2,17853
13967,FOUND,1,1423,12157,1,17855
23556,FOUND,1,9435,12157,1,17856
47432,FOUND,1,25531,21882,1,17857
47478,FOUND,1,25569,21882,1,17858
47581,FOUND,1,25655,26410,1,17859
47649,NOT_FOUND,0,,,1,17860
47587,FOUND,1,25660,26410,1,17861
47599,FOUND,1,25672,26410,1,17862
47102,FOUND,1,25351,12157,1,17863
38508,FOUND,1,18334,26410,1,17864
38494,FOUND,1,18320,26410,1,17865
13367,FOUND,1,846,12157,1,17866
18050,FOUND,1,5119,22637,1,17867
38191,FOUND,1,18024,26410,1,17868
16087,FOUND,1,3466,12157,1,17869
36334,FOUND,1,16430,24252,1,17870
46720,FOUND,1,24977,26410,1,17871
47127,FOUND,1,25376,12157,1,17872
26736,FOUND,1,11374,26410,1,17873
46731,FOUND,1,24988,12157,1,17874
18285,NOT_FOUND,0,,,2,17875
36493,FOUND,1,16589,24162,1,17877
45266,NOT_FOUND,0,,,2,17878
26045,FOUND,1,10742,24152,1,17880
38514,FOUND,1,18340,26410,1,17881
38511,FOUND,1,18337,26410,1,17882
15811,FOUND,1,3193,12157,1,17883
16048,FOUND,1,3428,12157,1,17884
26395,FOUND,1,11038,24278,1,17885
22610,FOUND,1,8555,12157,1,17886
40672,FOUND,1,20132,24919,1,17887
13380,FOUND,1,859,12157,1,17888
15975,FOUND,1,3355,12157,1,17889
14182,FOUND,1,1635,12157,1,17890
12771,FOUND,1,279,12157,1,17891
36517,FOUND,1,16613,24170,1,17892
19531,FOUND,1,5787,22901,1,17893
46551,FOUND,1,24819,12157,1,17894
24032,FOUND,1,9895,12157,1,17895
17634,FOUND,1,4802,20528,1,17896
13727,FOUND,1,1204,12157,1,17897
14120,FOUND,1,1573,12157,1,17898
44896,FOUND,1,23584,25679,1,17899
17024,FOUND,1,4313,24153,1,17900
17829,FOUND,1,4927,24158,1,17901
16149,FOUND,1,3528,12157,1,17902
60665,FOUND,1,26849,24396,1,17903
32852,FOUND,1,13299,17036,1,17904
33138,FOUND,1,13511,17096,1,17905
36800,FOUND,1,27131,25742,1,17906
13085,FOUND,1,579,12157,1,17907
17175,FOUND,1,4431,12157,1,17908
15852,FOUND,1,3233,12157,1,17909
36510,FOUND,1,16606,24166,1,17910
16135,FOUND,1,3514,12157,1,17911
20177,FOUND,1,6298,23190,1,17912
46756,FOUND,1,25013,12157,1,17913
63126,FOUND,1,30213,26684,1,17914
63130,FOUND,1,30205,26684,2,17915
63128,FOUND,1,30209,26684,1,17917
63127,FOUND,1,30211,26684,2,17918
63124,FOUND,1,30217,26684,1,17920
63123,FOUND,1,30219,26684,1,17921
63125,FOUND,1,30215,26684,2,17922
63129,FOUND,1,30207,26684,1,17924
63121,FOUND,1,30223,26684,1,17925
63119,FOUND,1,30227,26684,1,17926
63120,FOUND,1,30225,26684,2,17927
63118,FOUND,1,30229,26684,2,17929
63115,FOUND,1,30234,26684,1,17931
63117,FOUND,1,30231,26684,1,17932
63114,FOUND,1,30236,26684,2,17933
63122,FOUND,1,30221,26684,2,17935
63112,FOUND,1,30241,26684,2,17937
61490,FOUND,1,29846,26645,1,17939
61499,FOUND,1,29855,26645,1,17940
61559,FOUND,1,29947,16897,1,17941
61488,FOUND,1,29844,26645,1,17942
61585,FOUND,1,29933,14895,1,17943
61532,FOUND,1,29909,26662,1,17944
61557,FOUND,1,29928,26663,1,17945
61561,FOUND,1,29931,14692,1,17946
61531,FOUND,1,29908,14878,1,17947
61556,FOUND,1,29927,14695,1,17948
61529,FOUND,1,29886,26661,1,17949
61468,FOUND,1,29826,14885,1,17950
61484,FOUND,1,29840,16839,1,17951
61470,FOUND,1,29827,14883,1,17952
61487,FOUND,1,29841,16839,1,17953
61540,FOUND,1,29914,16981,1,17954
61587,FOUND,1,29935,17008,1,17955
61551,FOUND,1,29922,17003,1,17956
61590,FOUND,1,29938,16990,1,17957
61586,FOUND,1,29934,17012,1,17958
61548,FOUND,1,29920,17002,1,17959
61474,FOUND,1,29830,14737,1,17960
61588,FOUND,1,29936,17134,1,17961
61560,FOUND,1,29930,16837,1,17962
61518,FOUND,1,29941,16963,1,17963
61464,FOUND,1,29820,17363,1,17964
61535,FOUND,1,29911,16405,1,17965
61528,FOUND,1,29885,14880,1,17966
61544,FOUND,1,29915,16903,1,17967
61520,FOUND,1,29870,26645,1,17968
61502,FOUND,1,29858,26645,1,17969
61478,FOUND,1,29834,26645,1,17970
61526,FOUND,1,29884,14891,1,17971
61555,FOUND,1,29926,14869,1,17972
61541,FOUND,1,29943,16991,1,17973
61465,FOUND,1,29821,14990,1,17974
61471,FOUND,1,29828,14700,1,17975
61461,FOUND,1,29817,26659,1,17976
61558,FOUND,1,29929,14903,1,17977
61530,FOUND,1,29940,17360,1,17978
61516,FOUND,1,29869,26645,1,17979
61536,FOUND,1,29876,26645,1,17980
61479,FOUND,1,29835,26645,1,17981
61483,FOUND,1,29839,16925,1,17982
61552,FOUND,1,29923,16945,1,17983
61533,FOUND,1,29910,17017,1,17984
61534,FOUND,1,29942,14943,1,17985
61466,FOUND,1,29822,26660,1,17986
61486,FOUND,1,29843,26645,1,17987
61562,FOUND,1,29932,16834,1,17988
61500,FOUND,1,29856,26645,1,17989
47687,NOT_FOUND,0,,,1,17990
61495,FOUND,1,29851,26645,1,17991
61511,FOUND,1,29865,26645,1,17992
61498,FOUND,1,29854,26645,1,17993
61504,FOUND,1,29860,26645,1,17994
61481,FOUND,1,29837,26645,1,17995
61591,FOUND,1,29939,16979,1,17996
61522,FOUND,1,29883,17006,1,17997
61462,FOUND,1,29818,17003,1,17998
61579,FOUND,1,29902,26645,1,17999
61576,FOUND,1,29899,26645,1,18000
61545,FOUND,1,29917,16989,1,18001
61510,FOUND,1,29864,26645,1,18002
61513,FOUND,1,29866,26645,1,18003
61497,FOUND,1,29853,26645,1,18004
32524,FOUND,1,13198,16992,1,18005
32507,FOUND,1,13181,16983,1,18006
32518,FOUND,1,13192,16992,1,18007
32552,FOUND,1,13226,17010,1,18008
32531,FOUND,1,13205,17001,1,18009
32547,FOUND,1,13221,17004,1,18010
32548,FOUND,1,13222,17008,1,18011
32551,FOUND,1,13225,17010,1,18012
32519,FOUND,1,13193,16986,1,18013
32517,FOUND,1,13191,16991,1,18014
32554,FOUND,1,13228,17008,1,18015
32511,FOUND,1,13185,16986,1,18016
32535,FOUND,1,13209,17004,1,18017
32546,FOUND,1,13220,16991,1,18018
32553,FOUND,1,13227,17011,1,18019
61546,FOUND,1,29918,16980,1,18020
61493,FOUND,1,29849,26645,1,18021
61580,FOUND,1,29903,26645,1,18022
61521,FOUND,1,29871,26645,1,18023
47707,NOT_FOUND,0,,,1,18024
61491,FOUND,1,29847,26645,1,18025
61501,FOUND,1,29857,26645,1,18026
61581,FOUND,1,29904,26645,1,18027
61578,FOUND,1,29901,26645,1,18028
61489,FOUND,1,29845,26645,1,18029
45514,FOUND,1,24049,25082,1,18030
45520,FOUND,1,24055,25085,1,18031
61515,FOUND,1,29868,26645,1,18032
61505,FOUND,1,29861,26645,1,18033
61577,FOUND,1,29900,26645,1,18034
61570,FOUND,1,29893,26645,1,18035
61485,FOUND,1,29842,26645,1,18036
61537,FOUND,1,29877,26645,1,18037
45518,FOUND,1,24053,25084,1,18038
45508,FOUND,1,24044,25079,1,18039
45519,FOUND,1,24054,25084,1,18040
63279,FOUND,1,30377,26684,2,18041
45515,FOUND,1,24050,25082,1,18042
45516,FOUND,1,24051,25083,1,18043
45524,FOUND,1,24059,25087,1,18044
45522,FOUND,1,24057,25086,1,18045
45526,FOUND,1,24061,25088,1,18046
45512,FOUND,1,24047,25081,1,18047
45513,FOUND,1,24048,25081,1,18048
45457,FOUND,1,23993,25051,1,18049
45441,FOUND,1,23977,25043,1,18050
45442,FOUND,1,23978,25043,1,18051
45444,FOUND,1,23980,25044,1,18052
45428,FOUND,1,23964,25036,1,18053
45427,FOUND,1,23963,25036,1,18054
45429,FOUND,1,23965,25037,1,18055
45424,FOUND,1,23960,25034,1,18056
45426,FOUND,1,23962,25035,1,18057
45425,FOUND,1,23961,25035,1,18058
45507,FOUND,1,24043,25079,1,18059
45523,FOUND,1,24058,25086,1,18060
45525,FOUND,1,24060,25087,1,18061
45521,FOUND,1,24056,25085,1,18062
45461,FOUND,1,23997,25053,1,18063
45469,FOUND,1,24005,25057,1,18064
45527,FOUND,1,24062,25089,1,18065
45477,FOUND,1,24013,25060,1,18066
45478,FOUND,1,24014,25060,1,18067
45460,FOUND,1,23996,25052,1,18068
45470,FOUND,1,24006,25057,1,18069
45468,FOUND,1,24004,25056,1,18070
45458,FOUND,1,23994,25051,1,18071
45456,FOUND,1,23992,25050,1,18072
45480,FOUND,1,24016,25062,1,18073
45463,FOUND,1,23999,25054,1,18074
45479,FOUND,1,24015,25061,1,18075
45482,FOUND,1,24018,25065,1,18076
61055,FOUND,1,29380,26481,1,18077
61048,FOUND,1,29373,26474,1,18078
28252,FOUND,1,12629,12382,1,18079
61049,FOUND,1,29374,26475,1,18080
61052,FOUND,1,29377,26478,1,18081
61037,FOUND,1,29362,26463,1,18082
61044,FOUND,1,29369,26470,1,18083
61038,FOUND,1,29363,26464,1,18084
61043,FOUND,1,29368,26469,1,18085
61046,FOUND,1,29371,26472,1,18086
61056,FOUND,1,29381,26482,1,18087
42868,FOUND,1,21941,26410,1,18088
45552,FOUND,1,24087,13151,1,18089
45554,FOUND,1,24089,13151,1,18090
42867,FOUND,1,21940,26410,1,18091
42866,FOUND,1,21939,26410,1,18092
42873,FOUND,1,21946,26410,1,18093
42880,FOUND,1,21953,26410,1,18094
42879,FOUND,1,21952,26410,1,18095
42870,FOUND,1,21943,26410,1,18096
42872,FOUND,1,21945,26410,1,18097
42884,FOUND,1,21957,26410,1,18098
42885,FOUND,1,21958,26410,1,18099
42883,FOUND,1,21956,26410,1,18100
42869,FOUND,1,21942,26410,1,18101
42871,FOUND,1,21944,26410,1,18102
42881,FOUND,1,21954,26410,1,18103
42874,FOUND,1,21947,26410,1,18104
42865,FOUND,1,21938,26410,1,18105
42886,FOUND,1,21959,26410,1,18106
42882,FOUND,1,21955,26410,1,18107
45557,FOUND,1,24092,13152,1,18108
45553,FOUND,1,24088,13152,1,18109
45555,FOUND,1,24090,13153,1,18110
42875,FOUND,1,21948,26410,1,18111
42876,FOUND,1,21949,26410,1,18112
45556,FOUND,1,24091,13153,1,18113
42878,FOUND,1,21951,26410,1,18114
42877,FOUND,1,21950,26410,1,18115
45550,FOUND,1,24085,12543,1,18116
45551,FOUND,1,24086,26410,1,18117
61430,NOT_FOUND,0,,,1,18118
61429,NOT_FOUND,0,,,1,18119
61325,FOUND,1,29669,26612,1,18120
61431,NOT_FOUND,0,,,1,18121
61329,FOUND,1,29673,26614,1,18122
61323,FOUND,1,29667,26611,1,18123
61409,NOT_FOUND,0,,,1,18124
61324,FOUND,1,29668,26612,1,18125
61321,FOUND,1,29665,26610,1,18126
61326,FOUND,1,29670,26613,1,18127
61338,FOUND,1,29682,26619,1,18128
61322,FOUND,1,29666,26611,1,18129
61039,FOUND,1,29364,26465,1,18130
61337,FOUND,1,29681,26618,1,18131
61443,NOT_FOUND,0,,,1,18132
61042,FOUND,1,29367,26468,1,18133
61054,FOUND,1,29379,26480,1,18134
61041,FOUND,1,29366,26467,1,18135
37295,FOUND,1,17192,13717,1,18136
37291,FOUND,1,17188,13713,1,18137
37293,FOUND,1,17190,13715,1,18138
38387,FOUND,1,18217,13751,1,18139
38388,FOUND,1,18218,13751,1,18140
38395,FOUND,1,18225,13755,1,18141
38394,FOUND,1,18224,13755,1,18142
37292,FOUND,1,17189,13714,1,18143
61059,FOUND,1,29384,26485,1,18144
61057,FOUND,1,29382,26483,1,18145
61060,FOUND,1,29385,26486,1,18146
61040,FOUND,1,29365,26466,1,18147
61045,FOUND,1,29370,26471,1,18148
61036,FOUND,1,29361,26462,1,18149
61058,FOUND,1,29383,26484,1,18150
63308,FOUND,1,30332,26684,2,18151
61051,FOUND,1,29376,26477,1,18152
61047,FOUND,1,29372,26473,1,18153
61035,FOUND,1,29360,26461,1,18154
61050,FOUND,1,29375,26476,1,18155
61053,FOUND,1,29378,26479,1,18156
45499,FOUND,1,24035,25075,1,18157
45496,FOUND,1,24032,25073,1,18158
45454,FOUND,1,23990,25049,1,18159
45529,FOUND,1,24064,25115,1,18160
45434,FOUND,1,23970,25039,1,18161
45498,FOUND,1,24034,25074,1,18162
45497,FOUND,1,24033,25074,1,18163
45433,FOUND,1,23969,25039,1,18164
45505,FOUND,1,24041,25078,1,18165
45517,FOUND,1,24052,25083,1,18166
45503,FOUND,1,24039,25077,1,18167
45506,FOUND,1,24042,25078,1,18168
61448,NOT_FOUND,0,,,1,18169
61436,NOT_FOUND,0,,,1,18170
61286,FOUND,1,29598,26578,1,18171
61361,FOUND,1,29705,26631,1,18172
61157,FOUND,1,29468,26530,1,18173
61442,NOT_FOUND,0,,,1,18174
61426,NOT_FOUND,0,,,1,18175
61150,FOUND,1,29484,26534,1,18176
61160,FOUND,1,29491,26536,1,18177
61444,NOT_FOUND,0,,,1,18178
61439,NOT_FOUND,0,,,1,18179
61247,FOUND,1,29596,26578,1,18180
47293,FOUND,1,28653,14591,1,18181
47283,FOUND,1,25413,26410,1,18182
47281,FOUND,1,28648,14586,1,18183
37302,FOUND,1,17199,13724,1,18184
37297,FOUND,1,17194,13719,1,18185
37308,FOUND,1,17205,13729,1,18186
61437,NOT_FOUND,0,,,1,18187
61434,NOT_FOUND,0,,,1,18188
61440,NOT_FOUND,0,,,1,18189
61362,FOUND,1,29602,26578,1,18190
61330,FOUND,1,29674,26615,1,18191
40073,FOUND,1,19656,26410,1,18192
61360,FOUND,1,29704,26631,1,18193
61441,NOT_FOUND,0,,,1,18194
61363,FOUND,1,29603,26578,1,18195
61446,NOT_FOUND,0,,,1,18196
61336,FOUND,1,29680,26618,1,18197
61332,FOUND,1,29676,26616,1,18198
61334,FOUND,1,29678,26617,1,18199
61438,NOT_FOUND,0,,,1,18200
61331,FOUND,1,29675,26615,1,18201
61335,FOUND,1,29679,26617,1,18202
61339,FOUND,1,29683,26620,1,18203
61333,FOUND,1,29677,26616,1,18204
39456,FOUND,1,19143,12689,1,18205
61317,FOUND,1,29661,26608,1,18206
33319,FOUND,1,13643,12601,1,18207
61310,FOUND,1,29654,26604,1,18208
33320,FOUND,1,13644,12601,1,18209
61307,FOUND,1,29651,26603,1,18210
33340,FOUND,1,13664,12614,1,18211
61345,FOUND,1,29689,26623,1,18212
61308,FOUND,1,29652,26603,1,18213
33333,FOUND,1,13657,12610,1,18214
61312,FOUND,1,29656,26605,1,18215
31102,NOT_FOUND,0,,,1,18216
61314,FOUND,1,29658,26606,1,18217
31238,NOT_FOUND,0,,,1,18218
61316,FOUND,1,29660,26607,1,18219
33303,FOUND,1,13627,12593,1,18220
61347,FOUND,1,29691,26624,1,18221
33306,FOUND,1,13630,12594,1,18222
61355,FOUND,1,29699,26628,1,18223
33308,FOUND,1,13632,12595,1,18224
61356,FOUND,1,29700,26628,1,18225
39332,NOT_FOUND,0,,,1,18226
61299,FOUND,1,29643,26599,1,18227
39335,NOT_FOUND,0,,,1,18228
61413,NOT_FOUND,0,,,1,18229
33293,FOUND,1,13617,12588,1,18230
61359,FOUND,1,29703,26630,1,18231
34029,FOUND,1,14197,26410,1,18232
61411,NOT_FOUND,0,,,1,18233
34028,FOUND,1,14196,26410,1,18234
61352,FOUND,1,29696,26626,1,18235
34019,FOUND,1,14187,26410,1,18236
61342,FOUND,1,29686,26621,1,18237
34020,FOUND,1,14188,26410,1,18238
61351,FOUND,1,29695,26626,1,18239
33295,FOUND,1,13619,12589,1,18240
61417,NOT_FOUND,0,,,1,18241
34018,FOUND,1,14186,26410,1,18242
61291,FOUND,1,29635,26595,1,18243
33296,FOUND,1,13620,12589,1,18244
61294,FOUND,1,29638,26596,1,18245
33316,FOUND,1,13640,12599,1,18246
61416,NOT_FOUND,0,,,1,18247
33315,FOUND,1,13639,12599,1,18248
61292,FOUND,1,29636,26595,1,18249
33302,FOUND,1,13626,12592,1,18250
61418,NOT_FOUND,0,,,1,18251
33317,FOUND,1,13641,12600,1,18252
61298,FOUND,1,29642,26598,1,18253
34021,FOUND,1,14189,26410,1,18254
61305,FOUND,1,29649,26602,1,18255
34015,FOUND,1,14183,26410,1,18256
61427,NOT_FOUND,0,,,1,18257
47689,NOT_FOUND,0,,,1,18258
34025,FOUND,1,14193,26410,1,18259
61306,FOUND,1,29650,26602,1,18260
31106,NOT_FOUND,0,,,1,18261
61428,NOT_FOUND,0,,,1,18262
31108,NOT_FOUND,0,,,1,18263
61432,NOT_FOUND,0,,,1,18264
34024,FOUND,1,14192,26410,1,18265
61452,NOT_FOUND,0,,,1,18266
33332,FOUND,1,13656,12610,1,18267
61433,NOT_FOUND,0,,,1,18268
44116,FOUND,1,22889,13136,1,18269
61447,NOT_FOUND,0,,,1,18270
42406,FOUND,1,27994,13043,1,18271
61454,NOT_FOUND,0,,,1,18272
31705,FOUND,1,13081,12513,1,18273
61453,NOT_FOUND,0,,,1,18274
31704,FOUND,1,13080,26410,1,18275
61327,FOUND,1,29671,26613,1,18276
31699,FOUND,1,13077,12512,1,18277
61425,NOT_FOUND,0,,,1,18278
32398,FOUND,1,13140,12536,1,18279
61458,NOT_FOUND,0,,,1,18280
31573,FOUND,1,28299,12504,1,18281
47685,NOT_FOUND,0,,,1,18282
61311,FOUND,1,29655,26605,1,18283
31700,FOUND,1,13078,12513,1,18284
61309,FOUND,1,29653,26604,1,18285
44118,FOUND,1,22891,13138,1,18286
61319,FOUND,1,29663,26609,1,18287
31544,FOUND,1,13056,12481,1,18288
61320,FOUND,1,29664,26609,1,18289
32382,FOUND,1,13126,12534,1,18290
61348,FOUND,1,29692,26624,1,18291
31314,FOUND,1,28265,12448,1,18292
61422,NOT_FOUND,0,,,1,18293
31698,FOUND,1,28301,12512,1,18294
61328,FOUND,1,29672,26614,1,18295
32408,FOUND,1,13150,12542,1,18296
61313,FOUND,1,29657,26606,1,18297
31385,FOUND,1,13002,12484,1,18298
61341,FOUND,1,29685,26621,1,18299
31381,FOUND,1,27571,12480,1,18300
61318,FOUND,1,29662,26608,1,18301
31382,FOUND,1,27572,12481,1,18302
61315,FOUND,1,29659,26607,1,18303
31375,FOUND,1,27567,12477,1,18304
61421,NOT_FOUND,0,,,1,18305
31388,FOUND,1,13005,12484,1,18306
61410,NOT_FOUND,0,,,1,18307
31347,FOUND,1,28280,12463,1,18308
61340,FOUND,1,29684,26620,1,18309
31542,FOUND,1,13054,12482,1,18310
31378,FOUND,1,27568,12478,1,18311
31346,FOUND,1,12981,12462,1,18312
31706,FOUND,1,13082,12499,1,18313
31376,FOUND,1,12999,12477,1,18314
32384,FOUND,1,27588,12534,1,18315
31350,FOUND,1,28281,12462,1,18316
31351,FOUND,1,28282,12465,1,18317
31380,FOUND,1,27570,12478,1,18318
32391,FOUND,1,13133,12510,1,18319
31387,FOUND,1,13004,12485,1,18320
31013,FOUND,1,12872,12402,1,18321
47855,NOT_FOUND,0,,,1,18322
31316,FOUND,1,27560,12449,1,18323
31317,FOUND,1,27561,12449,1,18324
31337,FOUND,1,12972,12457,1,18325
31011,FOUND,1,12870,12402,1,18326
31353,FOUND,1,12985,12466,1,18327
31335,FOUND,1,12970,12457,1,18328
31383,FOUND,1,13000,12482,1,18329
31025,FOUND,1,12884,12387,1,18330
31334,FOUND,1,28279,12454,1,18331
31708,FOUND,1,13083,12515,1,18332
31004,FOUND,1,12863,12397,1,18333
30988,FOUND,1,12847,12387,1,18334
31696,FOUND,1,13075,12510,1,18335
32392,FOUND,1,13134,12511,1,18336
31023,FOUND,1,12882,12408,1,18337
31021,FOUND,1,12880,12406,1,18338
30992,FOUND,1,12851,12389,1,18339
32379,FOUND,1,27587,12488,1,18340
47856,NOT_FOUND,0,,,1,18341
31697,FOUND,1,13076,12511,1,18342
32386,FOUND,1,13128,12536,1,18343
30990,FOUND,1,12849,12389,1,18344
32378,FOUND,1,28306,12532,1,18345
31355,FOUND,1,12987,12468,1,18346
31543,FOUND,1,13055,12486,1,18347
31367,FOUND,1,28283,12468,1,18348
31313,FOUND,1,28264,12447,1,18349
31022,FOUND,1,12881,12407,1,18350
31322,FOUND,1,28269,12452,1,18351
31026,FOUND,1,12885,12392,1,18352
30987,FOUND,1,12846,12386,1,18353
31020,FOUND,1,12879,12407,1,18354
30998,FOUND,1,12857,12386,1,18355
31320,FOUND,1,28267,12452,1,18356
31012,FOUND,1,12871,12403,1,18357
31332,FOUND,1,28277,12403,1,18358
47887,NOT_FOUND,0,,,1,18359
31331,FOUND,1,28276,12450,1,18360
31027,FOUND,1,12886,12408,1,18361
31548,FOUND,1,28288,12488,1,18362
32374,FOUND,1,13122,12529,1,18363
31318,FOUND,1,27562,12450,1,18364
31559,FOUND,1,27578,12496,1,18365
31330,FOUND,1,28275,12453,1,18366
31323,FOUND,1,28270,12391,1,18367
31321,FOUND,1,28268,12453,1,18368
32407,FOUND,1,13149,12539,1,18369
30993,FOUND,1,12852,12391,1,18370
31554,FOUND,1,13063,12493,1,18371
33334,FOUND,1,13658,12611,1,18372
34014,FOUND,1,14182,26410,1,18373
39331,NOT_FOUND,0,,,1,18374
33330,FOUND,1,13654,12609,1,18375
39330,NOT_FOUND,0,,,1,18376
39333,NOT_FOUND,0,,,1,18377
34027,FOUND,1,14195,26410,1,18378
34026,FOUND,1,14194,26410,1,18379
34016,FOUND,1,14184,26410,1,18380
34017,FOUND,1,14185,26410,1,18381
31114,NOT_FOUND,0,,,1,18382
31113,NOT_FOUND,0,,,1,18383
33304,FOUND,1,13628,12593,1,18384
39334,NOT_FOUND,0,,,1,18385
41834,FOUND,1,21163,12794,1,18386
42560,FOUND,1,21672,22567,1,18387
32389,FOUND,1,13131,12532,1,18388
31558,FOUND,1,27577,12496,1,18389
32376,FOUND,1,28305,12531,1,18390
32380,FOUND,1,13124,12529,1,18391
32385,FOUND,1,13127,12535,1,18392
31575,FOUND,1,28300,12506,1,18393
31578,FOUND,1,13069,12507,1,18394
31576,FOUND,1,13067,12507,1,18395
31362,FOUND,1,12993,26410,1,18396
31366,FOUND,1,27564,12467,1,18397
31361,FOUND,1,12992,12470,1,18398
31386,FOUND,1,13003,12483,1,18399
31019,FOUND,1,12878,12406,1,18400
31354,FOUND,1,12986,12467,1,18401
31357,FOUND,1,12989,12470,1,18402
31541,FOUND,1,13053,12479,1,18403
31369,FOUND,1,28284,12473,1,18404
31379,FOUND,1,27569,12479,1,18405
31368,FOUND,1,27565,12473,1,18406
31364,FOUND,1,12995,12466,1,18407
31390,FOUND,1,13007,12480,1,18408
20646,FOUND,1,6724,22869,1,18409
18084,FOUND,1,5153,22669,1,18410
19530,FOUND,1,5786,22924,1,18411
19741,FOUND,1,5952,22945,1,18412
42258,FOUND,1,21461,24874,1,18413
42005,FOUND,1,29040,24872,1,18414
42259,FOUND,1,21462,24874,1,18415
42011,FOUND,1,27337,24872,1,18416
36361,FOUND,1,16457,24220,1,18417
59325,NOT_FOUND,0,,,1,18418
41025,FOUND,1,20368,12969,1,18419
60343,FOUND,1,26679,13370,1,18420
28263,FOUND,1,12636,12384,1,18421
61106,FOUND,1,29422,26506,1,18422
63266,FOUND,1,30357,26684,2,18423
61105,FOUND,1,29420,26506,1,18425
63311,FOUND,1,30327,26684,2,18426
28258,FOUND,1,12635,12383,1,18428
63305,FOUND,1,30338,26684,2,18429
63268,FOUND,1,30360,26684,2,18431
63314,FOUND,1,30322,26684,2,18433
63267,FOUND,1,30359,26684,2,18435
60788,FOUND,1,26936,13402,1,18437
60479,FOUND,1,26714,13387,1,18438
47884,NOT_FOUND,0,,,1,18439
60478,FOUND,1,26713,13386,1,18440
46848,FOUND,1,25103,13289,1,18441
46844,FOUND,1,25099,13288,1,18442
46856,FOUND,1,28356,13293,1,18443
46857,FOUND,1,25108,13293,1,18444
46252,FOUND,1,24560,13182,1,18445
46367,FOUND,1,24668,13244,1,18446
46158,FOUND,1,24485,13167,1,18447
46159,FOUND,1,24486,13167,1,18448
46245,FOUND,1,28101,13180,1,18449
46151,FOUND,1,24478,13163,1,18450
47312,FOUND,1,25426,13294,1,18451
46849,FOUND,1,25104,13291,1,18452
46354,FOUND,1,24655,13237,1,18453
46155,FOUND,1,24482,13161,1,18454
46154,FOUND,1,24481,13164,1,18455
47324,FOUND,1,25438,13236,1,18456
46152,FOUND,1,24479,13164,1,18457
46147,FOUND,1,24474,13161,1,18458
13200,FOUND,1,692,12157,1,18459
28256,FOUND,1,12633,12385,1,18461
40794,FOUND,1,28962,24448,1,18462
59670,FOUND,1,26264,26410,1,18464
63277,FOUND,1,30375,26684,2,18465
63278,FOUND,1,30376,26684,2,18467
13201,FOUND,1,693,12157,1,18469
60789,FOUND,1,26937,13395,1,18470
28257,FOUND,1,12634,12385,1,18471
63281,FOUND,1,30379,26684,2,18472
63313,FOUND,1,30324,26684,2,18474
63315,FOUND,1,30321,26684,2,18476
63280,FOUND,1,30378,26684,2,18478
42008,FOUND,1,27336,24873,1,18480
36507,FOUND,1,16603,24246,1,18481
36505,FOUND,1,16601,24245,1,18482
17366,FOUND,1,4575,24221,1,18483
59307,NOT_FOUND,0,,,1,18484
63316,FOUND,1,30320,26684,2,18486
28253,FOUND,1,12630,12383,1,18488
63271,FOUND,1,30365,26684,2,18489
46382,FOUND,1,24673,13247,1,18491
46669,FOUND,1,24936,13272,1,18492
37186,FOUND,1,17093,12644,1,18493
60348,FOUND,1,29259,13373,1,18494
60360,FOUND,1,26691,13377,1,18495
46372,FOUND,1,28106,13246,1,18496
60234,FOUND,1,26605,13354,1,18497
60358,FOUND,1,27439,13377,1,18498
46150,FOUND,1,24477,13162,1,18499
46392,FOUND,1,24682,12641,1,18500
60193,FOUND,1,26567,13334,1,18501
60190,FOUND,1,26564,13333,1,18502
46156,FOUND,1,24483,13165,1,18503
32919,FOUND,1,13332,12378,1,18504
46448,FOUND,1,27407,13277,1,18505
60356,FOUND,1,26690,13375,1,18506
46436,FOUND,1,24718,13279,1,18507
60198,FOUND,1,28382,13337,1,18508
60281,FOUND,1,28200,13362,1,18509
46371,FOUND,1,28105,13245,1,18510
60191,FOUND,1,26565,13333,1,18511
60357,FOUND,1,27438,13376,1,18512
60441,FOUND,1,26704,13382,1,18513
60340,FOUND,1,26676,13367,1,18514
60596,FOUND,1,28384,13390,1,18515
46515,FOUND,1,24783,13283,1,18516
60338,FOUND,1,26674,13367,1,18517
46437,FOUND,1,24719,13253,1,18518
46513,FOUND,1,24781,13254,1,18519
17050,FOUND,1,4337,12379,1,18520
46145,FOUND,1,24472,13154,1,18521
46391,FOUND,1,24681,13251,1,18522
46388,FOUND,1,24678,13251,1,18523
47832,NOT_FOUND,0,,,1,18524
60595,FOUND,1,28383,13390,1,18525
60162,FOUND,1,28361,13321,1,18526
60225,FOUND,1,26596,13350,1,18527
46518,FOUND,1,24786,13283,1,18528
60354,FOUND,1,26688,13375,1,18529
60271,FOUND,1,28191,13358,1,18530
59197,FOUND,1,25901,12951,1,18531
46160,FOUND,1,24487,13168,1,18532
37181,FOUND,1,17088,12641,1,18533
46435,FOUND,1,24717,13278,1,18534
46516,FOUND,1,24784,13257,1,18535
46385,FOUND,1,24675,13249,1,18536
46442,FOUND,1,27403,13278,1,18537
46444,FOUND,1,24721,13282,1,18538
46397,FOUND,1,28122,13257,1,18539
46441,FOUND,1,27402,13276,1,18540
46514,FOUND,1,24782,13256,1,18541
46148,FOUND,1,24475,12642,1,18542
47835,NOT_FOUND,0,,,1,18543
46519,FOUND,1,24787,13259,1,18544
46216,FOUND,1,24540,13172,1,18545
37183,FOUND,1,17090,12640,1,18546
46439,FOUND,1,27400,12544,1,18547
46457,FOUND,1,28353,13275,1,18548
46447,FOUND,1,27406,13282,1,18549
17049,FOUND,1,4336,12378,1,18550
46389,FOUND,1,24679,13252,1,18551
46440,FOUND,1,27401,13279,1,18552
60227,FOUND,1,26598,13351,1,18553
60150,FOUND,1,29250,13313,1,18554
46161,FOUND,1,24488,13166,1,18555
46393,FOUND,1,24683,13254,1,18556
60232,FOUND,1,26603,13353,1,18557
46394,FOUND,1,24684,13255,1,18558
60272,FOUND,1,28192,13358,1,18559
46390,FOUND,1,24680,13253,1,18560
60228,FOUND,1,26599,13351,1,18561
60239,FOUND,1,26610,13245,1,18562
60199,FOUND,1,26572,13337,1,18563
60201,FOUND,1,26574,13338,1,18564
60238,FOUND,1,26609,13356,1,18565
46157,FOUND,1,24484,13166,1,18566
60200,FOUND,1,26573,13338,1,18567
60192,FOUND,1,26566,13334,1,18568
60351,FOUND,1,26685,13374,1,18569
60353,FOUND,1,26687,13374,1,18570
46434,FOUND,1,27398,13277,1,18571
60341,FOUND,1,26677,13369,1,18572
17741,FOUND,1,4889,24915,1,18573
26328,FOUND,1,10973,12157,1,18574
36489,FOUND,1,16585,24248,1,18575
14345,FOUND,1,1790,12157,1,18576
14413,FOUND,1,1858,12157,1,18577
16921,FOUND,1,4232,24917,1,18578
42004,FOUND,1,27334,24873,1,18579
59328,NOT_FOUND,0,,,1,18580
47358,FOUND,1,25471,26410,1,18581
47833,NOT_FOUND,0,,,1,18582
47364,FOUND,1,28130,26410,1,18583
47743,NOT_FOUND,0,,,1,18584
47825,NOT_FOUND,0,,,1,18585
47363,FOUND,1,25476,26410,1,18586
47722,NOT_FOUND,0,,,1,18587
47359,FOUND,1,25472,26410,1,18588
47676,NOT_FOUND,0,,,1,18589
47723,NOT_FOUND,0,,,1,18590
47756,NOT_FOUND,0,,,1,18591
47652,NOT_FOUND,0,,,1,18592
47726,NOT_FOUND,0,,,1,18593
47374,FOUND,1,25482,26410,1,18594
47658,NOT_FOUND,0,,,1,18595
47653,NOT_FOUND,0,,,1,18596
47340,FOUND,1,25454,26410,1,18597
47336,FOUND,1,25450,26410,1,18598
47368,FOUND,1,28132,26410,1,18599
47354,FOUND,1,25467,26410,1,18600
47883,NOT_FOUND,0,,,1,18601
47350,FOUND,1,25463,26410,1,18602
47651,NOT_FOUND,0,,,1,18603
47332,FOUND,1,25446,26410,1,18604
47328,FOUND,1,25442,26410,1,18605
47663,NOT_FOUND,0,,,1,18606
47659,NOT_FOUND,0,,,1,18607
47654,NOT_FOUND,0,,,1,18608
47656,NOT_FOUND,0,,,1,18609
47661,NOT_FOUND,0,,,1,18610
47877,NOT_FOUND,0,,,1,18611
47862,NOT_FOUND,0,,,1,18612
47869,NOT_FOUND,0,,,1,18613
47861,NOT_FOUND,0,,,1,18614
47365,FOUND,1,28131,26410,1,18615
47667,NOT_FOUND,0,,,1,18616
47355,FOUND,1,25468,26410,1,18617
47876,NOT_FOUND,0,,,1,18618
47868,NOT_FOUND,0,,,1,18619
47854,NOT_FOUND,0,,,1,18620
47857,NOT_FOUND,0,,,1,18621
47698,NOT_FOUND,0,,,1,18622
47701,NOT_FOUND,0,,,1,18623
47692,NOT_FOUND,0,,,1,18624
47684,NOT_FOUND,0,,,1,18625
47688,NOT_FOUND,0,,,1,18626
47681,NOT_FOUND,0,,,1,18627
47680,NOT_FOUND,0,,,1,18628
47699,NOT_FOUND,0,,,1,18629
47700,NOT_FOUND,0,,,1,18630
47709,NOT_FOUND,0,,,1,18631
47697,NOT_FOUND,0,,,1,18632
47690,NOT_FOUND,0,,,1,18633
47360,FOUND,1,25473,26410,1,18634
47662,NOT_FOUND,0,,,1,18635
47366,FOUND,1,25477,26410,1,18636
47356,FOUND,1,25469,26410,1,18637
47351,FOUND,1,25464,26410,1,18638
47713,NOT_FOUND,0,,,1,18639
47708,NOT_FOUND,0,,,1,18640
47850,NOT_FOUND,0,,,1,18641
47841,NOT_FOUND,0,,,1,18642
47849,NOT_FOUND,0,,,1,18643
47838,NOT_FOUND,0,,,1,18644
47843,NOT_FOUND,0,,,1,18645
47824,NOT_FOUND,0,,,1,18646
47678,NOT_FOUND,0,,,1,18647
47840,NOT_FOUND,0,,,1,18648
47839,NOT_FOUND,0,,,1,18649
47837,NOT_FOUND,0,,,1,18650
47693,NOT_FOUND,0,,,1,18651
47848,NOT_FOUND,0,,,1,18652
47842,NOT_FOUND,0,,,1,18653
47844,NOT_FOUND,0,,,1,18654
47886,NOT_FOUND,0,,,1,18655
47885,NOT_FOUND,0,,,1,18656
47874,NOT_FOUND,0,,,1,18657
47871,NOT_FOUND,0,,,1,18658
47873,NOT_FOUND,0,,,1,18659
47870,NOT_FOUND,0,,,1,18660
47872,NOT_FOUND,0,,,1,18661
19575,NOT_FOUND,0,,,1,18662
60908,FOUND,1,27052,12369,1,18663
45724,FOUND,1,24227,26410,1,18664
47822,NOT_FOUND,0,,,1,18665
47670,NOT_FOUND,0,,,1,18666
47819,NOT_FOUND,0,,,1,18667
47836,NOT_FOUND,0,,,1,18668
47827,NOT_FOUND,0,,,1,18669
47820,NOT_FOUND,0,,,1,18670
47851,NOT_FOUND,0,,,1,18671
47867,NOT_FOUND,0,,,1,18672
47852,NOT_FOUND,0,,,1,18673
47853,NOT_FOUND,0,,,1,18674
47860,NOT_FOUND,0,,,1,18675
47864,NOT_FOUND,0,,,1,18676
47858,NOT_FOUND,0,,,1,18677
47691,NOT_FOUND,0,,,1,18678
47694,NOT_FOUND,0,,,1,18679
47823,NOT_FOUND,0,,,1,18680
47826,NOT_FOUND,0,,,1,18681
47830,NOT_FOUND,0,,,1,18682
47682,NOT_FOUND,0,,,1,18683
47846,NOT_FOUND,0,,,1,18684
47828,NOT_FOUND,0,,,1,18685
47847,NOT_FOUND,0,,,1,18686
47665,NOT_FOUND,0,,,1,18687
47859,NOT_FOUND,0,,,1,18688
47683,NOT_FOUND,0,,,1,18689
60906,FOUND,1,27050,12373,1,18690
60888,FOUND,1,27032,12369,1,18691
60907,FOUND,1,27051,12373,1,18692
60905,FOUND,1,27049,12371,1,18693
60901,FOUND,1,27045,12365,1,18694
60902,FOUND,1,27046,12371,1,18695
60887,FOUND,1,27031,12368,1,18696
60881,FOUND,1,27025,12363,1,18697
60890,FOUND,1,27034,12367,1,18698
60885,FOUND,1,27029,12366,1,18699
60889,FOUND,1,27033,12368,1,18700
60891,FOUND,1,27035,12366,1,18701
60886,FOUND,1,27030,12367,1,18702
60898,FOUND,1,27042,12363,1,18703
60882,FOUND,1,27026,12364,1,18704
60894,FOUND,1,27038,12370,1,18705
60892,FOUND,1,27036,12362,1,18706
60893,FOUND,1,27037,12361,1,18707
60883,FOUND,1,27027,12364,1,18708
60884,FOUND,1,27028,12365,1,18709
60877,FOUND,1,27021,12361,1,18710
60880,FOUND,1,27024,12362,1,18711
60895,FOUND,1,27039,12370,1,18712
60872,FOUND,1,27016,12358,1,18713
60873,FOUND,1,27017,12358,1,18714
60871,FOUND,1,27015,12357,1,18715
60876,FOUND,1,27020,12357,1,18716
60875,FOUND,1,27019,12360,1,18717
60879,FOUND,1,27023,12360,1,18718
60878,FOUND,1,27022,12359,1,18719
60874,FOUND,1,27018,12359,1,18720
60904,FOUND,1,27048,12372,1,18721
60903,FOUND,1,27047,12372,1,18722
60897,FOUND,1,27041,21909,1,18723
60899,FOUND,1,27043,21912,1,18724
60900,FOUND,1,27044,21891,1,18725
47647,FOUND,1,25720,21953,1,18726
47648,FOUND,1,25721,21953,1,18727
60896,FOUND,1,27040,21950,1,18728
47304,FOUND,1,25423,21855,1,18729
47310,FOUND,1,25425,21855,1,18730
47309,FOUND,1,25424,21857,1,18731
47307,FOUND,1,28126,21852,1,18732
47306,FOUND,1,28405,21856,1,18733
47308,FOUND,1,28127,21856,1,18734
59265,NOT_FOUND,0,,,1,18735
59478,FOUND,1,28488,22206,2,18736
47964,FOUND,1,25827,22035,1,18737
59465,FOUND,1,28479,22198,2,18738
16045,FOUND,1,3425,12157,1,18740
26846,FOUND,1,11484,12157,1,18741
33044,FOUND,1,13417,17090,1,18742
16278,FOUND,1,3656,12157,1,18743
16174,FOUND,1,3552,12157,1,18744
45604,FOUND,1,24136,12157,1,18745
16416,FOUND,1,3794,12157,1,18746
33101,FOUND,1,13474,17116,1,18747
33041,FOUND,1,13414,17057,1,18749
32724,FOUND,1,13285,17027,1,18750
32727,FOUND,1,13288,17027,1,18751
32722,FOUND,1,13284,26410,1,18752
47141,FOUND,1,25390,12157,1,18753
33023,FOUND,1,13396,14678,1,18754
47748,FOUND,1,25736,21958,1,18755
16026,FOUND,1,3406,12157,1,18756
32998,FOUND,1,13371,17061,1,18757
33009,FOUND,1,13382,17061,1,18758
33092,FOUND,1,13465,17063,1,18759
33000,FOUND,1,13373,17063,1,18760
33128,FOUND,1,13501,17125,1,18761
12776,FOUND,1,284,12157,1,18762
13209,FOUND,1,701,12157,1,18763
33113,FOUND,1,13486,17125,1,18764
33203,FOUND,1,28796,16995,1,18765
33026,FOUND,1,13399,17079,1,18766
33052,FOUND,1,13425,17079,1,18767
33019,FOUND,1,13392,17076,1,18768
33048,FOUND,1,13421,17076,1,18769
33020,FOUND,1,13393,17077,1,18770
33200,FOUND,1,28793,17035,1,18771
45366,NOT_FOUND,0,,,1,18772
33161,FOUND,1,13533,17137,1,18773
33075,FOUND,1,13448,17107,1,18774
33198,FOUND,1,28791,17149,1,18775
33201,FOUND,1,28794,17149,1,18776
33170,FOUND,1,13542,17051,1,18777
42588,FOUND,1,21698,12157,1,18778
33174,FOUND,1,28770,17107,1,18779
33176,FOUND,1,28772,17137,1,18780
33089,FOUND,1,13462,17113,1,18781
47101,FOUND,1,25350,12157,1,18782
16460,FOUND,1,3838,12157,1,18783
13067,FOUND,1,561,12157,1,18784
16414,FOUND,1,3792,12157,1,18785
15840,FOUND,1,3221,12157,1,18786
33212,FOUND,1,28805,17088,1,18787
33184,FOUND,1,28779,17140,1,18788
33028,FOUND,1,13401,17040,1,18789
33166,FOUND,1,13538,17140,1,18790
33215,FOUND,1,28808,17108,1,18791
33077,FOUND,1,13450,17108,1,18792
32882,FOUND,1,28768,17040,1,18793
33042,FOUND,1,13415,17088,1,18794
32410,FOUND,1,13152,16972,1,18795
45371,NOT_FOUND,0,,,1,18796
16374,FOUND,1,3752,12157,1,18797
32411,FOUND,1,13153,16972,1,18798
32412,FOUND,1,13154,16973,1,18799
32856,FOUND,1,27593,17032,1,18800
33076,FOUND,1,13449,17033,1,18801
32414,FOUND,1,13156,16974,1,18802
32409,FOUND,1,13151,16914,1,18803
26315,FOUND,1,10960,16912,1,18804
26333,FOUND,1,10978,16915,1,18805
33194,FOUND,1,28788,16915,1,18806
33056,FOUND,1,13429,16912,1,18807
26324,FOUND,1,10969,16914,1,18808
32413,FOUND,1,13155,16974,1,18809
33190,FOUND,1,28784,17145,1,18810
33199,FOUND,1,28792,17141,1,18811
33175,FOUND,1,28771,17082,1,18812
33051,FOUND,1,13424,17095,1,18813
39092,FOUND,1,18851,17095,1,18814
33034,FOUND,1,13407,17082,1,18815
33088,FOUND,1,13461,17112,1,18816
33094,FOUND,1,13467,17112,1,18817
33095,FOUND,1,13468,17089,1,18818
33043,FOUND,1,13416,17089,1,18819
33096,FOUND,1,13469,17115,1,18820
33099,FOUND,1,13472,17115,1,18821
33050,FOUND,1,13423,17094,1,18822
33123,FOUND,1,13496,17094,1,18823
32855,FOUND,1,27592,17037,1,18824
32854,FOUND,1,28765,17037,1,18825
32712,FOUND,1,13274,17020,1,18826
32853,FOUND,1,27591,17020,1,18827
32851,FOUND,1,13298,17036,1,18828
33022,FOUND,1,13395,17078,1,18829
33018,FOUND,1,13391,17075,1,18830
15681,FOUND,1,3063,12157,1,18832
16243,FOUND,1,3621,12157,1,18833
13374,FOUND,1,853,12157,1,18834
33167,FOUND,1,13539,17141,1,18835
33178,FOUND,1,28774,17145,1,18836
16201,FOUND,1,3579,12157,1,18837
26606,FOUND,1,11248,26410,1,18838
26408,FOUND,1,11051,26410,1,18839
16217,FOUND,1,3595,12157,1,18840
16736,FOUND,1,4063,11384,1,18841
14910,FOUND,1,2334,11277,1,18842
27184,FOUND,1,11821,11443,1,18843
13135,FOUND,1,629,12157,1,18844
14264,FOUND,1,1710,12157,1,18845
31476,FOUND,1,13030,11688,1,18846
31478,FOUND,1,27573,11596,1,18847
26555,FOUND,1,11197,11596,1,18848
13522,FOUND,1,1000,11252,1,18849
17293,FOUND,1,4525,11254,1,18850
13525,FOUND,1,1003,11254,1,18851
13533,FOUND,1,1011,11252,1,18852
25990,FOUND,1,10688,11249,1,18853
14863,FOUND,1,2291,11325,1,18854
14796,FOUND,1,2227,11325,1,18855
14837,FOUND,1,2265,11344,1,18856
17163,FOUND,1,4421,11324,1,18857
14795,FOUND,1,2226,11324,1,18858
14940,FOUND,1,2361,11329,1,18859
14808,FOUND,1,2238,11329,1,18860
14939,FOUND,1,2360,11384,1,18861
14600,FOUND,1,2044,11272,1,18862
23639,FOUND,1,9516,12157,1,18863
15529,FOUND,1,2911,12157,1,18864
16764,FOUND,1,4090,11443,1,18865
26703,FOUND,1,11341,11624,1,18866
26704,FOUND,1,11342,11624,1,18867
14990,FOUND,1,2408,11403,1,18868
14978,FOUND,1,2397,11397,1,18869
14976,FOUND,1,2395,11396,1,18870
26669,FOUND,1,11308,11396,1,18871
16978,FOUND,1,4276,11451,1,18872
27193,FOUND,1,11830,11451,1,18873
16757,FOUND,1,4083,11430,1,18874
15815,FOUND,1,3197,11430,1,18875
14890,FOUND,1,2315,11367,1,18876
14909,FOUND,1,2333,11367,1,18877
26882,FOUND,1,11520,11644,1,18878
16750,FOUND,1,4076,11441,1,18879
27046,FOUND,1,11684,11644,1,18880
23703,FOUND,1,9580,12157,1,18881
16977,FOUND,1,4275,11444,1,18882
27179,FOUND,1,11816,12157,1,18883
15059,FOUND,1,2467,11412,1,18884
15058,FOUND,1,2466,11411,1,18885
16687,FOUND,1,4018,11412,1,18886
59295,FOUND,1,25966,22115,1,18887
15814,FOUND,1,3196,11429,1,18888
15107,FOUND,1,2508,11364,1,18889
14887,FOUND,1,2312,11364,1,18890
15073,FOUND,1,2480,11413,1,18891
26507,FOUND,1,11150,11394,1,18892
26511,FOUND,1,11154,11584,1,18893
26514,FOUND,1,11157,11586,1,18894
14973,FOUND,1,2392,11394,1,18895
26501,FOUND,1,11144,11584,1,18896
14944,FOUND,1,2365,11385,1,18897
26513,FOUND,1,11156,11586,1,18898
16748,FOUND,1,4074,11439,1,18899
16758,FOUND,1,4084,11442,1,18900
15801,FOUND,1,3183,11424,1,18901
16698,FOUND,1,4028,11439,1,18902
59311,FOUND,1,25978,22122,1,18903
16746,FOUND,1,4072,11440,1,18904
16753,FOUND,1,4079,11442,1,18905
15831,FOUND,1,3212,11424,1,18906
14723,FOUND,1,2160,11287,1,18907
14701,FOUND,1,2141,11298,1,18908
14607,FOUND,1,2051,11274,1,18909
26685,FOUND,1,11324,11289,1,18910
14859,FOUND,1,2287,11357,1,18911
26648,FOUND,1,11288,11614,1,18912
26744,FOUND,1,11382,11614,1,18913
26702,FOUND,1,11340,11357,1,18914
14666,FOUND,1,2107,11289,1,18915
26623,FOUND,1,11263,11274,1,18916
26743,FOUND,1,11381,11406,1,18917
26654,FOUND,1,11293,11388,1,18918
26883,FOUND,1,11521,11399,1,18919
59308,FOUND,1,25976,22122,1,18920
14980,FOUND,1,2399,11399,1,18921
14951,FOUND,1,2371,11388,1,18922
14995,FOUND,1,2413,11406,1,18923
26747,FOUND,1,11385,11628,1,18924
14654,FOUND,1,2096,11287,1,18925
14860,FOUND,1,2288,11294,1,18926
14886,FOUND,1,2311,11298,1,18927
14687,FOUND,1,2127,11294,1,18928
14946,FOUND,1,2367,11298,1,18929
14698,FOUND,1,2138,11294,1,18930
26684,FOUND,1,11323,11293,1,18931
14674,FOUND,1,2115,11291,1,18932
14682,FOUND,1,2122,11293,1,18933
14699,FOUND,1,2139,11297,1,18934
14714,FOUND,1,2151,11291,1,18935
26657,FOUND,1,11296,11615,1,18936
14823,FOUND,1,2251,11293,1,18937
14884,FOUND,1,2309,11363,1,18938
14672,FOUND,1,2113,11290,1,18939
14768,FOUND,1,2200,11313,1,18940
14780,FOUND,1,2212,11319,1,18941
26754,FOUND,1,11392,11319,1,18942
26738,FOUND,1,11376,11313,1,18943
26737,FOUND,1,11375,11290,1,18944
26687,FOUND,1,11326,11363,1,18945
26698,FOUND,1,11336,11453,1,18946
26781,FOUND,1,11419,11297,1,18947
26651,FOUND,1,11290,11297,1,18948
15824,FOUND,1,3205,11433,1,18949
15809,FOUND,1,3191,11428,1,18950
17453,FOUND,1,4636,11428,1,18951
14985,FOUND,1,2404,11401,1,18952
16888,FOUND,1,4201,11401,1,18953
15820,FOUND,1,3202,11304,1,18954
14740,FOUND,1,2172,11304,1,18955
14924,FOUND,1,2346,11302,1,18956
14733,FOUND,1,2168,11302,1,18957
14927,FOUND,1,2348,11380,1,18958
14993,FOUND,1,2411,11380,1,18959
14715,FOUND,1,2152,11301,1,18960
16923,FOUND,1,4234,11301,1,18961
14703,NOT_FOUND,0,,,1,18962
16940,NOT_FOUND,0,,,1,18963
15792,FOUND,1,3174,11402,1,18964
15790,FOUND,1,3172,11420,1,18965
14830,FOUND,1,2258,11340,1,18966
14987,FOUND,1,2406,11340,1,18967
15827,FOUND,1,3208,11317,1,18968
14986,FOUND,1,2405,11402,1,18969
26780,FOUND,1,11418,11282,1,18970
59294,FOUND,1,25965,22115,1,18971
26625,FOUND,1,11265,11609,1,18972
26639,FOUND,1,11279,11334,1,18973
14895,FOUND,1,2320,11369,1,18974
14824,FOUND,1,2252,11334,1,18975
26784,FOUND,1,11422,11609,1,18976
14639,FOUND,1,2081,11282,1,18977
14996,FOUND,1,2414,11407,1,18978
26892,FOUND,1,11530,11646,1,18979
26664,FOUND,1,11303,11616,1,18980
15002,FOUND,1,2420,11410,1,18981
26640,FOUND,1,11280,11410,1,18982
26663,FOUND,1,11302,11616,1,18983
26924,FOUND,1,11562,11646,1,18984
26893,FOUND,1,11531,11407,1,18985
14656,FOUND,1,2098,11288,1,18986
26746,FOUND,1,11384,11627,1,18987
12826,FOUND,1,332,11236,1,18988
14916,FOUND,1,2339,11288,1,18989
59338,FOUND,1,25996,22123,1,18990
47775,FOUND,1,25755,21976,1,18991
59154,FOUND,1,25865,22039,1,18992
59117,FOUND,1,25833,26410,1,18993
47804,FOUND,1,28435,21992,1,18994
47803,FOUND,1,25765,21990,1,18995
47959,FOUND,1,25822,21929,1,18996
47767,FOUND,1,25747,21970,1,18997
47801,FOUND,1,28433,21990,1,18998
59118,FOUND,1,28450,22039,1,18999
47772,FOUND,1,25752,21969,1,19000
47777,FOUND,1,25757,21977,1,19001
47766,FOUND,1,25746,21969,1,19002
59116,FOUND,1,28449,21988,1,19003
47776,FOUND,1,25756,21970,1,19004
47960,FOUND,1,25823,21928,1,19005
47802,FOUND,1,28434,21991,1,19006
47784,FOUND,1,27419,21981,1,19007
47786,FOUND,1,27420,21982,1,19008
47785,FOUND,1,28420,21977,1,19009
59134,FOUND,1,25849,22049,1,19010
47760,FOUND,1,25740,21963,1,19011
47769,FOUND,1,25749,21972,1,19012
47782,FOUND,1,25762,21979,1,19013
59153,FOUND,1,25864,21979,1,19014
59139,FOUND,1,25853,21963,1,19015
59133,FOUND,1,25848,21965,1,19016
47780,FOUND,1,25760,26410,1,19017
59132,FOUND,1,25847,22043,1,19018
59122,FOUND,1,25837,22043,1,19019
47770,FOUND,1,25750,21973,1,19020
47779,FOUND,1,25759,21972,1,19021
47762,FOUND,1,25742,21965,1,19022
47768,FOUND,1,25748,21971,1,19023
59124,FOUND,1,25839,22044,1,19024
59123,FOUND,1,25838,22044,1,19025
59149,FOUND,1,25861,22040,1,19026
59119,FOUND,1,25834,22040,1,19027
47778,FOUND,1,25758,21978,1,19028
59129,FOUND,1,25844,21978,1,19029
59152,FOUND,1,25863,21973,1,19030
47747,FOUND,1,25735,21959,1,19031
47815,FOUND,1,28443,22000,1,19032
47955,FOUND,1,25818,22032,1,19033
47734,FOUND,1,25730,21960,1,19034
47750,FOUND,1,25738,21955,1,19035
47961,FOUND,1,25824,22034,1,19036
47736,FOUND,1,25731,21960,1,19037
47712,FOUND,1,25728,21959,1,19038
47816,FOUND,1,28444,22000,1,19039
59138,FOUND,1,28451,22050,1,19040
47764,FOUND,1,25744,21967,1,19041
47765,FOUND,1,25745,21968,1,19042
47957,FOUND,1,25820,22032,1,19043
47710,FOUND,1,25726,21957,1,19044
47704,FOUND,1,25724,21955,1,19045
47749,FOUND,1,25737,21957,1,19046
47954,FOUND,1,25817,22031,1,19047
59158,FOUND,1,25869,21999,1,19048
47962,FOUND,1,25825,22035,1,19049
47963,FOUND,1,25826,22034,1,19050
47969,FOUND,1,25832,22036,1,19051
59156,FOUND,1,25867,22053,1,19052
47771,FOUND,1,25751,21974,1,19053
47967,FOUND,1,25830,22037,1,19054
47968,FOUND,1,25831,22037,1,19055
59136,FOUND,1,25851,21966,1,19056
47794,FOUND,1,28428,21985,1,19057
47703,FOUND,1,25723,21954,1,19058
47705,FOUND,1,25725,21956,1,19059
47714,FOUND,1,25729,21956,1,19060
47763,FOUND,1,25743,21966,1,19061
47793,FOUND,1,28427,21985,1,19062
59126,FOUND,1,25841,22046,1,19063
47792,FOUND,1,28426,21974,1,19064
47966,FOUND,1,25829,21922,1,19065
59128,FOUND,1,25843,22046,1,19066
47761,FOUND,1,25741,21964,1,19067
47965,FOUND,1,25828,22036,1,19068
47745,FOUND,1,25734,21954,1,19069
59159,FOUND,1,25870,21980,1,19070
47951,FOUND,1,25814,22030,1,19071
47738,FOUND,1,25733,21961,1,19072
47953,FOUND,1,25816,22030,1,19073
47958,FOUND,1,25821,22033,1,19074
47818,FOUND,1,25767,22001,1,19075
47952,FOUND,1,25815,22031,1,19076
59113,FOUND,1,28446,22038,1,19077
47814,FOUND,1,28442,21967,1,19078
59114,FOUND,1,28447,22038,1,19079
59115,FOUND,1,28448,21981,1,19080
47737,FOUND,1,25732,21961,1,19081
47711,FOUND,1,25727,21958,1,19082
47774,FOUND,1,25754,21975,1,19083
47773,FOUND,1,25753,21975,1,19084
47956,FOUND,1,25819,22033,1,19085
47817,FOUND,1,28445,22001,1,19086
47796,FOUND,1,28429,21987,1,19087
47813,FOUND,1,28441,21999,1,19088
59142,FOUND,1,25856,21971,1,19089
59130,FOUND,1,25845,22041,1,19090
59120,FOUND,1,25835,22041,1,19091
47759,FOUND,1,25739,21962,1,19092
59141,FOUND,1,25855,22042,1,19093
59131,FOUND,1,25846,22048,1,19094
59121,FOUND,1,25836,22042,1,19095
59140,FOUND,1,25854,22051,1,19096
59157,FOUND,1,25868,22047,1,19097
59127,FOUND,1,25842,22047,1,19098
59155,FOUND,1,25866,22052,1,19099
59135,FOUND,1,25850,21983,1,19100
59125,FOUND,1,25840,22045,1,19101
59137,FOUND,1,25852,22045,1,19102
59345,FOUND,1,26003,22135,1,19103
59340,FOUND,1,25998,22133,1,19104
59341,FOUND,1,25999,22134,1,19105
59214,FOUND,1,25906,22082,1,19106
59344,FOUND,1,26002,22082,1,19107
59342,FOUND,1,26000,22134,1,19108
59343,FOUND,1,26001,22133,1,19109
59360,FOUND,1,26017,22119,2,19110
59357,FOUND,1,26014,22125,2,19113
59323,FOUND,1,25985,22127,1,19114
59359,FOUND,1,26016,22143,2,19115
47807,FOUND,1,25766,21995,1,19116
47805,FOUND,1,28436,21993,1,19117
47795,FOUND,1,25763,21986,1,19118
59182,FOUND,1,25890,22061,1,19119
59186,FOUND,1,25893,22055,1,19120
59165,FOUND,1,25876,21996,1,19121
59162,FOUND,1,25873,22055,1,19122
59178,FOUND,1,25887,22061,1,19123
59160,FOUND,1,25871,21986,1,19124
47788,FOUND,1,28422,21984,1,19125
47790,FOUND,1,28424,21984,1,19126
59185,FOUND,1,25892,21849,1,19127
46370,FOUND,1,28104,21846,1,19128
46376,FOUND,1,24671,21849,1,19129
47789,FOUND,1,28423,21836,1,19131
47787,FOUND,1,28421,21983,1,19132
59170,FOUND,1,25881,22057,1,19133
59176,FOUND,1,25885,22059,1,19134
59169,FOUND,1,25880,21838,1,19135
59173,FOUND,1,28149,21848,1,19136
47800,FOUND,1,25764,21846,1,19137
46374,FOUND,1,28108,21837,1,19138
59166,FOUND,1,25877,22057,1,19139
59171,FOUND,1,25882,22059,1,19140
26854,FOUND,1,11492,21838,1,19141
46375,FOUND,1,28402,21848,1,19142
47799,FOUND,1,28432,21989,1,19143
59161,FOUND,1,25872,22054,1,19144
59163,FOUND,1,25874,22056,1,19145
59168,FOUND,1,25879,22058,1,19146
59174,FOUND,1,25883,22058,1,19147
59164,FOUND,1,25875,22056,1,19148
59175,FOUND,1,25884,22054,1,19149
59167,FOUND,1,25878,21989,1,19150
59184,FOUND,1,25891,22063,1,19151
59183,FOUND,1,28453,22063,1,19152
59172,FOUND,1,28148,22060,1,19153
59177,FOUND,1,25886,22060,1,19154
59283,FOUND,1,25957,22109,1,19155
59179,FOUND,1,25888,22062,1,19156
46378,FOUND,1,28117,21851,1,19157
59187,FOUND,1,25894,21851,1,19158
59181,FOUND,1,25889,21850,1,19159
45057,FOUND,1,28401,21835,1,19160
26851,FOUND,1,11489,21835,1,19161
46373,FOUND,1,28107,21847,1,19162
46377,FOUND,1,28116,21850,1,19163
59180,FOUND,1,28452,21847,1,19164
26853,FOUND,1,11491,21837,1,19165
59244,FOUND,1,25936,22101,1,19166
59242,FOUND,1,25934,22099,1,19167
59264,FOUND,1,25953,22107,1,19168
59215,FOUND,1,25907,22081,1,19169
59213,FOUND,1,25905,22081,1,19170
59270,FOUND,1,25954,22107,1,19171
59263,FOUND,1,25952,22099,1,19172
59261,FOUND,1,25951,22101,1,19173
59224,FOUND,1,25916,22090,1,19174
59225,FOUND,1,25917,22091,1,19175
59277,FOUND,1,25956,22095,1,19176
59258,FOUND,1,25950,22093,1,19177
59335,FOUND,1,25993,22109,1,19178
59310,FOUND,1,25977,22123,1,19179
59226,FOUND,1,25918,22090,1,19180
59229,FOUND,1,25921,22091,1,19181
59232,FOUND,1,25924,22095,1,19182
59228,FOUND,1,25920,22093,1,19183
59286,FOUND,1,25960,22111,1,19184
59297,FOUND,1,25967,22116,1,19185
59285,FOUND,1,25959,22100,1,19186
59315,FOUND,1,25980,22121,1,19187
59234,FOUND,1,25926,22096,1,19188
59217,FOUND,1,25909,22084,1,19189
59236,FOUND,1,25928,22085,1,19190
59235,FOUND,1,25927,22097,1,19191
59246,FOUND,1,25938,22096,1,19192
59240,FOUND,1,25932,22084,1,19193
59218,FOUND,1,25910,22085,1,19194
59241,FOUND,1,25933,22097,1,19195
59292,FOUND,1,25964,22111,1,19196
59316,FOUND,1,25981,22116,1,19197
59243,FOUND,1,25935,22100,1,19198
59306,FOUND,1,25975,22121,1,19199
59346,FOUND,1,26004,22136,1,19200
59301,FOUND,1,25970,22106,1,19201
59251,FOUND,1,25943,22105,1,19202
59247,FOUND,1,25939,22103,1,19203
59255,FOUND,1,25947,22092,1,19204
59220,FOUND,1,25912,22087,1,19205
59256,FOUND,1,25948,22098,1,19206
59216,FOUND,1,25908,22083,1,19207
59257,FOUND,1,25949,22083,1,19208
47341,FOUND,1,25455,26410,1,19209
47333,FOUND,1,25447,26410,1,19210
59347,FOUND,1,26005,22136,1,19211
47337,FOUND,1,25451,26410,1,19212
47346,FOUND,1,25460,26410,1,19213
47344,FOUND,1,25458,26410,1,19214
47362,FOUND,1,25475,26410,1,19215
47367,NOT_FOUND,0,,,1,19216
47668,NOT_FOUND,0,,,1,19217
47664,NOT_FOUND,0,,,1,19218
47357,FOUND,1,25470,26410,1,19219
47329,FOUND,1,25443,26410,1,19220
47352,FOUND,1,25465,26410,1,19221
47373,FOUND,1,25481,26410,1,19222
47657,NOT_FOUND,0,,,1,19223
47669,NOT_FOUND,0,,,1,19224
47361,FOUND,1,25474,26410,1,19225
47369,FOUND,1,28133,26410,1,19226
47740,NOT_FOUND,0,,,1,19227
47757,NOT_FOUND,0,,,1,19228
47752,NOT_FOUND,0,,,1,19229
47742,NOT_FOUND,0,,,1,19230
47724,NOT_FOUND,0,,,1,19231
47753,NOT_FOUND,0,,,1,19232
47741,NOT_FOUND,0,,,1,19233
47716,NOT_FOUND,0,,,1,19234
59253,FOUND,1,25945,22106,1,19235
59252,FOUND,1,25944,22105,1,19236
59248,FOUND,1,25940,22103,1,19237
59250,FOUND,1,25942,22102,1,19238
47809,FOUND,1,28437,21997,1,19239
47811,FOUND,1,28439,21998,1,19240
59249,FOUND,1,25941,22104,1,19241
59254,FOUND,1,25946,22104,1,19242
47812,FOUND,1,28440,21998,1,19243
59245,FOUND,1,25937,22102,1,19244
59237,FOUND,1,25929,22098,1,19245
59239,FOUND,1,25931,22087,1,19246
59227,FOUND,1,25919,22092,1,19247
59219,FOUND,1,25911,22086,1,19248
59222,FOUND,1,25914,22088,1,19249
59223,FOUND,1,25915,22089,1,19250
59238,FOUND,1,25930,22094,1,19251
59230,FOUND,1,25922,22094,1,19252
59233,FOUND,1,25925,22089,1,19253
59231,FOUND,1,25923,22088,1,19254
59221,FOUND,1,25913,22086,1,19255
47746,NOT_FOUND,0,,,1,19256
47593,FOUND,1,25666,26410,1,19257
59272,NOT_FOUND,0,,,1,19258
59293,NOT_FOUND,0,,,1,19259
59266,NOT_FOUND,0,,,1,19260
59268,NOT_FOUND,0,,,1,19261
59296,NOT_FOUND,0,,,1,19262
59278,NOT_FOUND,0,,,1,19263
47338,FOUND,1,25452,26410,1,19264
47675,NOT_FOUND,0,,,1,19265
47677,NOT_FOUND,0,,,1,19266
47671,NOT_FOUND,0,,,1,19267
47330,FOUND,1,25444,26410,1,19268
47334,FOUND,1,25448,26410,1,19269
33890,FOUND,1,14107,23708,1,19270
47326,FOUND,1,25440,26410,1,19271
47655,NOT_FOUND,0,,,1,19272
47569,FOUND,1,25644,26410,1,19273
47727,NOT_FOUND,0,,,1,19274
47720,NOT_FOUND,0,,,1,19275
47754,NOT_FOUND,0,,,1,19276
47335,FOUND,1,25449,26410,1,19277
47331,FOUND,1,25445,26410,1,19278
47342,FOUND,1,25456,26410,1,19279
47674,NOT_FOUND,0,,,1,19280
47348,FOUND,1,25462,26410,1,19281
47327,FOUND,1,25441,26410,1,19282
47666,NOT_FOUND,0,,,1,19283
47339,FOUND,1,25453,26410,1,19284
13257,FOUND,1,742,12157,1,19285
16975,FOUND,1,4273,12157,1,19286
13121,FOUND,1,615,12157,1,19287
16806,FOUND,1,4127,12157,1,19288
12980,FOUND,1,475,12157,1,19289
27663,FOUND,1,12300,26324,1,19290
13765,FOUND,1,1242,12157,1,19291
27672,FOUND,1,12309,26328,1,19292
12953,FOUND,1,453,12157,1,19293
13328,FOUND,1,813,12157,1,19294
17600,FOUND,1,4772,12157,1,19295
23474,FOUND,1,9361,12157,1,19296
17989,FOUND,1,5061,26331,1,19297
42625,FOUND,1,21732,12157,1,19298
13287,FOUND,1,772,12157,1,19299
19951,FOUND,1,6136,12157,1,19300
27063,FOUND,1,11701,26330,1,19301
14033,FOUND,1,1488,12157,1,19302
27038,FOUND,1,11676,26308,1,19303
15327,FOUND,1,2711,12157,1,19304
21460,FOUND,1,7443,23530,1,19305
21067,FOUND,1,7058,23525,1,19306
19385,FOUND,1,5778,22685,1,19307
19391,FOUND,1,5783,22652,1,19308
21400,FOUND,1,7384,22865,1,19309
21374,FOUND,1,7358,23550,1,19310
21112,FOUND,1,7101,23527,1,19311
39132,FOUND,1,18889,23728,1,19312
21057,FOUND,1,7048,23517,1,19313
19845,FOUND,1,6032,22675,1,19314
21479,FOUND,1,7462,23550,1,19315
21636,FOUND,1,7618,23572,1,19316
21589,FOUND,1,7571,23572,1,19317
19305,FOUND,1,5700,22865,1,19318
19914,FOUND,1,6099,23107,1,19319
21433,FOUND,1,7416,23560,1,19320
21489,FOUND,1,7472,23567,1,19321
21451,FOUND,1,7434,23547,1,19322
21368,FOUND,1,7352,23547,1,19323
21581,FOUND,1,7563,23570,1,19324
21508,FOUND,1,7491,23569,1,19325
21069,FOUND,1,7060,22790,1,19326
21464,FOUND,1,7447,23567,1,19327
21624,FOUND,1,7606,23571,1,19328
21583,FOUND,1,7565,23571,1,19329
21577,FOUND,1,7559,23570,1,19330
13196,FOUND,1,688,12157,1,19331
59383,FOUND,1,26038,24420,1,19332
13732,FOUND,1,1209,12157,1,19333
13317,FOUND,1,802,12157,1,19334
25830,FOUND,1,10531,24313,1,19335
44500,FOUND,1,23196,24424,1,19336
31921,FOUND,1,27585,24436,1,19337
15889,FOUND,1,3269,12157,1,19338
59439,FOUND,1,26083,24424,1,19339
33382,FOUND,1,27598,24440,1,19340
44528,FOUND,1,23222,24444,1,19341
44505,FOUND,1,23201,24437,1,19342
44506,FOUND,1,23202,24443,1,19344
33383,FOUND,1,27599,24439,1,19345
59482,FOUND,1,28951,24419,1,19347
59382,FOUND,1,26037,24442,1,19348
33388,FOUND,1,27604,24438,1,19349
59468,FOUND,1,28482,12108,2,19350
59467,FOUND,1,28481,12107,2,19351
59481,FOUND,1,28489,12115,1,19352
59484,FOUND,1,27423,12113,2,19353
33384,FOUND,1,27600,24436,1,19354
33385,FOUND,1,27601,24435,1,19355
13128,FOUND,1,622,12157,1,19356
16078,FOUND,1,3457,12157,1,19357
13987,FOUND,1,1442,12157,1,19358
30777,FOUND,1,12693,12157,1,19359
16458,FOUND,1,3836,12157,1,19360
14169,FOUND,1,1622,12157,1,19361
16589,FOUND,1,3943,12157,1,19362
16228,FOUND,1,3606,12157,1,19363
13979,FOUND,1,1434,12157,1,19364
15528,FOUND,1,2910,12157,1,19365
33784,FOUND,1,14008,23694,1,19366
12146,FOUND,1,103,12157,1,19367
13259,FOUND,1,744,12157,1,19368
37802,FOUND,1,17636,26026,1,19369
13396,FOUND,1,875,12157,1,19370
34854,FOUND,1,14954,26410,1,19371
25834,FOUND,1,10535,26410,1,19372
38532,FOUND,1,18351,26410,1,19373
34471,FOUND,1,14581,26410,1,19374
38531,FOUND,1,18350,26410,1,19375
17355,NOT_FOUND,0,,,1,19376
25972,FOUND,1,10670,26410,1,19377
38510,FOUND,1,18336,26410,1,19378
38210,FOUND,1,18042,26410,1,19379
38501,FOUND,1,18327,26410,1,19380
34810,FOUND,1,14910,26410,1,19381
38200,FOUND,1,18033,26410,1,19382
38255,FOUND,1,18087,26410,1,19383
19541,FOUND,1,5792,22927,1,19384
18060,FOUND,1,5129,22646,1,19385
33849,FOUND,1,14072,23701,1,19386
33836,FOUND,1,14059,23346,1,19387
33895,FOUND,1,14112,23701,1,19388
19311,FOUND,1,5706,22809,1,19389
33830,FOUND,1,14054,23698,1,19390
19325,FOUND,1,5720,22878,1,19391
33896,FOUND,1,14113,23697,1,19392
33888,FOUND,1,14105,23091,1,19393
33893,FOUND,1,14110,23094,1,19394
19358,FOUND,1,5753,22901,1,19395
20641,FOUND,1,6719,23346,1,19396
20633,FOUND,1,6711,22958,1,19397
20659,FOUND,1,6736,22878,1,19398
33874,FOUND,1,14093,22946,1,19399
16221,FOUND,1,3599,12157,1,19400
16095,FOUND,1,3474,12157,1,19401
12968,FOUND,1,465,12157,1,19402
14849,FOUND,1,2277,12157,1,19403
13712,FOUND,1,1189,12157,1,19404
20430,FOUND,1,6519,23272,1,19405
33768,FOUND,1,13992,23689,1,19406
22510,FOUND,1,8455,12157,1,19407
37803,FOUND,1,17637,26027,1,19408
26092,FOUND,1,10787,12157,1,19409
13425,FOUND,1,903,12157,1,19410
13350,FOUND,1,829,12157,1,19411
14416,FOUND,1,1861,12157,1,19412
25963,FOUND,1,10661,26410,1,19413
25797,FOUND,1,10498,26410,1,19414
25798,FOUND,1,10499,26410,1,19415
38213,FOUND,1,18045,26410,1,19416
44946,FOUND,1,23626,25668,1,19417
38512,FOUND,1,18338,26410,1,19418
25803,FOUND,1,10504,26410,1,19419
38533,FOUND,1,18352,26410,1,19420
38530,FOUND,1,18349,26410,1,19421
18191,FOUND,1,5258,22726,1,19422
20308,FOUND,1,6413,23216,1,19423
20654,FOUND,1,6732,23348,1,19424
19885,FOUND,1,6071,23091,1,19425
33862,FOUND,1,14084,23705,1,19426
33879,FOUND,1,14098,23348,1,19427
19570,FOUND,1,5820,22944,1,19428
20523,FOUND,1,6606,23285,1,19429
60367,FOUND,1,27446,24058,1,19430
23978,FOUND,1,9843,12157,1,19431
20527,FOUND,1,6610,23259,1,19432
33710,FOUND,1,13937,23312,1,19433
33461,FOUND,1,13704,23606,1,19434
20542,FOUND,1,6625,23310,1,19435
33591,FOUND,1,13821,23629,1,19436
20441,FOUND,1,6529,23285,1,19437
33459,FOUND,1,13702,23606,1,19438
33724,FOUND,1,13951,23314,1,19439
33593,FOUND,1,13823,23630,1,19440
20558,FOUND,1,6640,23260,1,19441
19639,FOUND,1,5885,22984,1,19442
42305,FOUND,1,21500,25627,1,19443
42765,FOUND,1,21861,25508,1,19444
42364,FOUND,1,21555,25621,1,19445
33707,FOUND,1,13934,23663,1,19446
42325,FOUND,1,21520,25631,1,19447
42378,FOUND,1,21569,25621,1,19448
44354,FOUND,1,23070,25560,1,19449
42368,FOUND,1,21559,25622,1,19450
43451,FOUND,1,22483,25290,1,19451
42300,FOUND,1,21495,25627,1,19452
42382,FOUND,1,27980,25620,1,19453
42383,FOUND,1,27981,25620,1,19454
44269,FOUND,1,23039,25561,1,19455
44266,FOUND,1,23036,25560,1,19456
42836,FOUND,1,21925,25529,1,19457
42229,FOUND,1,21445,24851,1,19458
27690,FOUND,1,12327,26410,1,19459
41945,FOUND,1,21251,24840,1,19460
60125,FOUND,1,28181,24036,1,19461
14839,FOUND,1,2267,12157,1,19462
41929,FOUND,1,21235,24841,1,19463
17876,NOT_FOUND,0,,,1,19464
42256,FOUND,1,21459,24851,1,19465
60135,FOUND,1,26553,24041,1,19466
27867,FOUND,1,12498,26410,1,19467
42086,FOUND,1,21324,24853,1,19468
41917,FOUND,1,29032,24842,1,19469
13927,FOUND,1,1384,12157,1,19470
17208,NOT_FOUND,0,,,1,19471
45593,FOUND,1,24125,12157,1,19472
17501,NOT_FOUND,0,,,1,19473
44286,FOUND,1,23051,25556,1,19474
44267,FOUND,1,23037,25559,1,19475
39674,FOUND,1,19315,25239,1,19476
17174,FOUND,1,4430,12157,1,19477
42362,FOUND,1,27978,25622,1,19478
44279,FOUND,1,23044,25557,1,19479
43502,FOUND,1,22534,25251,1,19480
43436,FOUND,1,22468,25245,1,19481
23135,FOUND,1,9042,12157,1,19482
33759,FOUND,1,13983,23685,1,19483
42309,FOUND,1,21504,25619,1,19484
44285,FOUND,1,23050,25561,1,19485
44289,FOUND,1,23054,25562,1,19486
42323,FOUND,1,21518,25623,1,19487
42838,FOUND,1,27706,25532,1,19488
44271,FOUND,1,23041,25558,1,19489
17270,NOT_FOUND,0,,,1,19490
42057,FOUND,1,21310,26410,1,19491
20547,FOUND,1,6629,23312,1,19492
17402,NOT_FOUND,0,,,1,19493
20557,FOUND,1,6639,23264,1,19494
20539,FOUND,1,6622,23309,1,19495
33590,FOUND,1,13820,23629,1,19496
14570,FOUND,1,2015,12157,1,19497
16175,FOUND,1,3553,12157,1,19498
20517,FOUND,1,6600,23300,1,19499
20521,FOUND,1,6604,23302,1,19500
42066,FOUND,1,27963,24854,1,19501
16592,NOT_FOUND,0,,,1,19502
41824,FOUND,1,21154,24854,1,19503
23787,FOUND,1,9653,12157,1,19504
42595,FOUND,1,21705,25504,1,19505
42376,FOUND,1,21567,25616,1,19506
42369,FOUND,1,21560,25616,1,19507
44284,FOUND,1,23049,25589,1,19508
44344,FOUND,1,23060,25592,1,19509
42852,FOUND,1,21930,25505,1,19510
42311,FOUND,1,21506,25619,1,19511
42370,FOUND,1,21561,25615,1,19512
42844,FOUND,1,28035,25504,1,19513
42541,FOUND,1,21656,25500,1,19514
42802,FOUND,1,21895,25527,1,19515
42848,FOUND,1,28037,25530,1,19516
44373,FOUND,1,23089,25586,1,19517
42837,FOUND,1,21926,25534,1,19518
42380,FOUND,1,21570,25617,1,19519
33769,FOUND,1,13993,23690,1,19520
33789,FOUND,1,14013,23689,1,19521
60388,FOUND,1,28219,24071,1,19522
20590,FOUND,1,6668,23328,1,19523
33767,FOUND,1,13991,23581,1,19524
20699,FOUND,1,6764,23200,1,19525
23455,FOUND,1,9342,12157,1,19526
20459,FOUND,1,6545,23293,1,19527
22910,FOUND,1,8852,23581,1,19528
23011,FOUND,1,8919,23293,1,19529
44369,FOUND,1,23085,25587,1,19530
44355,FOUND,1,23071,25588,1,19531
27806,FOUND,1,12439,26410,1,19532
38505,FOUND,1,18331,26410,1,19533
44367,FOUND,1,23083,25590,1,19534
42759,FOUND,1,21855,25530,1,19535
41879,FOUND,1,21203,24837,1,19536
42787,FOUND,1,21880,25526,1,19537
13359,FOUND,1,838,12157,1,19538
42377,FOUND,1,21568,25617,1,19539
42781,FOUND,1,21875,25533,1,19540
44358,FOUND,1,23074,25588,1,19541
44370,FOUND,1,23086,25589,1,19542
44357,FOUND,1,23073,25592,1,19543
27848,FOUND,1,12480,26410,1,19544
41936,FOUND,1,21242,24843,1,19545
41932,FOUND,1,21238,24843,1,19546
14670,FOUND,1,2111,12157,1,19547
18354,FOUND,1,5414,12157,1,19548
41935,FOUND,1,21241,24838,1,19549
42217,FOUND,1,21434,24855,1,19550
41874,FOUND,1,21198,24836,1,19551
38497,FOUND,1,18323,26410,1,19552
45657,FOUND,1,24187,12157,1,19553
42007,FOUND,1,27335,24855,1,19554
36339,FOUND,1,16435,26410,1,19555
36337,FOUND,1,16433,24267,1,19556
14356,FOUND,1,1801,12157,1,19557
17723,NOT_FOUND,0,,,1,19558
38496,FOUND,1,18322,26410,1,19559
20352,FOUND,1,6447,22930,1,19560
16688,NOT_FOUND,0,,,1,19561
23433,FOUND,1,9320,12157,1,19562
60248,FOUND,1,26618,24046,1,19563
20614,FOUND,1,6692,23328,1,19564
41938,FOUND,1,21244,24842,1,19565
41933,FOUND,1,21239,24840,1,19566
20610,FOUND,1,6688,23338,1,19567
47107,FOUND,1,25356,12157,1,19568
26801,FOUND,1,11439,26410,1,19569
20609,FOUND,1,6687,23331,1,19570
27734,FOUND,1,12371,26410,1,19571
17211,NOT_FOUND,0,,,1,19572
13022,FOUND,1,517,12157,1,19573
60247,FOUND,1,26617,24046,1,19574
41602,FOUND,1,20939,24551,1,19575
41717,FOUND,1,21053,24572,1,19576
12945,FOUND,1,445,12157,1,19577
46168,FOUND,1,24495,24537,1,19578
41729,FOUND,1,21065,24553,1,19579
13140,NOT_FOUND,0,,,1,19580
41731,FOUND,1,21067,24552,1,19581
46177,NOT_FOUND,0,,,1,19582
41674,FOUND,1,21010,24567,1,19583
41745,FOUND,1,21081,24573,1,19584
46175,FOUND,1,24502,24538,1,19585
41744,FOUND,1,21080,24553,1,19586
41598,FOUND,1,20935,24570,1,19587
41599,FOUND,1,20936,24571,1,19588
41675,FOUND,1,21011,24570,1,19589
42780,FOUND,1,21874,25470,1,19590
42935,FOUND,1,22007,25464,1,19591
42936,FOUND,1,22008,25469,1,19592
45095,FOUND,1,23743,25465,1,19593
42933,FOUND,1,22005,25464,1,19594
42590,FOUND,1,21700,25502,1,19595
42596,FOUND,1,21706,25502,1,19596
15070,FOUND,1,2477,12157,1,19597
42739,FOUND,1,21836,25472,1,19598
12843,FOUND,1,348,12157,1,19599
42890,FOUND,1,21962,25467,1,19600
42857,FOUND,1,28043,25496,1,19601
42745,FOUND,1,21842,25473,1,19602
42797,FOUND,1,21890,25470,1,19603
42746,FOUND,1,21843,25472,1,19604
33747,FOUND,1,13972,23667,1,19605
60384,FOUND,1,28215,24063,1,19606
20344,FOUND,1,6440,23236,1,19607
39141,FOUND,1,18898,23579,1,19608
30839,FOUND,1,12713,12157,1,19609
60380,FOUND,1,27455,24067,1,19610
60382,FOUND,1,28213,24068,1,19611
60251,FOUND,1,26621,24048,1,19612
33777,FOUND,1,14001,23688,1,19613
60381,FOUND,1,28212,24067,1,19614
39142,FOUND,1,18899,23694,1,19615
44195,FOUND,1,22967,12157,1,19616
60383,FOUND,1,28214,24068,1,19617
22889,FOUND,1,8831,23579,1,19618
60374,FOUND,1,27449,24061,1,19619
42747,FOUND,1,27701,25476,1,19620
20565,FOUND,1,6643,23280,1,19621
20450,FOUND,1,6537,23289,1,19622
42727,FOUND,1,21825,25473,1,19623
23119,FOUND,1,9026,12157,1,19624
33790,FOUND,1,14014,23649,1,19625
26191,NOT_FOUND,0,,,1,19626
42741,FOUND,1,21838,25477,1,19627
33575,FOUND,1,13809,23326,1,19628
33755,FOUND,1,13979,23683,1,19629
33571,FOUND,1,27751,23610,1,19630
33465,FOUND,1,13707,23610,1,19631
13145,FOUND,1,637,12157,1,19632
20566,FOUND,1,6644,23318,1,19633
33756,FOUND,1,13980,23683,1,19634
33694,FOUND,1,13921,23657,1,19635
33757,FOUND,1,13981,23684,1,19636
33730,FOUND,1,13957,23673,1,19637
60253,FOUND,1,26622,24048,1,19638
33572,FOUND,1,27752,23619,1,19639
33570,FOUND,1,27750,23623,1,19640
14069,FOUND,1,1523,12157,1,19641
20421,NOT_FOUND,0,,,1,19642
33718,FOUND,1,13945,23667,1,19643
33749,FOUND,1,13974,23675,1,19644
32968,NOT_FOUND,0,,,1,19645
60389,FOUND,1,28220,24060,1,19646
33754,FOUND,1,13978,23682,1,19647
33732,FOUND,1,13959,23675,1,19648
33750,FOUND,1,13975,23680,1,19649
33455,FOUND,1,13698,23603,1,19650
33735,NOT_FOUND,0,,,1,19651
20457,FOUND,1,6543,23288,1,19652
26172,NOT_FOUND,0,,,1,19653
33576,FOUND,1,13810,23620,1,19654
33569,FOUND,1,27749,23622,1,19655
27801,FOUND,1,12434,26410,1,19656
20455,FOUND,1,27123,23291,1,19657
33746,FOUND,1,13971,23680,1,19658
32886,NOT_FOUND,0,,,1,19659
33734,NOT_FOUND,0,,,1,19660
33574,FOUND,1,27753,23622,1,19661
33765,FOUND,1,13989,23688,1,19662
33764,FOUND,1,13988,23673,1,19663
33460,FOUND,1,13703,23607,1,19664
20341,FOUND,1,6439,23194,1,19665
20222,FOUND,1,6339,23208,1,19666
20589,FOUND,1,6667,22998,1,19667
42757,FOUND,1,21853,25506,1,19668
20220,FOUND,1,6337,23196,1,19669
23103,FOUND,1,9010,23004,1,19670
19671,FOUND,1,5911,22998,1,19671
20627,FOUND,1,6705,23031,1,19672
18079,FOUND,1,5148,22664,1,19673
18934,FOUND,1,5578,22794,1,19674
20128,FOUND,1,6258,23092,1,19675
41597,FOUND,1,20934,24569,1,19676
20732,FOUND,1,6786,23221,1,19677
19748,FOUND,1,5958,22751,1,19678
20122,FOUND,1,6252,23170,1,19679
41596,FOUND,1,20933,24569,1,19680
18082,FOUND,1,5151,22667,1,19681
60377,FOUND,1,27452,24064,1,19682
39138,FOUND,1,18895,23333,1,19683
45622,FOUND,1,24154,25389,1,19684
42760,FOUND,1,21856,25489,1,19685
23015,FOUND,1,8923,22677,1,19686
20184,FOUND,1,6305,22784,1,19687
60402,FOUND,1,26695,24075,1,19688
45623,FOUND,1,24155,25390,1,19689
20712,FOUND,1,6773,23061,1,19690
21277,FOUND,1,7261,23000,1,19691
19886,FOUND,1,6072,23092,1,19692
20613,FOUND,1,6691,23050,1,19693
20185,FOUND,1,6306,23193,1,19694
20193,FOUND,1,6314,23011,1,19695
45221,FOUND,1,23864,25463,1,19696
41600,FOUND,1,20937,24571,1,19697
43081,FOUND,1,22150,25463,1,19698
41727,FOUND,1,21063,24554,1,19699
41752,FOUND,1,21088,24573,1,19700
41726,FOUND,1,21062,24577,1,19701
41728,FOUND,1,21064,24554,1,19702
42942,FOUND,1,22014,25466,1,19703
41733,FOUND,1,21069,24576,1,19704
41872,FOUND,1,21196,25500,1,19705
41751,FOUND,1,21087,24572,1,19706
42939,FOUND,1,22011,25469,1,19707
41724,FOUND,1,21060,24574,1,19708
42750,FOUND,1,21846,25506,1,19709
43259,FOUND,1,22297,25346,1,19710
43270,FOUND,1,22308,25340,1,19711
43245,FOUND,1,22283,25340,1,19712
43256,FOUND,1,22294,25349,1,19713
43264,FOUND,1,22302,25343,1,19714
43276,FOUND,1,22314,25343,1,19715
45104,FOUND,1,23752,25437,1,19716
45113,FOUND,1,23761,25438,1,19717
42909,FOUND,1,21981,25403,1,19718
43110,FOUND,1,22178,25383,1,19719
42941,FOUND,1,22013,25439,1,19720
43273,FOUND,1,22311,25346,1,19721
43258,FOUND,1,22296,25345,1,19722
42922,FOUND,1,21994,25440,1,19723
42947,FOUND,1,22019,25436,1,19724
42594,FOUND,1,21704,25495,1,19725
43000,FOUND,1,22071,25397,1,19726
42999,FOUND,1,22070,25392,1,19727
19157,FOUND,1,5604,22822,1,19728
42763,FOUND,1,21859,25492,1,19729
42898,FOUND,1,21970,25394,1,19730
42896,FOUND,1,21968,25394,1,19731
20335,NOT_FOUND,0,,,1,19732
18201,FOUND,1,5268,22732,1,19733
45111,FOUND,1,23759,25474,1,19734
42803,FOUND,1,21896,25485,1,19735
19154,FOUND,1,5601,22820,1,19736
19160,FOUND,1,5607,22824,1,19737
19359,FOUND,1,5754,22902,1,19738
42911,FOUND,1,21983,25398,1,19739
42591,FOUND,1,21701,25493,1,19740
42191,FOUND,1,21415,23750,1,19741
43792,FOUND,1,22801,23798,1,19742
60450,FOUND,1,27484,24094,1,19743
60443,FOUND,1,28892,24090,1,19744
43809,FOUND,1,22818,23803,1,19745
43810,FOUND,1,22819,23800,1,19746
44801,FOUND,1,23490,23807,1,19747
44400,FOUND,1,23114,23805,1,19748
60454,FOUND,1,27489,24097,1,19749
43795,FOUND,1,22804,23800,1,19750
43818,FOUND,1,22825,23808,1,19751
43803,FOUND,1,22812,23805,1,19752
60449,FOUND,1,27483,24094,1,19753
60455,FOUND,1,28241,24097,1,19754
20524,FOUND,1,6607,23303,1,19755
45612,FOUND,1,24144,25386,1,19756
42987,FOUND,1,22058,25459,1,19757
42766,FOUND,1,21862,25488,1,19758
45018,FOUND,1,28061,25478,1,19759
42774,FOUND,1,21870,25490,1,19760
42921,FOUND,1,21993,25450,1,19761
42798,FOUND,1,21891,25490,1,19762
45615,FOUND,1,24147,25386,1,19763
42993,FOUND,1,22064,25459,1,19764
42725,FOUND,1,21823,25477,1,19765
45034,FOUND,1,23697,25478,1,19766
43257,FOUND,1,22295,25341,1,19767
42998,FOUND,1,22069,25393,1,19768
42923,FOUND,1,21995,25450,1,19769
42893,FOUND,1,21965,25471,1,19770
42811,FOUND,1,21904,25485,1,19771
42907,FOUND,1,21979,25440,1,19772
42927,FOUND,1,21999,25396,1,19773
45033,FOUND,1,28063,25474,1,19774
43108,FOUND,1,22176,25385,1,19775
42840,FOUND,1,27708,25494,1,19776
42937,FOUND,1,22009,25468,1,19777
22578,FOUND,1,8523,12157,1,19778
45094,FOUND,1,28069,25475,1,19779
42589,FOUND,1,21699,25498,1,19780
42843,FOUND,1,21927,25497,1,19781
42846,FOUND,1,28036,25494,1,19782
42768,FOUND,1,21864,25489,1,19783
42894,FOUND,1,21966,25471,1,19784
44191,FOUND,1,22963,12157,1,19785
20637,FOUND,1,6715,23170,1,19786
19184,FOUND,1,5629,22842,1,19787
19691,FOUND,1,5931,23012,1,19788
20342,FOUND,1,27119,23235,1,19789
19253,FOUND,1,5663,22859,1,19790
20332,FOUND,1,6435,23233,1,19791
19883,FOUND,1,6069,23002,1,19792
20261,FOUND,1,6371,23065,1,19793
20677,FOUND,1,6750,22969,1,19794
20285,FOUND,1,6392,23223,1,19795
20250,FOUND,1,6366,23217,1,19796
19764,FOUND,1,5969,22756,1,19798
19348,FOUND,1,5743,22892,1,19799
42186,FOUND,1,21410,23745,1,19800
42109,FOUND,1,21344,23745,1,19801
42199,FOUND,1,21423,23752,1,19802
43797,FOUND,1,22806,23799,1,19803
42193,FOUND,1,21417,23751,1,19804
42200,FOUND,1,21424,23749,1,19805
42189,FOUND,1,21413,23749,1,19806
42165,FOUND,1,21392,23746,1,19807
42198,FOUND,1,21422,23750,1,19808
43823,FOUND,1,22830,23814,1,19809
43822,FOUND,1,22829,23809,1,19810
43825,FOUND,1,22832,23802,1,19811
42167,FOUND,1,21394,23746,1,19812
43800,FOUND,1,22809,23803,1,19813
26253,FOUND,1,10898,12157,1,19814
39010,FOUND,1,27682,12157,1,19815
60448,FOUND,1,27482,24091,1,19816
43791,FOUND,1,22800,23797,1,19817
43799,FOUND,1,22808,23802,1,19818
20647,FOUND,1,6725,23009,1,19819
42924,FOUND,1,21996,25451,1,19820
42946,FOUND,1,22018,25466,1,19821
60446,FOUND,1,27480,24093,1,19822
20530,FOUND,1,6613,23303,1,19823
20154,FOUND,1,6280,22939,1,19824
43814,FOUND,1,22822,23798,1,19825
43806,FOUND,1,22815,23807,1,19826
20337,FOUND,1,6436,23223,1,19827
43807,FOUND,1,22816,23808,1,19828
43813,NOT_FOUND,0,,,1,19829
60451,FOUND,1,27485,24095,1,19830
18947,FOUND,1,27116,22802,1,19831
42994,FOUND,1,22065,25461,1,19832
42992,FOUND,1,22063,25456,1,19833
45624,FOUND,1,24156,25391,1,19834
42986,FOUND,1,22057,25460,1,19835
42977,FOUND,1,22048,25449,1,19836
42931,FOUND,1,22003,25448,1,19837
45224,FOUND,1,23866,25462,1,19838
43283,FOUND,1,22321,25339,1,19839
15960,FOUND,1,3340,12157,1,19840
43279,FOUND,1,22317,25335,1,19841
42955,FOUND,1,22026,25393,1,19842
42892,FOUND,1,21964,25448,1,19843
42899,FOUND,1,21971,25461,1,19844
42978,FOUND,1,22049,25456,1,19845
42201,FOUND,1,21425,23747,1,19846
42166,FOUND,1,21393,23747,1,19847
45614,FOUND,1,24146,25385,1,19848
43269,FOUND,1,22307,25335,1,19849
43820,FOUND,1,22827,23813,1,19850
42179,FOUND,1,21403,23748,1,19851
26257,FOUND,1,10902,12157,1,19852
43827,FOUND,1,22834,23812,1,19853
43819,FOUND,1,22826,23812,1,19854
42991,FOUND,1,22062,25460,1,19855
43042,FOUND,1,28045,25462,1,19856
43821,FOUND,1,22828,23806,1,19857
43826,FOUND,1,22833,23813,1,19858
42196,FOUND,1,21420,23748,1,19859
36366,FOUND,1,16462,24221,1,19860
36523,FOUND,1,16619,24246,1,19861
42078,FOUND,1,21319,24247,1,19862
13225,FOUND,1,717,12157,1,19863
27756,FOUND,1,12390,24917,1,19864
17354,FOUND,1,4566,24223,1,19865
17712,FOUND,1,4866,24915,1,19866
17265,FOUND,1,4505,24916,1,19867
59271,NOT_FOUND,0,,,1,19868
16168,FOUND,1,3547,12157,1,19869
13860,FOUND,1,1317,12157,1,19870
15713,FOUND,1,3095,12157,1,19871
16452,FOUND,1,3830,12157,1,19872
16182,FOUND,1,3560,12157,1,19873
13072,FOUND,1,566,12157,1,19874
15558,FOUND,1,2940,12157,1,19875
16326,FOUND,1,3704,12157,1,19876
13854,FOUND,1,1311,12157,1,19877
14295,FOUND,1,1741,12157,1,19878
16069,FOUND,1,3448,12157,1,19879
16038,FOUND,1,3418,12157,1,19880
15557,FOUND,1,2939,12157,1,19881
13879,FOUND,1,1336,12157,1,19882
13152,FOUND,1,644,12157,1,19883
13528,FOUND,1,1006,12157,1,19884
13090,FOUND,1,584,12157,1,19885
13825,FOUND,1,1282,12157,1,19886
15727,FOUND,1,3109,12157,1,19887
13861,FOUND,1,1318,12157,1,19888
16121,FOUND,1,3500,12157,1,19889
13856,FOUND,1,1313,12157,1,19890
12798,FOUND,1,304,12157,1,19891
13475,FOUND,1,953,12157,1,19892
13318,FOUND,1,803,12157,1,19893
15990,FOUND,1,3370,12157,1,19894
14235,FOUND,1,1682,12157,1,19895
12884,FOUND,1,387,12157,1,19896
16141,FOUND,1,3520,12157,1,19897
13530,FOUND,1,1008,12157,1,19898
14358,FOUND,1,1803,12157,1,19899
14346,FOUND,1,1791,12157,1,19900
13270,FOUND,1,755,12157,1,19901
16444,FOUND,1,3822,12157,1,19902
16329,FOUND,1,3707,12157,1,19903
39018,FOUND,1,18814,12157,1,19904
16350,FOUND,1,3728,12157,1,19905
16080,FOUND,1,3459,12157,1,19906
45631,FOUND,1,24163,12157,1,19907
15868,FOUND,1,3249,14656,1,19908
15135,FOUND,1,2530,12157,1,19909
45682,NOT_FOUND,0,,,1,19910
15848,FOUND,1,3229,12157,1,19911
45355,NOT_FOUND,0,,,1,19912
13594,FOUND,1,1071,12157,1,19913
15976,FOUND,1,3356,12157,1,19914
33131,FOUND,1,13504,17025,1,19915
33151,FOUND,1,13524,17134,1,19916
33141,FOUND,1,13514,17132,1,19917
33149,FOUND,1,13522,17132,1,19918
32721,FOUND,1,13283,17024,1,19919
32719,FOUND,1,13281,17024,1,19920
33147,FOUND,1,13520,17028,1,19921
32725,FOUND,1,13286,17028,1,19922
16022,FOUND,1,3402,12157,1,19923
15998,FOUND,1,3378,12157,1,19924
59298,NOT_FOUND,0,,,1,19925
13516,FOUND,1,994,12157,1,19926
16005,FOUND,1,3385,12157,1,19927
14309,FOUND,1,1754,12157,1,19928
14257,FOUND,1,1704,12157,1,19929
15642,FOUND,1,3024,12157,1,19930
16250,FOUND,1,3628,12157,1,19931
13399,FOUND,1,878,12157,1,19932
17945,FOUND,1,5027,12157,1,19933
16248,FOUND,1,3626,12157,1,19934
16226,FOUND,1,3604,12157,1,19935
15569,FOUND,1,2951,12157,1,19936
16462,FOUND,1,3840,12157,1,19937
13311,FOUND,1,796,12157,1,19938
15676,FOUND,1,3058,12157,1,19939
30935,FOUND,1,12807,16923,1,19940
30931,FOUND,1,12803,16961,1,19941
26294,FOUND,1,10939,16909,1,19942
26482,FOUND,1,11125,14699,1,19943
30933,FOUND,1,12805,16909,1,19944
30932,FOUND,1,12804,14698,1,19945
26468,FOUND,1,11111,16920,1,19946
31470,FOUND,1,13024,16968,1,19947
31468,FOUND,1,13022,16966,1,19948
31466,FOUND,1,13020,16967,1,19949
31463,FOUND,1,13017,16965,1,19950
31469,FOUND,1,13023,16967,1,19951
31465,FOUND,1,13019,16962,1,19952
31471,FOUND,1,13025,16969,1,19953
18151,FOUND,1,5218,14656,1,19954
31474,FOUND,1,13028,16969,1,19955
26201,FOUND,1,10849,16905,1,19956
30762,FOUND,1,12678,16940,1,19957
17547,FOUND,1,4720,14716,1,19958
26310,FOUND,1,10955,16910,1,19959
26371,FOUND,1,11015,16918,1,19960
13871,FOUND,1,1328,12157,1,19961
16387,FOUND,1,3765,12157,1,19962
15562,FOUND,1,2944,12157,1,19963
18289,FOUND,1,5351,14890,1,19964
18234,FOUND,1,5300,14876,1,19965
18288,FOUND,1,5350,14889,1,19966
18233,FOUND,1,5299,14874,1,19967
18227,FOUND,1,5293,14874,1,19968
18229,FOUND,1,5295,14875,1,19969
18180,FOUND,1,5247,14853,1,19970
18184,FOUND,1,5251,14853,1,19971
18287,FOUND,1,5349,14875,1,19972
13174,FOUND,1,666,12157,1,19973
16037,FOUND,1,3417,12157,1,19974
13878,FOUND,1,1335,12157,1,19975
13866,FOUND,1,1323,12157,1,19976
13319,FOUND,1,804,12157,1,19977
45599,FOUND,1,24131,12157,1,19978
15575,FOUND,1,2957,12157,1,19979
26629,FOUND,1,11269,14907,1,19980
17656,FOUND,1,4822,14723,1,19981
17704,FOUND,1,4858,14723,1,19982
26745,FOUND,1,11383,16929,1,19983
26715,FOUND,1,11353,16927,1,19984
28004,FOUND,1,12565,16927,1,19985
28039,FOUND,1,12600,16946,1,19986
22515,FOUND,1,8460,16505,1,19987
31464,FOUND,1,13018,16966,1,19988
28040,FOUND,1,12601,14892,1,19989
18292,FOUND,1,5354,14892,1,19990
18332,FOUND,1,5393,14901,1,19991
16018,FOUND,1,3398,12157,1,19992
15967,FOUND,1,3347,12157,1,19993
14531,FOUND,1,1976,12157,1,19994
15530,FOUND,1,2912,12157,1,19995
18633,FOUND,1,5531,14904,1,19996
26271,FOUND,1,10916,16906,1,19997
17598,FOUND,1,4770,12157,1,19998
18307,FOUND,1,27514,11533,1,19999
15922,FOUND,1,3302,12157,1,20000
16013,FOUND,1,3393,12157,1,20001
32717,FOUND,1,13279,17022,1,20002
32726,FOUND,1,13287,17022,1,20003
33150,FOUND,1,13523,17012,1,20004
59267,NOT_FOUND,0,,,1,20005
32716,FOUND,1,13278,17011,1,20006
44232,FOUND,1,23004,12157,1,20007
16490,FOUND,1,3868,12157,1,20008
47117,FOUND,1,25366,12157,1,20009
13305,FOUND,1,790,12157,1,20010
14571,FOUND,1,2016,12157,1,20011
45372,NOT_FOUND,0,,,1,20012
32720,FOUND,1,13282,17025,1,20013
31481,FOUND,1,28398,11589,1,20014
26528,FOUND,1,11171,11588,1,20015
30890,FOUND,1,12764,11653,1,20016
30908,FOUND,1,12782,11660,1,20017
30909,FOUND,1,12783,11660,1,20018
17036,FOUND,1,4323,11456,1,20019
13144,FOUND,1,636,12157,1,20020
26791,FOUND,1,11429,11638,1,20021
31398,FOUND,1,13014,11638,1,20022
13126,FOUND,1,620,12157,1,20023
15581,FOUND,1,2963,12157,1,20024
45311,NOT_FOUND,0,,,1,20025
31395,FOUND,1,13012,11683,1,20026
31399,FOUND,1,13015,11685,1,20027
31400,FOUND,1,13016,11686,1,20028
26798,FOUND,1,11436,11639,1,20029
31391,FOUND,1,13008,11683,1,20030
31393,FOUND,1,13010,11685,1,20031
31394,FOUND,1,13011,11686,1,20032
26792,FOUND,1,11430,11639,1,20033
26379,FOUND,1,11023,11576,1,20034
14590,FOUND,1,2035,12157,1,20035
13167,FOUND,1,659,12157,1,20036
32975,NOT_FOUND,0,,,1,20037
26589,FOUND,1,11231,11602,1,20038
26489,FOUND,1,11132,14866,1,20039
17583,FOUND,1,4756,14716,1,20040
26477,FOUND,1,11120,16918,1,20041
17628,FOUND,1,4800,14719,1,20042
16100,FOUND,1,3479,12157,1,20043
31477,FOUND,1,13031,16922,1,20044
26497,FOUND,1,11140,16924,1,20045
26532,FOUND,1,11175,16921,1,20046
26476,FOUND,1,11119,16922,1,20047
17578,FOUND,1,4751,14719,1,20048
17645,FOUND,1,4812,14721,1,20049
17580,FOUND,1,4753,14721,1,20050
18207,FOUND,1,5274,14866,1,20051
31475,FOUND,1,13029,16924,1,20052
26548,FOUND,1,11191,14882,1,20053
17582,FOUND,1,4755,14717,1,20054
17581,FOUND,1,4754,14720,1,20055
17579,FOUND,1,4752,14720,1,20056
17573,FOUND,1,4746,14717,1,20057
18136,FOUND,1,5204,14843,1,20058
25967,FOUND,1,10665,14839,1,20059
25966,FOUND,1,10664,16881,1,20060
26305,FOUND,1,10950,16881,1,20061
25983,FOUND,1,10681,16882,1,20062
25982,FOUND,1,10680,16882,1,20063
59275,NOT_FOUND,0,,,1,20064
47744,NOT_FOUND,0,,,1,20065
47706,NOT_FOUND,0,,,1,20066
47755,NOT_FOUND,0,,,1,20067
47729,NOT_FOUND,0,,,1,20068
59318,NOT_FOUND,0,,,1,20069
59262,NOT_FOUND,0,,,1,20070
59260,NOT_FOUND,0,,,1,20071
59309,NOT_FOUND,0,,,1,20072
59321,NOT_FOUND,0,,,1,20073
59313,NOT_FOUND,0,,,1,20074
59274,NOT_FOUND,0,,,1,20075
59269,NOT_FOUND,0,,,1,20076
59319,NOT_FOUND,0,,,1,20077
14734,FOUND,1,2169,11299,1,20078
26742,FOUND,1,11380,11346,1,20079
14966,FOUND,1,2385,11393,1,20080
14991,FOUND,1,2409,11404,1,20081
26890,FOUND,1,11528,11404,1,20082
15193,FOUND,1,2584,11393,1,20083
14842,FOUND,1,2270,11346,1,20084
14705,FOUND,1,2143,11299,1,20085
14183,FOUND,1,1636,11266,1,20086
14651,FOUND,1,2093,11286,1,20087
14611,FOUND,1,2055,11275,1,20088
14794,FOUND,1,2225,11323,1,20089
14894,FOUND,1,2319,11286,1,20090
14693,FOUND,1,2133,11275,1,20091
26884,FOUND,1,11522,11323,1,20092
14640,FOUND,1,2082,11266,1,20093
26700,FOUND,1,11338,11308,1,20094
14825,FOUND,1,2253,11335,1,20095
26901,FOUND,1,11539,11335,1,20096
26667,FOUND,1,11306,11617,1,20097
17636,FOUND,1,4804,20451,1,20098
17584,FOUND,1,4757,20540,1,20099
12813,FOUND,1,319,12157,1,20100
23662,FOUND,1,9539,12157,1,20101
14234,FOUND,1,1681,12157,1,20102
45308,NOT_FOUND,0,,,1,20103
26697,FOUND,1,11335,11623,1,20104
13875,FOUND,1,1332,12157,1,20105
18621,FOUND,1,5519,12157,1,20106
23176,FOUND,1,9078,12157,1,20107
13498,FOUND,1,976,12157,1,20108
14082,FOUND,1,1535,12157,1,20109
14425,FOUND,1,1870,12157,1,20110
15176,FOUND,1,2571,12157,1,20111
11279,FOUND,1,30,12157,1,20112
14424,FOUND,1,1869,12157,1,20113
12934,FOUND,1,434,12157,1,20114
12817,FOUND,1,323,12157,1,20115
12816,FOUND,1,322,12157,1,20116
17384,FOUND,1,4581,20508,1,20117
27987,FOUND,1,12551,12157,1,20118
14126,FOUND,1,1579,12157,1,20119
12828,FOUND,1,334,20250,1,20120
16697,FOUND,1,4027,12157,1,20121
27160,FOUND,1,11797,20540,1,20122
14229,FOUND,1,1676,12157,1,20123
59327,FOUND,1,25988,22129,1,20124
59365,FOUND,1,26022,22146,1,20126
59371,FOUND,1,26027,22146,1,20127
59300,FOUND,1,25969,22110,1,20128
59284,FOUND,1,25958,22110,1,20129
59354,NOT_FOUND,0,,,1,20130
59291,FOUND,1,25963,22114,1,20131
59314,FOUND,1,25979,22124,1,20132
59352,FOUND,1,26010,22140,1,20133
59373,FOUND,1,26028,22147,1,20135
59370,FOUND,1,26026,22143,1,20136
59290,FOUND,1,25962,22113,1,20137
59366,FOUND,1,26023,22147,1,20139
59317,FOUND,1,25982,22125,1,20140
59305,FOUND,1,25974,22118,1,20141
59353,FOUND,1,26011,22141,1,20142
59368,NOT_FOUND,0,,,1,20143
59362,FOUND,1,26019,22144,1,20144
59372,NOT_FOUND,0,,,1,20145
59355,FOUND,1,26012,22141,1,20146
59302,FOUND,1,25971,22118,1,20147
59350,FOUND,1,26008,22138,1,20148
17715,FOUND,1,4869,11457,1,20149
26480,FOUND,1,11123,11582,1,20150
26776,FOUND,1,11414,11636,1,20151
45283,NOT_FOUND,0,,,1,20152
13199,FOUND,1,691,12157,1,20153
12844,FOUND,1,349,12157,1,20154
22652,FOUND,1,8597,12157,1,20155
17985,FOUND,1,5057,11509,1,20156
18419,FOUND,1,5473,11541,1,20157
18370,FOUND,1,5430,11539,1,20158
18237,FOUND,1,5303,11517,1,20159
18416,FOUND,1,5470,11498,1,20160
17970,FOUND,1,5042,11502,1,20161
17242,FOUND,1,4486,11468,1,20162
18649,FOUND,1,5547,11543,1,20163
17711,FOUND,1,4865,11494,1,20164
17978,FOUND,1,5050,11494,1,20165
18236,FOUND,1,5302,11516,1,20166
18399,FOUND,1,5453,11543,1,20167
18401,FOUND,1,5455,11468,1,20168
45314,NOT_FOUND,0,,,1,20169
23911,FOUND,1,9776,12157,1,20170
14094,FOUND,1,1547,12157,1,20171
17982,FOUND,1,5054,11507,1,20172
26194,NOT_FOUND,0,,,1,20173
26335,FOUND,1,10980,11569,1,20174
17947,FOUND,1,5029,11501,1,20175
17976,FOUND,1,5048,11504,1,20176
18404,FOUND,1,5458,11544,1,20177
18293,FOUND,1,5355,11530,1,20178
17977,FOUND,1,5049,11505,1,20179
25996,FOUND,1,10694,11545,1,20180
18405,FOUND,1,5459,11545,1,20181
18423,FOUND,1,5477,11505,1,20182
18645,FOUND,1,5543,11497,1,20183
23583,FOUND,1,9462,12157,1,20184
23005,FOUND,1,8913,12157,1,20185
17729,FOUND,1,4878,11496,1,20186
18650,FOUND,1,5548,11531,1,20187
18644,FOUND,1,5542,11534,1,20188
18318,FOUND,1,5379,11496,1,20189
26610,FOUND,1,11251,11593,1,20190
26766,FOUND,1,11404,11604,1,20191
26759,FOUND,1,11397,11632,1,20192
18765,FOUND,1,5553,11540,1,20193
31467,FOUND,1,13021,11632,1,20194
26607,FOUND,1,11249,11604,1,20195
26546,FOUND,1,11189,11593,1,20196
26308,FOUND,1,10953,11568,1,20197
59736,FOUND,1,26322,22323,1,20198
18240,FOUND,1,5306,11518,1,20199
14655,FOUND,1,2097,12157,1,20200
31878,NOT_FOUND,0,,,1,20201
17979,FOUND,1,5051,11506,1,20202
17183,FOUND,1,4439,12157,1,20203
22692,FOUND,1,8637,12157,1,20204
15549,FOUND,1,2931,12157,1,20205
14277,FOUND,1,1723,12157,1,20206
14650,FOUND,1,2092,12157,1,20207
32908,NOT_FOUND,0,,,1,20208
14128,FOUND,1,1581,12157,1,20209
13248,FOUND,1,733,11238,1,20210
13096,FOUND,1,590,11238,1,20211
13244,FOUND,1,732,11242,1,20212
13620,FOUND,1,1097,11259,1,20213
45370,NOT_FOUND,0,,,1,20214
16259,FOUND,1,3637,12157,1,20215
11822,FOUND,1,68,12157,1,20216
32869,FOUND,1,13312,11692,1,20218
32878,FOUND,1,13321,11623,1,20219
26764,FOUND,1,11402,11634,1,20220
32873,FOUND,1,13316,11693,1,20221
32868,FOUND,1,13311,11691,1,20222
32874,FOUND,1,13317,11691,1,20223
45692,FOUND,1,24201,12157,1,20224
13532,FOUND,1,1010,11248,1,20225
13494,FOUND,1,972,12157,1,20226
13398,FOUND,1,877,12157,1,20227
14878,FOUND,1,2303,12157,1,20228
13485,FOUND,1,963,11248,1,20229
45316,NOT_FOUND,0,,,1,20230
22579,FOUND,1,8524,12157,1,20231
47134,FOUND,1,25383,12157,1,20232
15893,FOUND,1,3273,12157,1,20233
15273,FOUND,1,2660,12157,1,20234
16267,FOUND,1,3645,12157,1,20235
26550,FOUND,1,11193,26410,1,20236
30958,NOT_FOUND,0,,,1,20237
30936,FOUND,1,12808,11577,1,20238
30921,FOUND,1,12795,26410,1,20239
30941,FOUND,1,12813,11672,1,20240
26386,FOUND,1,28390,11577,1,20241
25968,FOUND,1,10666,11558,1,20242
26768,FOUND,1,11406,11558,1,20243
30967,FOUND,1,12831,11674,1,20244
26274,FOUND,1,10919,11566,1,20245
30930,FOUND,1,28393,11567,1,20246
26296,FOUND,1,10941,11567,1,20247
15288,FOUND,1,2675,11415,1,20248
22623,FOUND,1,8568,12157,1,20249
13164,FOUND,1,656,12157,1,20250
17310,FOUND,1,4537,11474,1,20251
23766,FOUND,1,9632,12157,1,20252
22693,FOUND,1,8638,12157,1,20253
32931,NOT_FOUND,0,,,1,20254
16288,FOUND,1,3666,12157,1,20255
17039,FOUND,1,4326,11455,1,20256
17035,FOUND,1,4322,11455,1,20257
17043,FOUND,1,4330,11458,1,20258
13153,FOUND,1,645,12157,1,20259
17044,FOUND,1,4331,11459,1,20260
17708,FOUND,1,4862,11459,1,20261
17983,FOUND,1,5055,11508,1,20262
26363,FOUND,1,11007,11572,1,20263
18242,FOUND,1,5308,11495,1,20264
18231,FOUND,1,5297,11515,1,20265
17975,FOUND,1,5047,11503,1,20266
17987,FOUND,1,5059,11491,1,20268
17705,FOUND,1,4859,11491,1,20269
18418,FOUND,1,5472,11529,1,20270
12967,FOUND,1,464,12157,1,20271
18290,FOUND,1,5352,11527,1,20272
17701,FOUND,1,4855,11489,1,20273
13139,FOUND,1,633,11240,1,20274
18129,FOUND,1,5197,11511,1,20275
26488,FOUND,1,11131,11583,1,20276
26563,FOUND,1,11205,11518,1,20277
26378,FOUND,1,11022,11568,1,20278
31479,FOUND,1,13032,11583,1,20279
30910,FOUND,1,12784,11522,1,20280
26534,FOUND,1,11177,11590,1,20281
30912,FOUND,1,12786,11661,1,20282
30913,FOUND,1,12787,11661,1,20283
31482,FOUND,1,28399,11590,1,20284
26561,FOUND,1,11203,11598,1,20285
32875,FOUND,1,13318,11635,1,20286
26762,FOUND,1,11400,11631,1,20287
26765,FOUND,1,11403,11635,1,20288
26387,FOUND,1,11030,11578,1,20289
26547,FOUND,1,11190,11557,1,20290
26426,FOUND,1,11069,11580,1,20291
32877,FOUND,1,13320,11633,1,20292
32871,FOUND,1,13314,11690,1,20293
32857,FOUND,1,13300,11689,1,20294
32861,FOUND,1,13304,11636,1,20295
17040,FOUND,1,4327,11457,1,20296
31392,FOUND,1,13009,11684,1,20297
31480,FOUND,1,13033,11687,1,20298
30891,FOUND,1,12765,11582,1,20299
59698,FOUND,1,26289,22237,1,20300
26763,FOUND,1,11401,11633,1,20301
14900,FOUND,1,2325,11372,1,20302
17588,FOUND,1,4761,11485,1,20303
17589,FOUND,1,4762,11460,1,20304
17647,FOUND,1,4814,11485,1,20305
17648,FOUND,1,4815,11486,1,20306
17586,FOUND,1,4759,11482,1,20307
17642,FOUND,1,4809,11486,1,20308
17545,FOUND,1,4718,11482,1,20309
17690,FOUND,1,4845,11487,1,20310
14831,FOUND,1,2259,11341,1,20311
17703,FOUND,1,4857,11300,1,20312
14709,FOUND,1,2147,11300,1,20313
15817,FOUND,1,3199,11431,1,20314
26686,FOUND,1,11325,11332,1,20315
59544,FOUND,1,26149,22234,1,20316
14820,FOUND,1,2249,11332,1,20317
14947,NOT_FOUND,0,,,1,20318
26688,FOUND,1,11327,26410,1,20319
14821,FOUND,1,2250,11333,1,20320
14828,FOUND,1,2256,11338,1,20321
14664,FOUND,1,2106,11285,1,20322
14799,FOUND,1,2230,11284,1,20323
14632,FOUND,1,2074,11281,1,20324
14643,FOUND,1,2085,11284,1,20325
14819,FOUND,1,2248,11281,1,20326
14869,FOUND,1,2296,11326,1,20327
14761,FOUND,1,2193,11307,1,20328
14960,FOUND,1,2379,11389,1,20329
14961,FOUND,1,2380,11390,1,20330
14967,FOUND,1,2386,11383,1,20331
26748,FOUND,1,11386,11629,1,20332
59554,NOT_FOUND,0,,,1,20333
17298,FOUND,1,4528,11473,1,20334
26557,FOUND,1,11199,11483,1,20335
30963,FOUND,1,27556,26410,1,20336
26619,FOUND,1,11259,26410,1,20337
26617,FOUND,1,11257,26410,1,20338
17562,FOUND,1,4735,11483,1,20339
26554,FOUND,1,11196,11595,1,20340
26618,FOUND,1,11258,26410,1,20341
19208,NOT_FOUND,0,,,1,20342
26525,FOUND,1,11168,11550,1,20343
26616,FOUND,1,11256,26410,1,20344
25958,FOUND,1,10656,11549,1,20345
19185,FOUND,1,5630,11549,1,20346
19193,NOT_FOUND,0,,,1,20347
14767,FOUND,1,2199,11312,1,20348
14836,FOUND,1,2264,11312,1,20349
19178,NOT_FOUND,0,,,1,20350
17294,FOUND,1,4526,11372,1,20351
17045,FOUND,1,4332,11460,1,20352
59542,FOUND,1,26147,22233,1,20353
13523,FOUND,1,1001,11253,1,20354
15789,FOUND,1,3171,11419,1,20355
26902,FOUND,1,11540,11352,1,20356
14852,FOUND,1,2280,11352,1,20357
15794,FOUND,1,3176,11423,1,20358
15819,FOUND,1,3201,11423,1,20359
14854,FOUND,1,2282,11354,1,20360
26641,FOUND,1,11281,11354,1,20361
15836,FOUND,1,3217,11400,1,20362
14984,FOUND,1,2403,11400,1,20363
14739,FOUND,1,2171,11303,1,20364
14738,NOT_FOUND,0,,,1,20365
14763,FOUND,1,2195,11309,1,20366
14844,FOUND,1,2272,11347,1,20367
17331,FOUND,1,4552,11478,1,20368
17323,FOUND,1,4547,11477,1,20369
59537,NOT_FOUND,0,,,1,20370
30969,FOUND,1,12833,11478,1,20371
30970,FOUND,1,12834,11680,1,20372
30949,FOUND,1,12818,11676,1,20373
14612,FOUND,1,2056,11276,1,20374
14936,FOUND,1,2357,11366,1,20375
30947,FOUND,1,12816,11377,1,20376
14938,FOUND,1,2359,11383,1,20377
14914,FOUND,1,2337,11276,1,20378
14889,FOUND,1,2314,11366,1,20379
14908,FOUND,1,2332,11377,1,20380
14788,FOUND,1,2220,11321,1,20381
14885,FOUND,1,2310,11321,1,20382
16619,FOUND,1,3960,11379,1,20383
14926,FOUND,1,27500,11379,1,20384
14850,FOUND,1,2278,11350,1,20385
14847,FOUND,1,2275,11349,1,20386
14871,FOUND,1,2298,11349,1,20387
16612,FOUND,1,3953,11339,1,20388
16674,FOUND,1,4007,11438,1,20389
14864,FOUND,1,2292,11359,1,20390
16620,FOUND,1,3961,11350,1,20391
14787,FOUND,1,2219,11320,1,20392
17169,FOUND,1,4425,11320,1,20393
17710,FOUND,1,4864,11493,1,20394
26690,FOUND,1,11329,11493,1,20395
26637,FOUND,1,11277,11612,1,20396
14975,FOUND,1,2394,11395,1,20397
14896,FOUND,1,2321,11370,1,20398
26665,FOUND,1,11304,11292,1,20399
16613,FOUND,1,3954,11437,1,20400
14972,FOUND,1,2391,11315,1,20401
14776,FOUND,1,2208,11315,1,20402
26750,FOUND,1,11388,11437,1,20403
14680,FOUND,1,2120,11292,1,20404
14974,FOUND,1,2393,11370,1,20405
14644,FOUND,1,2086,11285,1,20406
14801,FOUND,1,2231,11326,1,20407
14802,FOUND,1,2232,11327,1,20408
14872,FOUND,1,2299,11345,1,20409
14838,FOUND,1,2266,11345,1,20410
14833,FOUND,1,2261,11343,1,20411
18241,FOUND,1,5307,11519,1,20412
18357,FOUND,1,5417,11537,1,20413
26268,FOUND,1,10913,11537,1,20414
18626,FOUND,1,5524,11542,1,20415
13364,FOUND,1,843,11244,1,20416
17563,FOUND,1,4736,11244,1,20417
13412,FOUND,1,891,11243,1,20418
26270,FOUND,1,10915,11262,1,20419
13982,FOUND,1,1437,11262,1,20420
18296,FOUND,1,5358,11520,1,20421
26269,FOUND,1,10914,11565,1,20422
23152,FOUND,1,9056,12157,1,20423
47132,FOUND,1,25381,12157,1,20424
14517,FOUND,1,1962,12157,1,20425
13247,NOT_FOUND,0,,,1,20426
34156,FOUND,1,27747,12157,1,20427
14506,FOUND,1,1951,12157,1,20428
39036,FOUND,1,18827,12157,1,20429
34140,FOUND,1,14281,12157,1,20430
47097,FOUND,1,25346,12157,1,20431
22564,FOUND,1,8509,12157,1,20432
16274,FOUND,1,3652,12157,1,20433
45686,NOT_FOUND,0,,,1,20434
26188,NOT_FOUND,0,,,1,20435
22614,FOUND,1,8559,12157,1,20436
13154,FOUND,1,646,12157,1,20437
32917,NOT_FOUND,0,,,1,20438
26163,NOT_FOUND,0,,,1,20439
22670,FOUND,1,8615,12157,1,20440
26420,FOUND,1,11063,11579,1,20441
26622,FOUND,1,11262,11579,1,20442
26614,FOUND,1,11255,11594,1,20443
26551,FOUND,1,11194,11594,1,20444
26427,FOUND,1,11070,11454,1,20445
17022,FOUND,1,4311,11454,1,20446
17054,FOUND,1,4341,11461,1,20447
26276,FOUND,1,10921,11461,1,20448
26760,FOUND,1,11398,11559,1,20449
25969,FOUND,1,10667,11559,1,20450
32866,FOUND,1,13309,11626,1,20451
26733,FOUND,1,11371,11626,1,20452
26670,FOUND,1,11309,11618,1,20453
30952,FOUND,1,28394,11618,1,20454
17217,FOUND,1,4467,11466,1,20455
18402,FOUND,1,5456,11261,1,20456
13981,FOUND,1,1436,11261,1,20457
23712,FOUND,1,9589,12157,1,20458
32921,NOT_FOUND,0,,,1,20459
23155,FOUND,1,9059,12157,1,20460
14115,FOUND,1,1568,12157,1,20461
45251,NOT_FOUND,0,,,1,20462
14575,FOUND,1,2020,12157,1,20463
14161,FOUND,1,1614,12157,1,20464
15915,FOUND,1,3295,12157,1,20465
31868,NOT_FOUND,0,,,1,20466
17706,FOUND,1,4860,11492,1,20467
26693,FOUND,1,11332,11622,1,20468
17702,FOUND,1,4856,11490,1,20469
13983,FOUND,1,1438,11263,1,20470
59547,FOUND,1,26152,22236,1,20471
13985,FOUND,1,1440,11255,1,20472
13506,FOUND,1,984,11250,1,20473
14563,FOUND,1,2008,12157,1,20474
13507,FOUND,1,985,11251,1,20475
18279,FOUND,1,5342,11526,1,20476
26162,NOT_FOUND,0,,,1,20477
13618,FOUND,1,1095,11258,1,20478
14447,FOUND,1,1892,11268,1,20479
18400,FOUND,1,5454,11533,1,20480
13404,FOUND,1,883,11246,1,20481
59741,FOUND,1,26327,22328,1,20482
60018,FOUND,1,26469,22404,1,20483
59720,FOUND,1,27427,22312,1,20484
59829,FOUND,1,28514,22368,1,20485
59822,FOUND,1,28508,22153,1,20486
60019,FOUND,1,26470,22408,1,20487
59834,FOUND,1,26401,22374,1,20488
59823,FOUND,1,28509,22369,1,20489
60008,FOUND,1,26459,22407,1,20490
59821,FOUND,1,28507,22368,1,20491
59827,FOUND,1,28512,22372,1,20492
60009,FOUND,1,26460,22407,1,20493
59840,FOUND,1,26403,22378,1,20494
59816,FOUND,1,28503,22341,1,20495
60001,FOUND,1,28175,22328,1,20496
59992,FOUND,1,26447,22399,1,20497
60000,FOUND,1,26455,22404,1,20498
59737,FOUND,1,26323,22324,1,20499
59764,FOUND,1,26350,22341,1,20500
60010,FOUND,1,26461,22408,1,20502
59996,FOUND,1,26451,22402,1,20503
60011,FOUND,1,26462,22409,1,20504
60021,FOUND,1,26471,22411,1,20505
59813,FOUND,1,26393,22364,1,20506
59743,FOUND,1,26329,22329,1,20507
59997,FOUND,1,26452,22327,1,20508
59986,FOUND,1,26441,22330,1,20509
59750,FOUND,1,26336,22324,1,20510
59744,FOUND,1,26330,22330,1,20511
59995,FOUND,1,26450,22401,1,20512
60023,FOUND,1,26473,22403,1,20513
59769,FOUND,1,26354,22344,1,20514
59778,FOUND,1,28501,22348,1,20515
59991,FOUND,1,26446,22398,1,20516
59740,FOUND,1,26326,22327,1,20517
59987,FOUND,1,26442,22395,1,20518
59773,FOUND,1,26358,22345,1,20519
60002,FOUND,1,26456,22399,1,20520
59742,FOUND,1,26328,22327,1,20521
59988,FOUND,1,26443,22396,1,20522
59998,FOUND,1,26453,22402,1,20523
59989,FOUND,1,26444,22396,1,20524
59669,FOUND,1,26263,22290,1,20525
60015,FOUND,1,26466,22411,1,20526
59659,FOUND,1,28495,22287,1,20527
60012,FOUND,1,26463,22409,1,20528
60025,FOUND,1,26474,22401,1,20529
60026,FOUND,1,27711,22397,1,20530
59993,FOUND,1,26448,22400,1,20531
60020,FOUND,1,27709,22412,1,20532
60024,FOUND,1,27710,21992,1,20533
59833,FOUND,1,26400,22373,1,20534
60022,FOUND,1,26472,22412,1,20535
60014,FOUND,1,26465,22410,1,20536
59664,FOUND,1,26258,22290,1,20537
59673,FOUND,1,26267,22293,1,20538
59668,FOUND,1,26262,22293,1,20539
59677,FOUND,1,26270,22295,1,20540
59675,FOUND,1,26268,22295,1,20541
59649,FOUND,1,26246,22282,1,20542
59665,FOUND,1,26259,26410,1,20543
59695,FOUND,1,26287,22301,1,20544
59548,FOUND,1,26153,22236,1,20545
59648,FOUND,1,26245,22279,1,20546
59694,FOUND,1,27426,22301,1,20547
59765,FOUND,1,26351,22342,1,20549
60839,FOUND,1,26987,22446,1,20550
59730,FOUND,1,26316,22319,1,20551
59793,FOUND,1,28502,22355,1,20552
59841,FOUND,1,26404,22379,1,20553
59435,FOUND,1,26079,22177,1,20555
59820,FOUND,1,28506,22367,1,20556
59758,FOUND,1,26344,22313,1,20557
59826,FOUND,1,28511,22371,1,20558
59837,FOUND,1,28515,22375,1,20559
59729,FOUND,1,26315,22318,1,20560
59728,FOUND,1,26314,22312,1,20561
59786,FOUND,1,26370,22311,1,20562
59731,FOUND,1,26317,22309,1,20563
59844,FOUND,1,26406,22323,1,20564
59809,FOUND,1,26389,22363,1,20565
59721,FOUND,1,27428,22313,1,20566
47931,FOUND,1,25805,22024,1,20567
59643,FOUND,1,28494,22278,1,20568
59999,FOUND,1,26454,22403,1,20569
40421,FOUND,1,19956,14283,1,20570
59646,FOUND,1,26243,26410,1,20571
59644,FOUND,1,26241,22279,1,20572
59680,FOUND,1,26273,22200,1,20573
59688,FOUND,1,26281,22297,1,20574
59685,FOUND,1,26278,22298,1,20575
59683,FOUND,1,26276,22258,1,20576
60013,FOUND,1,26464,22410,1,20577
60027,FOUND,1,28520,22413,1,20578
60029,FOUND,1,28521,22413,1,20579
59585,FOUND,1,26186,22258,1,20580
59682,FOUND,1,26275,22298,1,20581
59681,FOUND,1,26274,22297,1,20582
59515,FOUND,1,26123,22218,1,20584
59787,FOUND,1,26371,22350,1,20586
59749,FOUND,1,26335,22333,1,20587
26873,FOUND,1,11511,12157,1,20588
45715,FOUND,1,24218,14394,1,20589
60075,FOUND,1,26508,14605,1,20590
60074,FOUND,1,26507,14605,1,20591
59755,FOUND,1,26341,22333,1,20592
59780,FOUND,1,26364,22350,1,20593
59848,FOUND,1,26410,22381,1,20594
59527,FOUND,1,26135,22195,1,20598
59523,FOUND,1,26131,22224,1,20599
59529,FOUND,1,26136,22224,1,20600
59525,FOUND,1,26133,22219,1,20601
59516,FOUND,1,26124,22219,1,20602
59517,FOUND,1,26125,22220,1,20603
59518,FOUND,1,26126,22218,1,20604
59690,FOUND,1,26283,22209,1,20605
59994,FOUND,1,26449,22400,1,20606
59397,FOUND,1,26050,22152,1,20607
59623,FOUND,1,26223,22274,1,20608
59387,FOUND,1,28457,22153,1,20609
59627,FOUND,1,26227,22275,1,20610
59658,FOUND,1,26255,22275,1,20611
59394,FOUND,1,26047,22158,1,20612
59656,FOUND,1,26253,26410,1,20613
59386,FOUND,1,28456,22152,1,20614
59631,FOUND,1,28492,22276,1,20615
59392,FOUND,1,26045,22157,1,20616
59716,FOUND,1,26305,22308,1,20617
59714,FOUND,1,28498,22308,1,20618
59707,FOUND,1,26297,22285,1,20619
59655,FOUND,1,26252,22285,1,20620
59704,FOUND,1,26295,22305,1,20621
59691,FOUND,1,26284,22289,1,20622
59708,FOUND,1,26298,22305,1,20623
59661,FOUND,1,26257,22289,1,20624
59395,FOUND,1,26048,22155,1,20625
59533,FOUND,1,26140,22184,1,20626
59619,FOUND,1,26219,22272,1,20627
59642,FOUND,1,26240,22276,1,20628
59393,FOUND,1,26046,26410,1,20629
59390,FOUND,1,26043,22155,1,20630
59626,FOUND,1,26226,22272,1,20631
60092,FOUND,1,26523,14610,1,20632
60101,FOUND,1,26532,14615,1,20633
60076,FOUND,1,26509,14606,1,20634
59652,FOUND,1,26249,22217,1,20637
59528,NOT_FOUND,0,,,1,20638
59514,FOUND,1,26122,22217,1,20639
59524,FOUND,1,26132,22196,1,20640
59521,FOUND,1,26129,22196,1,20641
59526,FOUND,1,26134,22225,1,20642
59650,FOUND,1,26247,22283,1,20643
59703,FOUND,1,26294,22294,1,20644
59674,FOUND,1,28496,22291,1,20645
59657,FOUND,1,26254,22286,1,20646
59715,FOUND,1,26304,22286,1,20647
59666,FOUND,1,26260,22291,1,20648
59568,FOUND,1,26170,22228,1,20649
59671,FOUND,1,26265,22294,1,20650
59651,FOUND,1,26248,22283,1,20651
59676,FOUND,1,26269,22296,1,20652
59654,FOUND,1,26251,22281,1,20653
59692,FOUND,1,26285,22284,1,20654
59660,FOUND,1,26256,22288,1,20655
59672,FOUND,1,26266,22288,1,20656
59653,FOUND,1,26250,22284,1,20657
59647,FOUND,1,26244,22281,1,20658
59678,FOUND,1,26271,22296,1,20659
60039,FOUND,1,26483,22225,1,20660
59618,FOUND,1,26218,22223,1,20661
59522,FOUND,1,26130,22223,1,20662
59520,FOUND,1,26128,22222,1,20663
59519,FOUND,1,26127,22221,1,20664
60047,FOUND,1,26491,22222,1,20665
59622,FOUND,1,26222,22273,1,20666
60038,FOUND,1,26482,22273,1,20667
60046,FOUND,1,26490,22416,1,20668
60045,FOUND,1,26489,22418,1,20669
60037,FOUND,1,26481,22415,1,20670
60044,FOUND,1,26488,22221,1,20671
60043,FOUND,1,26487,22415,1,20672
60042,FOUND,1,26486,22418,1,20673
60040,FOUND,1,26484,22416,1,20674
60041,FOUND,1,26485,22417,1,20675
60049,FOUND,1,26493,22420,1,20676
60051,FOUND,1,26495,22422,1,20677
60048,FOUND,1,26492,22419,1,20678
60059,FOUND,1,26502,22417,1,20679
60057,FOUND,1,26500,22419,1,20680
60055,FOUND,1,26499,22422,1,20681
60056,FOUND,1,28179,22420,1,20682
60050,FOUND,1,26494,22421,1,20683
59645,FOUND,1,26242,22280,1,20687
59693,FOUND,1,26286,22292,1,20688
59667,FOUND,1,26261,22292,1,20689
59689,FOUND,1,26282,22300,1,20690
59687,FOUND,1,26280,22299,1,20691
59686,FOUND,1,26279,22257,1,20692
59584,FOUND,1,26185,22257,1,20693
59532,FOUND,1,26139,22227,1,20694
60060,FOUND,1,28180,22194,1,20695
60052,FOUND,1,26496,22423,1,20696
60053,FOUND,1,26497,22424,1,20697
60058,FOUND,1,26501,22424,1,20698
60054,FOUND,1,26498,22421,1,20699
59679,FOUND,1,26272,22207,1,20702
59396,FOUND,1,26049,22159,1,20703
59391,FOUND,1,26044,22156,1,20704
59389,FOUND,1,26042,22154,1,20705
59634,FOUND,1,26232,22074,1,20706
59205,FOUND,1,28154,22074,1,20707
59632,FOUND,1,28493,22159,1,20708
59633,FOUND,1,26231,22156,1,20709
59388,FOUND,1,26041,22154,1,20710
59710,FOUND,1,26300,22306,1,20711
59453,FOUND,1,28468,12094,1,20713
59713,FOUND,1,26303,22303,1,20714
59700,FOUND,1,26291,22303,1,20715
59705,FOUND,1,26296,22192,1,20717
59712,FOUND,1,26302,22306,1,20718
59403,FOUND,1,26054,22162,1,20719
59636,FOUND,1,26234,22076,1,20720
59402,FOUND,1,26053,26410,1,20721
59209,FOUND,1,28158,22078,1,20722
59207,FOUND,1,28156,22076,1,20723
59401,FOUND,1,28163,22162,1,20724
59399,FOUND,1,26052,22160,1,20725
59398,FOUND,1,26051,22078,1,20726
59541,FOUND,1,26146,22232,1,20727
59539,FOUND,1,26144,22231,1,20728
59635,FOUND,1,26233,22161,1,20729
59400,FOUND,1,28162,22161,1,20730
59404,FOUND,1,26055,22163,1,20731
59549,FOUND,1,26154,22231,1,20732
59540,FOUND,1,26145,22232,1,20733
59487,FOUND,1,26096,22204,1,20734
59479,FOUND,1,26094,22080,1,20735
59500,FOUND,1,26109,22166,1,20736
59709,FOUND,1,26299,22302,1,20737
59212,FOUND,1,28161,22080,1,20739
59409,FOUND,1,26059,22166,1,20740
59697,FOUND,1,26288,22302,1,20741
59639,FOUND,1,26237,22277,1,20742
59204,NOT_FOUND,0,,,1,20743
59211,FOUND,1,28160,22073,1,20744
59556,FOUND,1,26159,22226,1,20745
59559,FOUND,1,26161,22240,1,20746
59503,FOUND,1,26112,26410,1,20747
59534,NOT_FOUND,0,,,1,20748
59531,FOUND,1,26138,22226,1,20749
59530,FOUND,1,26137,22172,1,20750
59416,FOUND,1,28460,22170,1,20752
59701,FOUND,1,26292,22191,1,20753
59452,FOUND,1,28467,12093,1,20754
59699,FOUND,1,26290,22186,1,20755
59640,FOUND,1,26238,22188,1,20757
59638,FOUND,1,26236,22277,1,20758
59203,FOUND,1,28153,22073,1,20760
59552,FOUND,1,26157,22238,1,20761
59706,FOUND,1,28497,22238,1,20762
59208,FOUND,1,28157,22077,1,20763
59536,FOUND,1,26142,22229,1,20764
59538,FOUND,1,26143,22230,1,20765
59545,FOUND,1,26150,22235,1,20766
59498,FOUND,1,26107,22214,1,20767
59499,FOUND,1,26108,22214,1,20768
59408,FOUND,1,26058,22165,1,20769
59501,FOUND,1,26110,22165,1,20770
59711,FOUND,1,26301,22307,1,20771
59546,FOUND,1,26151,22229,1,20773
59637,FOUND,1,26235,22077,1,20774
59543,FOUND,1,26148,22230,1,20775
59550,FOUND,1,26155,22235,1,20776
60068,NOT_FOUND,0,,,1,20777
60065,NOT_FOUND,0,,,1,20778
59551,FOUND,1,26156,22237,1,20779
59696,NOT_FOUND,0,,,1,20780
59450,FOUND,1,28465,22188,1,20781
59206,FOUND,1,28155,22075,1,20782
59614,FOUND,1,26214,22189,1,20784
59407,FOUND,1,26057,22075,1,20785
59210,FOUND,1,28159,22079,1,20787
59202,FOUND,1,28152,22072,1,20789
59505,FOUND,1,26113,22201,1,20790
59410,FOUND,1,28459,22072,1,20793
59406,FOUND,1,26056,22164,1,20794
59506,FOUND,1,26114,22167,1,20796
59412,FOUND,1,26061,22168,1,20797
59414,FOUND,1,28164,22168,1,20798
59413,FOUND,1,26062,21992,1,20799
59600,FOUND,1,26200,22251,1,20800
59411,FOUND,1,26060,22167,1,20801
59507,FOUND,1,26115,26410,1,20802
59535,FOUND,1,26141,22228,1,20803
59571,FOUND,1,26172,22227,1,20804
59490,FOUND,1,26099,26410,1,20805
59558,NOT_FOUND,0,,,1,20806
59583,FOUND,1,26184,22256,1,20807
59488,FOUND,1,26097,22210,1,20808
59553,NOT_FOUND,0,,,1,20809
59415,FOUND,1,28165,22169,1,20810
59492,FOUND,1,26101,22213,1,20811
59572,FOUND,1,26173,22210,1,20812
59494,FOUND,1,26103,21992,1,20813
59512,FOUND,1,26120,22169,1,20814
59510,FOUND,1,26118,26410,1,20815
59624,FOUND,1,26224,26410,1,20816
59509,FOUND,1,26117,21992,1,20817
59641,FOUND,1,26239,26410,1,20818
59628,FOUND,1,26228,26410,1,20819
59496,FOUND,1,26105,26410,1,20820
59587,FOUND,1,26187,22252,1,20821
59504,FOUND,1,28491,22202,1,20822
60064,NOT_FOUND,0,,,1,20823
60063,NOT_FOUND,0,,,1,20824
60062,NOT_FOUND,0,,,1,20825
60061,NOT_FOUND,0,,,1,20826
59557,FOUND,1,26160,22239,1,20827
59497,FOUND,1,26106,21844,1,20828
59511,FOUND,1,26119,22216,1,20829
59495,FOUND,1,26104,26410,1,20830
59489,FOUND,1,26098,22211,1,20831
59555,FOUND,1,26158,22212,1,20832
59420,FOUND,1,28462,22173,1,20833
59417,FOUND,1,26063,22171,1,20834
59513,FOUND,1,26121,22211,1,20835
59491,FOUND,1,26100,22212,1,20836
59493,FOUND,1,26102,22173,1,20837
59502,FOUND,1,26111,22215,1,20838
59578,FOUND,1,26179,22252,1,20839
59577,FOUND,1,26178,22251,1,20840
59575,FOUND,1,26176,22249,1,20841
59610,FOUND,1,26210,22249,1,20842
59576,FOUND,1,26177,22250,1,20843
59567,FOUND,1,26169,22246,1,20844
59570,FOUND,1,26171,22247,1,20845
59569,NOT_FOUND,0,,,1,20846
59574,FOUND,1,26175,22248,1,20847
59593,FOUND,1,26193,22262,1,20848
59617,FOUND,1,26217,22247,1,20849
59592,FOUND,1,26192,22246,1,20850
59616,FOUND,1,26216,21845,1,20851
46369,FOUND,1,24670,21845,1,20852
59615,FOUND,1,26215,22239,1,20853
46368,FOUND,1,24669,21844,1,20854
59508,FOUND,1,26116,22216,1,20855
59582,FOUND,1,26183,22255,1,20856
59630,FOUND,1,26230,22261,1,20857
59601,FOUND,1,26201,22265,1,20858
59560,FOUND,1,26162,22241,1,20859
59586,FOUND,1,27425,22242,1,20860
59613,FOUND,1,26213,22271,1,20861
59612,FOUND,1,26212,22271,1,20862
59562,FOUND,1,26164,22242,1,20863
59561,FOUND,1,26163,22241,1,20864
59599,FOUND,1,26199,22265,1,20865
59625,FOUND,1,26225,22244,1,20866
59581,FOUND,1,26182,22248,1,20867
59564,FOUND,1,26166,22244,1,20868
59591,FOUND,1,26191,22255,1,20869
59590,FOUND,1,26190,22261,1,20870
59563,FOUND,1,26165,22243,1,20871
59607,FOUND,1,26207,22269,1,20872
59589,FOUND,1,26189,22260,1,20873
59565,FOUND,1,26167,22243,1,20874
59621,FOUND,1,26221,22260,1,20875
59588,FOUND,1,26188,22259,1,20876
59629,FOUND,1,26229,22269,1,20877
59597,FOUND,1,26197,22264,1,20878
59595,FOUND,1,26195,22263,1,20879
59611,FOUND,1,26211,22268,1,20880
59598,FOUND,1,26198,22253,1,20881
59579,FOUND,1,26180,22253,1,20882
59594,FOUND,1,26194,22263,1,20883
59596,FOUND,1,26196,22264,1,20884
59188,FOUND,1,25895,22064,1,20885
59189,FOUND,1,28454,22065,1,20886
59198,FOUND,1,25902,22069,1,20887
60833,FOUND,1,26981,22443,1,20888
60845,FOUND,1,26993,22449,1,20889
60844,FOUND,1,26992,22449,1,20890
60840,FOUND,1,26988,22447,1,20891
60838,FOUND,1,26986,22446,1,20892
60832,FOUND,1,26980,22443,1,20893
59200,FOUND,1,28455,22070,1,20894
59193,FOUND,1,25899,22064,1,20895
60032,FOUND,1,26477,22065,1,20896
59196,FOUND,1,25900,22069,1,20897
60105,NOT_FOUND,0,,,1,20898
60831,FOUND,1,26979,22442,1,20899
60837,FOUND,1,26985,22445,1,20900
60843,FOUND,1,26991,22448,1,20901
60842,FOUND,1,26990,22448,1,20902
60836,FOUND,1,26984,22445,1,20903
60830,FOUND,1,26978,22442,1,20904
60829,FOUND,1,26977,22441,1,20905
60835,FOUND,1,26983,22444,1,20906
60841,FOUND,1,26989,22447,1,20907
60834,FOUND,1,26982,22444,1,20908
60828,FOUND,1,26976,22441,1,20909
60034,FOUND,1,27713,22384,1,20910
60033,FOUND,1,26478,22383,1,20911
59958,FOUND,1,26421,22385,1,20912
59201,FOUND,1,25904,22071,1,20913
59957,FOUND,1,26420,22384,1,20914
59956,FOUND,1,26419,22383,1,20915
60816,FOUND,1,26964,22385,1,20916
59971,FOUND,1,26430,22071,1,20917
60813,FOUND,1,26961,22434,1,20918
59194,FOUND,1,28150,22068,1,20919
60817,FOUND,1,26965,22436,1,20920
60824,FOUND,1,26972,22439,1,20921
60818,FOUND,1,26966,22436,1,20922
60825,FOUND,1,26973,22439,1,20923
60821,FOUND,1,26969,22068,1,20924
60814,FOUND,1,26962,22434,1,20925
60036,FOUND,1,26480,22414,1,20926
60815,FOUND,1,26963,22435,1,20927
60822,FOUND,1,26970,22438,1,20928
60819,FOUND,1,26967,22437,1,20929
60826,FOUND,1,26974,22440,1,20930
60823,FOUND,1,26971,22438,1,20931
60820,FOUND,1,26968,22437,1,20932
60827,FOUND,1,26975,22440,1,20933
59580,FOUND,1,26181,22254,1,20934
59573,FOUND,1,26174,22245,1,20935
59603,FOUND,1,26203,22266,1,20936
59605,FOUND,1,26205,22267,1,20937
59602,FOUND,1,26202,22266,1,20938
59969,FOUND,1,26429,22386,1,20939
60800,FOUND,1,26948,22431,1,20940
60030,FOUND,1,26475,22414,1,20941
59973,FOUND,1,26432,22388,1,20942
59191,FOUND,1,25897,22067,1,20943
60799,FOUND,1,26947,22386,1,20944
60807,FOUND,1,26955,22431,1,20945
47937,FOUND,1,25811,22022,1,20946
59430,FOUND,1,26074,22175,1,20947
59423,FOUND,1,26067,22174,1,20948
59974,FOUND,1,28171,22389,1,20949
47923,FOUND,1,25797,22022,1,20950
59422,FOUND,1,26066,22175,1,20951
59421,FOUND,1,26065,22174,1,20952
59975,FOUND,1,28172,22389,1,20953
47922,FOUND,1,25796,22021,1,20954
60005,FOUND,1,28177,22406,1,20955
59972,FOUND,1,26431,22387,1,20956
60792,FOUND,1,26940,22427,1,20957
60798,FOUND,1,26946,22430,1,20958
60806,FOUND,1,26954,22433,1,20959
60797,FOUND,1,26945,22429,1,20960
60805,FOUND,1,26953,22430,1,20961
59984,FOUND,1,28174,21834,1,20962
59955,FOUND,1,26418,22021,1,20963
60031,FOUND,1,26476,22406,1,20964
60035,FOUND,1,26479,22387,1,20965
59954,FOUND,1,26417,22382,1,20966
59983,FOUND,1,26439,22394,1,20967
59985,FOUND,1,26440,22393,1,20968
60006,FOUND,1,28178,22391,1,20969
60791,FOUND,1,26939,22426,1,20970
60796,FOUND,1,26944,22426,1,20971
60804,FOUND,1,26952,22432,1,20972
60811,FOUND,1,26959,22427,1,20973
60812,FOUND,1,26960,22433,1,20974
60790,FOUND,1,26938,22425,1,20975
60795,FOUND,1,26943,22428,1,20976
60803,FOUND,1,26951,22428,1,20977
60810,FOUND,1,26958,22432,1,20978
59977,FOUND,1,26434,22391,1,20979
59980,FOUND,1,26437,22393,1,20980
59982,FOUND,1,28173,22394,1,20981
59967,FOUND,1,28170,22382,1,20982
60007,FOUND,1,26458,22390,1,20983
59979,FOUND,1,26436,21839,1,20984
59978,FOUND,1,26435,22392,1,20985
60110,NOT_FOUND,0,,,1,20986
59190,FOUND,1,25896,22066,1,20987
60794,FOUND,1,26942,26410,1,20988
60809,FOUND,1,26957,26410,1,20989
60802,FOUND,1,26950,26410,1,20990
60801,FOUND,1,26949,26410,1,20991
60808,FOUND,1,26956,26410,1,20992
60793,FOUND,1,26941,26410,1,20993
59192,FOUND,1,25898,22066,1,20994
59981,FOUND,1,26438,22392,1,20995
39535,FOUND,1,27685,21839,1,20996
59976,FOUND,1,26433,22390,1,20997
60084,NOT_FOUND,0,,,1,20998
60104,NOT_FOUND,0,,,1,20999
60083,NOT_FOUND,0,,,1,21000
59604,FOUND,1,26204,22267,1,21001
59566,FOUND,1,26168,22245,1,21002
60112,NOT_FOUND,0,,,1,21003
60106,NOT_FOUND,0,,,1,21004
60107,FOUND,1,26535,26410,1,21005
60108,NOT_FOUND,0,,,1,21006
60111,NOT_FOUND,0,,,1,21007
60109,NOT_FOUND,0,,,1,21008
60069,NOT_FOUND,0,,,1,21009
60067,NOT_FOUND,0,,,1,21010
60066,NOT_FOUND,0,,,1,21011
17846,FOUND,1,4943,13531,1,21013
38638,FOUND,1,18457,13462,1,21014
15050,FOUND,1,2459,13468,1,21015
38590,FOUND,1,18409,13808,1,21016
18034,FOUND,1,5103,13579,1,21017
38603,FOUND,1,18422,13811,1,21018
38574,FOUND,1,18393,13795,1,21019
17407,FOUND,1,4601,13575,1,21020
38547,FOUND,1,18366,13782,1,21021
38561,FOUND,1,18380,13789,1,21022
38612,FOUND,1,18431,13808,1,21023
38596,FOUND,1,18415,13811,1,21024
38577,FOUND,1,18396,13798,1,21025
38562,FOUND,1,18381,13789,1,21026
17311,FOUND,1,4538,13572,1,21027
36551,FOUND,1,16644,13691,1,21028
38605,FOUND,1,18424,13814,1,21029
38615,FOUND,1,18434,13812,1,21030
38422,FOUND,1,18251,13690,1,21031
38602,FOUND,1,18421,13812,1,21032
38611,FOUND,1,18430,13815,1,21033
38617,FOUND,1,18436,13815,1,21034
36550,FOUND,1,16643,13690,1,21035
38429,FOUND,1,18258,13457,1,21036
15006,FOUND,1,2422,13457,1,21037
38407,FOUND,1,18236,13691,1,21038
36546,FOUND,1,16639,13685,1,21039
38610,FOUND,1,18429,13814,1,21040
38580,FOUND,1,18399,13801,1,21041
38583,FOUND,1,18402,13801,1,21042
61784,NOT_FOUND,0,,,1,21043
61785,NOT_FOUND,0,,,1,21044
26529,FOUND,1,11172,13484,1,21045
36552,FOUND,1,16645,13692,1,21046
26496,FOUND,1,11139,13455,1,21047
26676,FOUND,1,11315,13615,1,21048
15031,FOUND,1,2441,13464,1,21049
15052,FOUND,1,2461,13470,1,21050
27037,FOUND,1,11675,13421,1,21051
12822,FOUND,1,328,13421,1,21052
38741,FOUND,1,18551,13857,1,21053
26562,FOUND,1,11204,13463,1,21054
26450,FOUND,1,11093,13615,1,21055
15030,FOUND,1,2440,13463,1,21056
38431,FOUND,1,18260,13764,1,21057
16532,FOUND,1,3892,13495,1,21058
17859,FOUND,1,4955,13495,1,21059
15063,FOUND,1,2471,13473,1,21060
38819,FOUND,1,18626,13787,1,21061
15100,FOUND,1,2501,13479,1,21062
17851,FOUND,1,4948,13479,1,21063
38725,FOUND,1,18536,13857,1,21064
38540,FOUND,1,18359,13708,1,21065
15124,FOUND,1,2522,13484,1,21066
16737,FOUND,1,4064,13532,1,21067
38732,FOUND,1,18542,13827,1,21068
38573,FOUND,1,18392,13692,1,21069
17857,FOUND,1,4953,13532,1,21070
38859,FOUND,1,18666,26410,1,21071
37056,FOUND,1,16967,13706,1,21072
26478,FOUND,1,11121,13464,1,21073
15053,FOUND,1,2462,13470,1,21074
31247,FOUND,1,12904,13647,1,21075
38739,FOUND,1,18549,13865,1,21076
38706,FOUND,1,18517,13844,1,21077
30755,FOUND,1,12671,13645,1,21078
38684,FOUND,1,18496,13827,1,21079
38721,FOUND,1,18532,13855,1,21080
37055,FOUND,1,16966,13681,1,21081
31246,FOUND,1,12903,13645,1,21082
30749,FOUND,1,12666,13642,1,21083
38852,FOUND,1,18659,13865,1,21084
31245,FOUND,1,12902,13646,1,21085
30747,FOUND,1,12664,13642,1,21086
38734,FOUND,1,18544,13861,1,21087
36540,FOUND,1,16636,13681,1,21088
38740,FOUND,1,18550,13844,1,21089
36553,FOUND,1,16646,13693,1,21090
36548,FOUND,1,16641,13688,1,21091
28215,FOUND,1,12628,13593,1,21092
38430,FOUND,1,18259,13770,1,21093
38755,FOUND,1,18564,13870,1,21094
36544,FOUND,1,28530,13685,1,21095
31248,FOUND,1,12905,13589,1,21096
31249,FOUND,1,12906,13646,1,21097
38757,FOUND,1,18566,13847,1,21098
38435,FOUND,1,18264,13770,1,21099
30748,FOUND,1,12665,13643,1,21100
38764,FOUND,1,18573,13872,1,21101
38710,FOUND,1,18521,13847,1,21102
38541,FOUND,1,18360,13693,1,21103
30750,FOUND,1,12667,13643,1,21104
25858,FOUND,1,10559,13599,1,21105
17752,FOUND,1,4896,13510,1,21106
26494,FOUND,1,11137,13477,1,21107
15125,FOUND,1,2523,13460,1,21108
15510,NOT_FOUND,0,,,1,21109
17396,FOUND,1,4592,13557,1,21110
25952,FOUND,1,10650,13604,1,21111
15098,FOUND,1,2499,13477,1,21112
15010,FOUND,1,2426,13460,1,21113
16663,FOUND,1,3996,13443,1,21114
26461,FOUND,1,11104,13616,1,21115
16664,FOUND,1,3997,13510,1,21116
16713,FOUND,1,4042,13458,1,21117
26000,FOUND,1,10698,13608,1,21118
26527,FOUND,1,11170,13622,1,21119
15011,FOUND,1,2427,13461,1,21120
38858,FOUND,1,18665,13888,1,21121
38421,FOUND,1,18250,13765,1,21122
26539,FOUND,1,11182,13461,1,21123
16617,FOUND,1,3958,13503,1,21124
38861,FOUND,1,18668,13900,1,21125
38414,FOUND,1,18243,13732,1,21126
38822,FOUND,1,18629,13888,1,21127
16854,FOUND,1,4170,13552,1,21128
37574,FOUND,1,17469,13732,1,21129
38426,FOUND,1,18255,13767,1,21130
13977,FOUND,1,1432,13441,1,21131
38820,FOUND,1,18627,13886,1,21132
38855,FOUND,1,18662,13885,1,21133
38824,FOUND,1,18631,13886,1,21134
38441,FOUND,1,27223,13768,1,21135
13002,FOUND,1,497,13438,1,21136
38427,FOUND,1,18256,13768,1,21137
38823,FOUND,1,18630,13718,1,21138
37296,FOUND,1,17193,13718,1,21139
41428,FOUND,1,20767,14346,1,21140
38779,FOUND,1,18588,13853,1,21141
38705,FOUND,1,18516,13843,1,21142
38696,FOUND,1,18508,13837,1,21143
38694,FOUND,1,18506,13835,1,21144
37306,FOUND,1,17203,13727,1,21145
38715,FOUND,1,18526,13765,1,21146
38717,FOUND,1,18528,13851,1,21147
38825,FOUND,1,18632,13716,1,21148
38440,FOUND,1,18267,13767,1,21149
38854,FOUND,1,18661,13727,1,21150
38713,FOUND,1,18524,13849,1,21151
38763,FOUND,1,18572,13874,1,21152
38433,FOUND,1,18262,13688,1,21153
38771,FOUND,1,18580,13876,1,21154
38754,FOUND,1,18563,13869,1,21155
38766,FOUND,1,18575,13873,1,21156
38756,FOUND,1,18565,13869,1,21157
38781,FOUND,1,18590,13876,1,21158
38762,FOUND,1,18571,13873,1,21159
38765,FOUND,1,18574,13871,1,21160
38390,FOUND,1,18220,13723,1,21161
38716,FOUND,1,18527,13849,1,21162
38758,FOUND,1,18567,13871,1,21163
38761,FOUND,1,18570,13870,1,21164
38768,FOUND,1,18577,13874,1,21165
38776,FOUND,1,18585,13879,1,21166
38714,FOUND,1,18525,13850,1,21167
38783,FOUND,1,18592,13851,1,21168
38782,FOUND,1,18591,13879,1,21169
37301,FOUND,1,17198,13723,1,21170
38774,FOUND,1,18583,13878,1,21171
38769,FOUND,1,18578,13850,1,21172
38686,FOUND,1,18498,13829,1,21173
38850,FOUND,1,18657,13899,1,21174
38853,FOUND,1,18660,13899,1,21175
38775,FOUND,1,18584,13878,1,21176
38767,FOUND,1,18576,13875,1,21177
38773,FOUND,1,18582,13877,1,21178
38772,FOUND,1,18581,13877,1,21179
38563,FOUND,1,18382,13790,1,21180
38623,FOUND,1,18442,13817,1,21181
15328,FOUND,1,2712,13488,1,21182
38619,FOUND,1,18438,13817,1,21183
38620,FOUND,1,18439,13818,1,21184
38639,FOUND,1,18458,13824,1,21185
17775,FOUND,1,4914,13551,1,21186
38622,FOUND,1,18441,13819,1,21187
38630,FOUND,1,18449,13781,1,21188
38555,FOUND,1,18374,13786,1,21189
38625,FOUND,1,18444,13818,1,21190
38564,FOUND,1,18383,13790,1,21191
38624,FOUND,1,18443,13820,1,21192
14178,FOUND,1,1631,13443,1,21193
16712,FOUND,1,4041,13438,1,21194
16601,FOUND,1,3948,13500,1,21195
36543,FOUND,1,27618,13684,1,21196
38609,FOUND,1,18428,13798,1,21197
38626,FOUND,1,18445,13821,1,21198
38417,FOUND,1,18246,13763,1,21199
38558,FOUND,1,18377,13569,1,21200
38634,FOUND,1,18453,13823,1,21201
38613,FOUND,1,18432,13788,1,21202
38566,FOUND,1,18385,13766,1,21203
38607,FOUND,1,18426,13795,1,21204
38551,FOUND,1,18370,13784,1,21205
38436,FOUND,1,18265,13771,1,21206
38423,FOUND,1,18252,13689,1,21207
38621,FOUND,1,18440,13819,1,21208
38550,FOUND,1,18369,13784,1,21209
38632,FOUND,1,18451,13786,1,21210
38544,FOUND,1,18363,13780,1,21211
38557,FOUND,1,18376,13785,1,21212
38585,FOUND,1,18404,13804,1,21213
38559,FOUND,1,18378,13787,1,21214
38571,FOUND,1,18390,13791,1,21215
26084,FOUND,1,10779,13516,1,21216
38587,FOUND,1,18406,13804,1,21217
38549,FOUND,1,18368,13780,1,21218
38538,FOUND,1,18357,13687,1,21219
37573,FOUND,1,17468,13731,1,21220
27033,FOUND,1,11671,13630,1,21221
38552,FOUND,1,18371,13785,1,21222
37058,FOUND,1,16969,13708,1,21223
38539,FOUND,1,18358,13731,1,21224
38565,FOUND,1,18384,13791,1,21225
37603,FOUND,1,28538,13684,1,21226
38591,FOUND,1,18410,13809,1,21227
38546,FOUND,1,18365,13781,1,21228
36549,FOUND,1,16642,13689,1,21229
38434,FOUND,1,18263,13771,1,21230
38616,FOUND,1,18435,13813,1,21231
38629,FOUND,1,18448,13821,1,21232
37057,FOUND,1,16968,13707,1,21233
38424,FOUND,1,18253,13766,1,21234
38633,FOUND,1,18452,13823,1,21235
38597,FOUND,1,18416,13809,1,21236
36547,FOUND,1,16640,13687,1,21237
38604,FOUND,1,18423,13813,1,21238
38418,FOUND,1,18247,13763,1,21239
38606,FOUND,1,18425,13803,1,21240
38631,FOUND,1,18450,13822,1,21241
14439,FOUND,1,1884,13428,1,21242
14268,FOUND,1,1714,13447,1,21243
26526,FOUND,1,11169,13619,1,21244
12835,FOUND,1,341,13428,1,21245
15034,FOUND,1,27501,13434,1,21246
26509,FOUND,1,11152,13619,1,21247
25957,FOUND,1,10655,13504,1,21248
27039,FOUND,1,11677,13490,1,21249
26971,FOUND,1,11609,13629,1,21250
27025,FOUND,1,11663,13564,1,21251
25867,FOUND,1,10568,13602,1,21252
26479,FOUND,1,11122,13617,1,21253
26980,FOUND,1,11618,13629,1,21254
12965,FOUND,1,463,13434,1,21255
25800,FOUND,1,10501,13597,1,21256
17548,FOUND,1,4721,13556,1,21257
38695,FOUND,1,18507,13836,1,21258
37586,FOUND,1,17481,13739,1,21259
26495,FOUND,1,11138,13617,1,21260
16739,FOUND,1,4066,13533,1,21261
38708,FOUND,1,18519,13838,1,21262
37581,FOUND,1,17476,13738,1,21263
38687,FOUND,1,18499,13829,1,21264
12818,FOUND,1,324,13418,1,21265
37583,FOUND,1,17478,13737,1,21266
37587,FOUND,1,17482,13739,1,21267
16738,FOUND,1,4065,13533,1,21268
38702,FOUND,1,18513,13841,1,21269
38698,FOUND,1,18509,13838,1,21270
37582,FOUND,1,17477,13738,1,21271
37300,FOUND,1,17197,13722,1,21272
38425,FOUND,1,18254,13733,1,21273
26483,FOUND,1,11126,13602,1,21274
37590,FOUND,1,17485,13742,1,21275
37589,FOUND,1,17484,13741,1,21276
38413,FOUND,1,18242,13762,1,21277
26499,FOUND,1,11142,13597,1,21278
37572,FOUND,1,17467,13730,1,21279
37588,FOUND,1,17483,13740,1,21280
16685,FOUND,1,4016,13515,1,21281
36542,FOUND,1,16638,13683,1,21282
38770,FOUND,1,18579,13836,1,21283
37580,FOUND,1,17475,13737,1,21284
17853,FOUND,1,4950,13522,1,21285
37575,FOUND,1,17470,13733,1,21286
16701,FOUND,1,4030,13522,1,21287
17849,FOUND,1,4946,13578,1,21288
38420,FOUND,1,18249,13764,1,21289
16759,FOUND,1,4085,13528,1,21290
16659,FOUND,1,3992,13467,1,21291
12823,FOUND,1,329,13422,1,21292
36545,FOUND,1,28531,13686,1,21293
16702,FOUND,1,4031,13523,1,21294
15007,FOUND,1,2423,13458,1,21295
38572,FOUND,1,18391,13706,1,21296
15084,FOUND,1,2487,13474,1,21297
16722,FOUND,1,4051,13528,1,21298
15037,FOUND,1,2446,13467,1,21299
38432,FOUND,1,18261,13686,1,21300
14408,FOUND,1,1853,13419,1,21301
38542,FOUND,1,18361,13778,1,21302
38556,FOUND,1,18375,13783,1,21303
15096,FOUND,1,2498,13476,1,21304
38554,FOUND,1,18373,13779,1,21305
38628,FOUND,1,18447,13623,1,21306
26660,FOUND,1,11299,13476,1,21307
26538,FOUND,1,11181,13623,1,21308
38545,FOUND,1,18364,13491,1,21309
38818,FOUND,1,18625,13885,1,21310
26977,FOUND,1,11615,13493,1,21311
12819,FOUND,1,325,13419,1,21312
38548,FOUND,1,18367,13783,1,21313
38543,FOUND,1,18362,13779,1,21314
38553,FOUND,1,18372,13630,1,21315
26682,FOUND,1,11321,13488,1,21316
16616,FOUND,1,3957,13502,1,21317
12825,FOUND,1,331,13424,1,21318
17850,FOUND,1,4947,13578,1,21319
17848,FOUND,1,4945,13553,1,21320
15698,FOUND,1,3080,13492,1,21321
17755,FOUND,1,4899,13424,1,21322
17754,FOUND,1,4898,13577,1,21323
14804,FOUND,1,2234,13452,1,21324
38975,FOUND,1,18782,13431,1,21325
14300,FOUND,1,1746,13448,1,21326
14789,FOUND,1,2221,13452,1,21327
16709,FOUND,1,4038,13525,1,21328
38582,FOUND,1,18401,13803,1,21329
17856,FOUND,1,4952,13523,1,21330
16692,FOUND,1,4022,13515,1,21331
38780,FOUND,1,18589,13854,1,21332
28213,FOUND,1,12627,13639,1,21333
38730,FOUND,1,18540,13859,1,21334
12833,FOUND,1,339,13426,1,21335
38391,FOUND,1,18221,13752,1,21336
38727,FOUND,1,18538,13859,1,21337
38728,FOUND,1,18539,13858,1,21338
26662,FOUND,1,11301,13627,1,21339
37307,FOUND,1,17204,13728,1,21340
38851,FOUND,1,18658,13752,1,21341
26656,FOUND,1,11295,13626,1,21342
26673,FOUND,1,11312,13626,1,21343
38726,FOUND,1,18537,13858,1,21344
38412,FOUND,1,18241,13730,1,21345
38683,FOUND,1,18495,13722,1,21346
26661,FOUND,1,11300,13494,1,21347
26536,FOUND,1,11179,13576,1,21348
38600,FOUND,1,18419,13797,1,21349
17454,FOUND,1,4637,13576,1,21350
16660,FOUND,1,3993,13501,1,21351
26645,FOUND,1,11285,13624,1,21352
27017,FOUND,1,11655,13625,1,21353
16694,FOUND,1,4024,13520,1,21354
12866,FOUND,1,370,13429,1,21355
26646,FOUND,1,11286,13625,1,21356
16545,FOUND,1,3902,13497,1,21357
15035,FOUND,1,2444,13426,1,21358
16521,FOUND,1,3881,13494,1,21359
27066,FOUND,1,28524,13497,1,21360
16611,FOUND,1,3952,13501,1,21361
27073,FOUND,1,11710,13627,1,21362
16789,FOUND,1,4112,13538,1,21363
26384,FOUND,1,11028,13465,1,21364
15099,FOUND,1,2500,13478,1,21365
38743,FOUND,1,18553,13866,1,21366
16608,FOUND,1,3951,13496,1,21367
17858,FOUND,1,4954,13549,1,21368
26389,FOUND,1,11032,13512,1,21369
26008,FOUND,1,10706,13607,1,21370
31252,FOUND,1,12909,13639,1,21371
16672,FOUND,1,4005,13512,1,21372
25997,FOUND,1,10695,13607,1,21373
38744,FOUND,1,18554,13861,1,21374
26498,FOUND,1,11141,13478,1,21375
15123,FOUND,1,2521,13483,1,21376
15032,FOUND,1,2442,13465,1,21377
38735,FOUND,1,18545,13862,1,21378
16580,FOUND,1,3936,13498,1,21379
17426,FOUND,1,4616,13498,1,21380
15061,FOUND,1,2469,13472,1,21381
16675,FOUND,1,4008,13514,1,21382
26515,FOUND,1,11158,13620,1,21383
38711,FOUND,1,18522,13848,1,21384
26510,FOUND,1,11153,13459,1,21385
27090,FOUND,1,11727,13562,1,21386
15192,FOUND,1,2583,13486,1,21387
15051,FOUND,1,2460,13469,1,21388
26680,FOUND,1,11319,13624,1,21389
17500,FOUND,1,4683,13480,1,21390
15101,FOUND,1,2502,13471,1,21391
15191,FOUND,1,2582,13485,1,21392
16662,FOUND,1,3995,13486,1,21393
26524,FOUND,1,11167,13574,1,21394
17855,FOUND,1,4951,13542,1,21395
16721,FOUND,1,4050,13527,1,21396
16719,FOUND,1,4048,13526,1,21397
14214,FOUND,1,1662,13444,1,21398
27070,FOUND,1,11707,13444,1,21399
17852,FOUND,1,4949,13527,1,21400
26679,FOUND,1,11318,13425,1,21401
14977,FOUND,1,2396,13456,1,21402
12875,FOUND,1,378,13429,1,21403
12831,FOUND,1,337,13425,1,21404
15115,FOUND,1,2515,13481,1,21405
16585,FOUND,1,3940,13499,1,21406
16539,FOUND,1,3897,13496,1,21407
17860,FOUND,1,4956,13545,1,21408
16656,FOUND,1,3989,13506,1,21409
16658,FOUND,1,3991,13508,1,21410
16723,FOUND,1,4052,13529,1,21411
16705,FOUND,1,4034,13423,1,21412
12834,FOUND,1,340,13427,1,21413
16760,FOUND,1,4086,13536,1,21414
14306,FOUND,1,1751,13449,1,21415
26009,FOUND,1,10707,13563,1,21416
26655,FOUND,1,11294,13449,1,21417
12824,FOUND,1,330,13423,1,21418
12926,FOUND,1,427,13432,1,21419
12918,FOUND,1,420,13430,1,21420
17747,FOUND,1,4894,13427,1,21421
16691,FOUND,1,4021,13518,1,21422
12905,FOUND,1,408,13430,1,21423
12911,FOUND,1,414,13432,1,21424
16714,FOUND,1,4043,13505,1,21425
13509,FOUND,1,987,13439,1,21426
15062,FOUND,1,2470,13469,1,21427
26003,FOUND,1,10701,13509,1,21428
25864,FOUND,1,10565,13601,1,21429
26537,FOUND,1,11180,13558,1,21430
26577,FOUND,1,11219,13620,1,21431
15057,FOUND,1,2465,13471,1,21432
26541,FOUND,1,11184,13546,1,21433
17518,FOUND,1,4696,13541,1,21434
26486,FOUND,1,11129,13514,1,21435
16654,FOUND,1,3987,13505,1,21436
15009,FOUND,1,2425,13459,1,21437
26490,FOUND,1,11133,13547,1,21438
16661,FOUND,1,3994,13509,1,21439
38578,FOUND,1,18397,13799,1,21440
38594,FOUND,1,18413,13807,1,21441
26518,FOUND,1,11161,13621,1,21442
38595,FOUND,1,18414,13810,1,21443
38592,FOUND,1,18411,13802,1,21444
38589,FOUND,1,18408,13807,1,21445
38598,FOUND,1,18417,13796,1,21446
38608,FOUND,1,18427,13799,1,21447
38575,FOUND,1,18394,13796,1,21448
38593,FOUND,1,18412,13806,1,21449
26085,FOUND,1,10780,13601,1,21450
38601,FOUND,1,18420,13810,1,21451
38614,FOUND,1,18433,13816,1,21452
38618,FOUND,1,18437,13816,1,21453
17138,FOUND,1,4399,13441,1,21454
38599,FOUND,1,18418,13805,1,21455
38560,FOUND,1,18379,13788,1,21456
38586,FOUND,1,18405,13805,1,21457
38579,FOUND,1,18398,13800,1,21458
38627,FOUND,1,18446,13820,1,21459
38581,FOUND,1,18400,13802,1,21460
38584,FOUND,1,18403,13800,1,21461
38588,FOUND,1,18407,13806,1,21462
38640,FOUND,1,18459,13825,1,21463
38576,FOUND,1,18395,13797,1,21464
38707,FOUND,1,18518,13845,1,21465
38733,FOUND,1,18543,13860,1,21466
38753,FOUND,1,18562,13868,1,21467
38693,FOUND,1,18505,13834,1,21468
37294,FOUND,1,17191,13716,1,21469
38745,FOUND,1,18555,13860,1,21470
38737,FOUND,1,18547,13864,1,21471
38759,FOUND,1,18568,13868,1,21472
38760,FOUND,1,18569,13872,1,21473
38722,FOUND,1,18533,13834,1,21474
38752,FOUND,1,18561,13866,1,21475
38731,FOUND,1,18541,13845,1,21476
38746,FOUND,1,18556,13867,1,21477
38712,FOUND,1,18523,13848,1,21478
38748,FOUND,1,18558,13864,1,21479
26533,FOUND,1,11176,13618,1,21480
25989,FOUND,1,10687,13605,1,21481
38691,FOUND,1,18503,13833,1,21482
38790,FOUND,1,18599,13842,1,21483
38788,FOUND,1,18597,13839,1,21484
26481,FOUND,1,11124,13618,1,21485
26004,FOUND,1,10702,13609,1,21486
38749,FOUND,1,18559,13867,1,21487
26659,FOUND,1,11298,13420,1,21488
26535,FOUND,1,11178,13570,1,21489
38703,FOUND,1,18514,13842,1,21490
25955,FOUND,1,10653,13605,1,21491
38701,FOUND,1,18512,13840,1,21492
38700,FOUND,1,18511,13833,1,21493
38699,FOUND,1,18510,13839,1,21494
13991,FOUND,1,1446,13442,1,21495
12972,FOUND,1,467,13435,1,21496
26896,FOUND,1,11534,13628,1,21497
25869,FOUND,1,10570,13603,1,21498
25879,FOUND,1,10580,13600,1,21499
26006,FOUND,1,10704,13610,1,21500
17137,FOUND,1,4398,13570,1,21501
27096,FOUND,1,11733,13611,1,21502
25988,FOUND,1,10686,13606,1,21503
25954,FOUND,1,10652,13442,1,21504
26091,FOUND,1,10786,13610,1,21505
25863,FOUND,1,10564,13600,1,21506
12914,FOUND,1,417,13433,1,21507
25998,FOUND,1,10696,13435,1,21508
26317,FOUND,1,10962,13606,1,21509
38785,FOUND,1,18594,13880,1,21510
38690,FOUND,1,18502,13832,1,21511
38688,FOUND,1,18500,13830,1,21512
38719,FOUND,1,18530,13853,1,21513
38709,FOUND,1,18520,13846,1,21514
38723,FOUND,1,18534,13856,1,21515
38718,FOUND,1,18529,13852,1,21516
25880,FOUND,1,10581,13598,1,21517
38786,FOUND,1,18595,13880,1,21518
38724,FOUND,1,18535,13826,1,21519
26082,FOUND,1,10777,13611,1,21520
36541,FOUND,1,16637,13682,1,21521
38789,FOUND,1,18598,13856,1,21522
38742,FOUND,1,18552,13852,1,21523
27101,FOUND,1,11738,13631,1,21524
38738,FOUND,1,18548,13831,1,21525
38777,FOUND,1,18586,13682,1,21526
38736,FOUND,1,18546,13863,1,21527
38720,FOUND,1,18531,13854,1,21528
38751,FOUND,1,18560,13832,1,21529
38682,FOUND,1,18494,13826,1,21530
38685,FOUND,1,18497,13828,1,21531
38778,FOUND,1,18587,13862,1,21532
38689,FOUND,1,18501,13831,1,21533
38704,FOUND,1,18515,13828,1,21534
16657,FOUND,1,3990,13507,1,21535
16696,FOUND,1,4026,13521,1,21536
38747,FOUND,1,18557,13863,1,21537
38787,FOUND,1,18596,13846,1,21538
37054,FOUND,1,16965,13705,1,21539
15118,FOUND,1,27502,13466,1,21540
16732,FOUND,1,4059,13530,1,21541
16673,FOUND,1,4006,13513,1,21542
26433,FOUND,1,11076,13571,1,21543
17227,FOUND,1,4474,13571,1,21544
26517,FOUND,1,11160,13614,1,21545
26385,FOUND,1,11029,13612,1,21546
16690,FOUND,1,4020,13517,1,21547
15117,FOUND,1,2517,13482,1,21548
26435,FOUND,1,11078,13612,1,21549
26434,FOUND,1,11077,13468,1,21550
18020,FOUND,1,5089,13554,1,21551
26519,FOUND,1,11162,13613,1,21552
15036,FOUND,1,2445,13466,1,21553
16740,FOUND,1,4067,13534,1,21554
